account_id,customer_id,account_type,branch_name,balance,account_status
100001,1,Savings,Mumbai Main,14187,Blocked
100002,2,Current,Pune Central,23374,Active
100003,3,Salary,Nashik City,32561,Active
100004,4,Savings,Nagpur Main,41748,Active
100005,5,Current,Nanded Branch,50935,Active
100006,6,Salary,Aurangabad Main,60122,Active
100007,7,Savings,Latur Branch,69309,Active
100008,8,Current,Solapur Main,78496,Active
100009,9,Salary,Mumbai Main,87683,Active
100010,10,Savings,Pune Central,96870,Active
100011,11,Current,Nashik City,106057,Active
100012,12,Salary,Nagpur Main,115244,Active
100013,13,Savings,Nanded Branch,124431,Active
100014,14,Current,Aurangabad Main,133618,Active
100015,15,Salary,Latur Branch,142805,Active
100016,16,Savings,Solapur Main,151992,Inactive
100017,17,Current,Mumbai Main,161179,Active
100018,18,Salary,Pune Central,170366,Active
100019,19,Savings,Nashik City,179553,Active
100020,20,Current,Nagpur Main,188740,Active
100021,21,Salary,Nanded Branch,197927,Blocked
100022,22,Savings,Aurangabad Main,207114,Active
100023,23,Current,Latur Branch,216301,Active
100024,24,Salary,Solapur Main,225488,Active
100025,25,Savings,Mumbai Main,234675,Active
100026,26,Current,Pune Central,243862,Active
100027,27,Salary,Nashik City,253049,Active
100028,28,Savings,Nagpur Main,262236,Active
100029,29,Current,Nanded Branch,271423,Active
100030,30,Salary,Aurangabad Main,280610,Active
100031,31,Savings,Latur Branch,289797,Inactive
100032,32,Current,Solapur Main,298984,Active
100033,33,Salary,Mumbai Main,308171,Active
100034,34,Savings,Pune Central,317358,Active
100035,35,Current,Nashik City,326545,Active
100036,36,Salary,Nagpur Main,335732,Active
100037,37,Savings,Nanded Branch,344919,Active
100038,38,Current,Aurangabad Main,354106,Active
100039,39,Salary,Latur Branch,363293,Active
100040,40,Savings,Solapur Main,372480,Active
100041,41,Current,Mumbai Main,381667,Blocked
100042,42,Salary,Pune Central,390854,Active
100043,43,Savings,Nashik City,400041,Active
100044,44,Current,Nagpur Main,409228,Active
100045,45,Salary,Nanded Branch,418415,Active
100046,46,Savings,Aurangabad Main,427602,Inactive
100047,47,Current,Latur Branch,436789,Active
100048,48,Salary,Solapur Main,445976,Active
100049,49,Savings,Mumbai Main,455163,Active
100050,50,Current,Pune Central,464350,Active
100051,51,Salary,Nashik City,473537,Active
100052,52,Savings,Nagpur Main,482724,Active
100053,53,Current,Nanded Branch,491911,Active
100054,54,Salary,Aurangabad Main,6098,Active
100055,55,Savings,Latur Branch,15285,Active
100056,56,Current,Solapur Main,24472,Active
100057,57,Salary,Mumbai Main,33659,Active
100058,58,Savings,Pune Central,42846,Active
100059,59,Current,Nashik City,52033,Active
100060,60,Salary,Nagpur Main,61220,Active
100061,61,Savings,Nanded Branch,70407,Blocked
100062,62,Current,Aurangabad Main,79594,Active
100063,63,Salary,Latur Branch,88781,Active
100064,64,Savings,Solapur Main,97968,Active
100065,65,Current,Mumbai Main,107155,Active
100066,66,Salary,Pune Central,116342,Active
100067,67,Savings,Nashik City,125529,Active
100068,68,Current,Nagpur Main,134716,Active
100069,69,Salary,Nanded Branch,143903,Active
100070,70,Savings,Aurangabad Main,153090,Active
100071,71,Current,Latur Branch,162277,Active
100072,72,Salary,Solapur Main,171464,Active
100073,73,Savings,Mumbai Main,180651,Active
100074,74,Current,Pune Central,189838,Active
100075,75,Salary,Nashik City,199025,Active
100076,76,Savings,Nagpur Main,208212,Inactive
100077,77,Current,Nanded Branch,217399,Active
100078,78,Salary,Aurangabad Main,226586,Active
100079,79,Savings,Latur Branch,235773,Active
100080,80,Current,Solapur Main,244960,Active
100081,81,Salary,Mumbai Main,254147,Blocked
100082,82,Savings,Pune Central,263334,Active
100083,83,Current,Nashik City,272521,Active
100084,84,Salary,Nagpur Main,281708,Active
100085,85,Savings,Nanded Branch,290895,Active
100086,86,Current,Aurangabad Main,300082,Active
100087,87,Salary,Latur Branch,309269,Active
100088,88,Savings,Solapur Main,318456,Active
100089,89,Current,Mumbai Main,327643,Active
100090,90,Salary,Pune Central,336830,Active
100091,91,Savings,Nashik City,346017,Inactive
100092,92,Current,Nagpur Main,355204,Active
100093,93,Salary,Nanded Branch,364391,Active
100094,94,Savings,Aurangabad Main,373578,Active
100095,95,Current,Latur Branch,382765,Active
100096,96,Salary,Solapur Main,391952,Active
100097,97,Savings,Mumbai Main,401139,Active
100098,98,Current,Pune Central,410326,Active
100099,99,Salary,Nashik City,419513,Active
100100,100,Savings,Nagpur Main,428700,Active
100101,101,Current,Nanded Branch,437887,Blocked
100102,102,Salary,Aurangabad Main,447074,Active
100103,103,Savings,Latur Branch,456261,Active
100104,104,Current,Solapur Main,465448,Active
100105,105,Salary,Mumbai Main,474635,Active
100106,106,Savings,Pune Central,483822,Inactive
100107,107,Current,Nashik City,493009,Active
100108,108,Salary,Nagpur Main,7196,Active
100109,109,Savings,Nanded Branch,16383,Active
100110,110,Current,Aurangabad Main,25570,Active
100111,111,Salary,Latur Branch,34757,Active
100112,112,Savings,Solapur Main,43944,Active
100113,113,Current,Mumbai Main,53131,Active
100114,114,Salary,Pune Central,62318,Active
100115,115,Savings,Nashik City,71505,Active
100116,116,Current,Nagpur Main,80692,Active
100117,117,Salary,Nanded Branch,89879,Active
100118,118,Savings,Aurangabad Main,99066,Active
100119,119,Current,Latur Branch,108253,Active
100120,120,Salary,Solapur Main,117440,Active
100121,121,Savings,Mumbai Main,126627,Blocked
100122,122,Current,Pune Central,135814,Active
100123,123,Salary,Nashik City,145001,Active
100124,124,Savings,Nagpur Main,154188,Active
100125,125,Current,Nanded Branch,163375,Active
100126,126,Salary,Aurangabad Main,172562,Active
100127,127,Savings,Latur Branch,181749,Active
100128,128,Current,Solapur Main,190936,Active
100129,129,Salary,Mumbai Main,200123,Active
100130,130,Savings,Pune Central,209310,Active
100131,131,Current,Nashik City,218497,Active
100132,132,Salary,Nagpur Main,227684,Active
100133,133,Savings,Nanded Branch,236871,Active
100134,134,Current,Aurangabad Main,246058,Active
100135,135,Salary,Latur Branch,255245,Active
100136,136,Savings,Solapur Main,264432,Inactive
100137,137,Current,Mumbai Main,273619,Active
100138,138,Salary,Pune Central,282806,Active
100139,139,Savings,Nashik City,291993,Active
100140,140,Current,Nagpur Main,301180,Active
100141,141,Salary,Nanded Branch,310367,Blocked
100142,142,Savings,Aurangabad Main,319554,Active
100143,143,Current,Latur Branch,328741,Active
100144,144,Salary,Solapur Main,337928,Active
100145,145,Savings,Mumbai Main,347115,Active
100146,146,Current,Pune Central,356302,Active
100147,147,Salary,Nashik City,365489,Active
100148,148,Savings,Nagpur Main,374676,Active
100149,149,Current,Nanded Branch,383863,Active
100150,150,Salary,Aurangabad Main,393050,Active
100151,151,Savings,Latur Branch,402237,Inactive
100152,152,Current,Solapur Main,411424,Active
100153,153,Salary,Mumbai Main,420611,Active
100154,154,Savings,Pune Central,429798,Active
100155,155,Current,Nashik City,438985,Active
100156,156,Salary,Nagpur Main,448172,Active
100157,157,Savings,Nanded Branch,457359,Active
100158,158,Current,Aurangabad Main,466546,Active
100159,159,Salary,Latur Branch,475733,Active
100160,160,Savings,Solapur Main,484920,Active
100161,161,Current,Mumbai Main,494107,Blocked
100162,162,Salary,Pune Central,8294,Active
100163,163,Savings,Nashik City,17481,Active
100164,164,Current,Nagpur Main,26668,Active
100165,165,Salary,Nanded Branch,35855,Active
100166,166,Savings,Aurangabad Main,45042,Inactive
100167,167,Current,Latur Branch,54229,Active
100168,168,Salary,Solapur Main,63416,Active
100169,169,Savings,Mumbai Main,72603,Active
100170,170,Current,Pune Central,81790,Active
100171,171,Salary,Nashik City,90977,Active
100172,172,Savings,Nagpur Main,100164,Active
100173,173,Current,Nanded Branch,109351,Active
100174,174,Salary,Aurangabad Main,118538,Active
100175,175,Savings,Latur Branch,127725,Active
100176,176,Current,Solapur Main,136912,Active
100177,177,Salary,Mumbai Main,146099,Active
100178,178,Savings,Pune Central,155286,Active
100179,179,Current,Nashik City,164473,Active
100180,180,Salary,Nagpur Main,173660,Active
100181,181,Savings,Nanded Branch,182847,Blocked
100182,182,Current,Aurangabad Main,192034,Active
100183,183,Salary,Latur Branch,201221,Active
100184,184,Savings,Solapur Main,210408,Active
100185,185,Current,Mumbai Main,219595,Active
100186,186,Salary,Pune Central,228782,Active
100187,187,Savings,Nashik City,237969,Active
100188,188,Current,Nagpur Main,247156,Active
100189,189,Salary,Nanded Branch,256343,Active
100190,190,Savings,Aurangabad Main,265530,Active
100191,191,Current,Latur Branch,274717,Active
100192,192,Salary,Solapur Main,283904,Active
100193,193,Savings,Mumbai Main,293091,Active
100194,194,Current,Pune Central,302278,Active
100195,195,Salary,Nashik City,311465,Active
100196,196,Savings,Nagpur Main,320652,Inactive
100197,197,Current,Nanded Branch,329839,Active
100198,198,Salary,Aurangabad Main,339026,Active
100199,199,Savings,Latur Branch,348213,Active
100200,200,Current,Solapur Main,357400,Active
100201,201,Salary,Mumbai Main,366587,Blocked
100202,202,Savings,Pune Central,375774,Active
100203,203,Current,Nashik City,384961,Active
100204,204,Salary,Nagpur Main,394148,Active
100205,205,Savings,Nanded Branch,403335,Active
100206,206,Current,Aurangabad Main,412522,Active
100207,207,Salary,Latur Branch,421709,Active
100208,208,Savings,Solapur Main,430896,Active
100209,209,Current,Mumbai Main,440083,Active
100210,210,Salary,Pune Central,449270,Active
100211,211,Savings,Nashik City,458457,Inactive
100212,212,Current,Nagpur Main,467644,Active
100213,213,Salary,Nanded Branch,476831,Active
100214,214,Savings,Aurangabad Main,486018,Active
100215,215,Current,Latur Branch,495205,Active
100216,216,Salary,Solapur Main,9392,Active
100217,217,Savings,Mumbai Main,18579,Active
100218,218,Current,Pune Central,27766,Active
100219,219,Salary,Nashik City,36953,Active
100220,220,Savings,Nagpur Main,46140,Active
100221,221,Current,Nanded Branch,55327,Blocked
100222,222,Salary,Aurangabad Main,64514,Active
100223,223,Savings,Latur Branch,73701,Active
100224,224,Current,Solapur Main,82888,Active
100225,225,Salary,Mumbai Main,92075,Active
100226,226,Savings,Pune Central,101262,Inactive
100227,227,Current,Nashik City,110449,Active
100228,228,Salary,Nagpur Main,119636,Active
100229,229,Savings,Nanded Branch,128823,Active
100230,230,Current,Aurangabad Main,138010,Active
100231,231,Salary,Latur Branch,147197,Active
100232,232,Savings,Solapur Main,156384,Active
100233,233,Current,Mumbai Main,165571,Active
100234,234,Salary,Pune Central,174758,Active
100235,235,Savings,Nashik City,183945,Active
100236,236,Current,Nagpur Main,193132,Active
100237,237,Salary,Nanded Branch,202319,Active
100238,238,Savings,Aurangabad Main,211506,Active
100239,239,Current,Latur Branch,220693,Active
100240,240,Salary,Solapur Main,229880,Active
100241,241,Savings,Mumbai Main,239067,Blocked
100242,242,Current,Pune Central,248254,Active
100243,243,Salary,Nashik City,257441,Active
100244,244,Savings,Nagpur Main,266628,Active
100245,245,Current,Nanded Branch,275815,Active
100246,246,Salary,Aurangabad Main,285002,Active
100247,247,Savings,Latur Branch,294189,Active
100248,248,Current,Solapur Main,303376,Active
100249,249,Salary,Mumbai Main,312563,Active
100250,250,Savings,Pune Central,321750,Active
100251,251,Current,Nashik City,330937,Active
100252,252,Salary,Nagpur Main,340124,Active
100253,253,Savings,Nanded Branch,349311,Active
100254,254,Current,Aurangabad Main,358498,Active
100255,255,Salary,Latur Branch,367685,Active
100256,256,Savings,Solapur Main,376872,Inactive
100257,257,Current,Mumbai Main,386059,Active
100258,258,Salary,Pune Central,395246,Active
100259,259,Savings,Nashik City,404433,Active
100260,260,Current,Nagpur Main,413620,Active
100261,261,Salary,Nanded Branch,422807,Blocked
100262,262,Savings,Aurangabad Main,431994,Active
100263,263,Current,Latur Branch,441181,Active
100264,264,Salary,Solapur Main,450368,Active
100265,265,Savings,Mumbai Main,459555,Active
100266,266,Current,Pune Central,468742,Active
100267,267,Salary,Nashik City,477929,Active
100268,268,Savings,Nagpur Main,487116,Active
100269,269,Current,Nanded Branch,496303,Active
100270,270,Salary,Aurangabad Main,10490,Active
100271,271,Savings,Latur Branch,19677,Inactive
100272,272,Current,Solapur Main,28864,Active
100273,273,Salary,Mumbai Main,38051,Active
100274,274,Savings,Pune Central,47238,Active
100275,275,Current,Nashik City,56425,Active
100276,276,Salary,Nagpur Main,65612,Active
100277,277,Savings,Nanded Branch,74799,Active
100278,278,Current,Aurangabad Main,83986,Active
100279,279,Salary,Latur Branch,93173,Active
100280,280,Savings,Solapur Main,102360,Active
100281,281,Current,Mumbai Main,111547,Blocked
100282,282,Salary,Pune Central,120734,Active
100283,283,Savings,Nashik City,129921,Active
100284,284,Current,Nagpur Main,139108,Active
100285,285,Salary,Nanded Branch,148295,Active
100286,286,Savings,Aurangabad Main,157482,Inactive
100287,287,Current,Latur Branch,166669,Active
100288,288,Salary,Solapur Main,175856,Active
100289,289,Savings,Mumbai Main,185043,Active
100290,290,Current,Pune Central,194230,Active
100291,291,Salary,Nashik City,203417,Active
100292,292,Savings,Nagpur Main,212604,Active
100293,293,Current,Nanded Branch,221791,Active
100294,294,Salary,Aurangabad Main,230978,Active
100295,295,Savings,Latur Branch,240165,Active
100296,296,Current,Solapur Main,249352,Active
100297,297,Salary,Mumbai Main,258539,Active
100298,298,Savings,Pune Central,267726,Active
100299,299,Current,Nashik City,276913,Active
100300,300,Salary,Nagpur Main,286100,Active
100301,301,Savings,Nanded Branch,295287,Blocked
100302,302,Current,Aurangabad Main,304474,Active
100303,303,Salary,Latur Branch,313661,Active
100304,304,Savings,Solapur Main,322848,Active
100305,305,Current,Mumbai Main,332035,Active
100306,306,Salary,Pune Central,341222,Active
100307,307,Savings,Nashik City,350409,Active
100308,308,Current,Nagpur Main,359596,Active
100309,309,Salary,Nanded Branch,368783,Active
100310,310,Savings,Aurangabad Main,377970,Active
100311,311,Current,Latur Branch,387157,Active
100312,312,Salary,Solapur Main,396344,Active
100313,313,Savings,Mumbai Main,405531,Active
100314,314,Current,Pune Central,414718,Active
100315,315,Salary,Nashik City,423905,Active
100316,316,Savings,Nagpur Main,433092,Inactive
100317,317,Current,Nanded Branch,442279,Active
100318,318,Salary,Aurangabad Main,451466,Active
100319,319,Savings,Latur Branch,460653,Active
100320,320,Current,Solapur Main,469840,Active
100321,321,Salary,Mumbai Main,479027,Blocked
100322,322,Savings,Pune Central,488214,Active
100323,323,Current,Nashik City,497401,Active
100324,324,Salary,Nagpur Main,11588,Active
100325,325,Savings,Nanded Branch,20775,Active
100326,326,Current,Aurangabad Main,29962,Active
100327,327,Salary,Latur Branch,39149,Active
100328,328,Savings,Solapur Main,48336,Active
100329,329,Current,Mumbai Main,57523,Active
100330,330,Salary,Pune Central,66710,Active
100331,331,Savings,Nashik City,75897,Inactive
100332,332,Current,Nagpur Main,85084,Active
100333,333,Salary,Nanded Branch,94271,Active
100334,334,Savings,Aurangabad Main,103458,Active
100335,335,Current,Latur Branch,112645,Active
100336,336,Salary,Solapur Main,121832,Active
100337,337,Savings,Mumbai Main,131019,Active
100338,338,Current,Pune Central,140206,Active
100339,339,Salary,Nashik City,149393,Active
100340,340,Savings,Nagpur Main,158580,Active
100341,341,Current,Nanded Branch,167767,Blocked
100342,342,Salary,Aurangabad Main,176954,Active
100343,343,Savings,Latur Branch,186141,Active
100344,344,Current,Solapur Main,195328,Active
100345,345,Salary,Mumbai Main,204515,Active
100346,346,Savings,Pune Central,213702,Inactive
100347,347,Current,Nashik City,222889,Active
100348,348,Salary,Nagpur Main,232076,Active
100349,349,Savings,Nanded Branch,241263,Active
100350,350,Current,Aurangabad Main,250450,Active
100351,351,Salary,Latur Branch,259637,Active
100352,352,Savings,Solapur Main,268824,Active
100353,353,Current,Mumbai Main,278011,Active
100354,354,Salary,Pune Central,287198,Active
100355,355,Savings,Nashik City,296385,Active
100356,356,Current,Nagpur Main,305572,Active
100357,357,Salary,Nanded Branch,314759,Active
100358,358,Savings,Aurangabad Main,323946,Active
100359,359,Current,Latur Branch,333133,Active
100360,360,Salary,Solapur Main,342320,Active
100361,361,Savings,Mumbai Main,351507,Blocked
100362,362,Current,Pune Central,360694,Active
100363,363,Salary,Nashik City,369881,Active
100364,364,Savings,Nagpur Main,379068,Active
100365,365,Current,Nanded Branch,388255,Active
100366,366,Salary,Aurangabad Main,397442,Active
100367,367,Savings,Latur Branch,406629,Active
100368,368,Current,Solapur Main,415816,Active
100369,369,Salary,Mumbai Main,425003,Active
100370,370,Savings,Pune Central,434190,Active
100371,371,Current,Nashik City,443377,Active
100372,372,Salary,Nagpur Main,452564,Active
100373,373,Savings,Nanded Branch,461751,Active
100374,374,Current,Aurangabad Main,470938,Active
100375,375,Salary,Latur Branch,480125,Active
100376,376,Savings,Solapur Main,489312,Inactive
100377,377,Current,Mumbai Main,498499,Active
100378,378,Salary,Pune Central,12686,Active
100379,379,Savings,Nashik City,21873,Active
100380,380,Current,Nagpur Main,31060,Active
100381,381,Salary,Nanded Branch,40247,Blocked
100382,382,Savings,Aurangabad Main,49434,Active
100383,383,Current,Latur Branch,58621,Active
100384,384,Salary,Solapur Main,67808,Active
100385,385,Savings,Mumbai Main,76995,Active
100386,386,Current,Pune Central,86182,Active
100387,387,Salary,Nashik City,95369,Active
100388,388,Savings,Nagpur Main,104556,Active
100389,389,Current,Nanded Branch,113743,Active
100390,390,Salary,Aurangabad Main,122930,Active
100391,391,Savings,Latur Branch,132117,Inactive
100392,392,Current,Solapur Main,141304,Active
100393,393,Salary,Mumbai Main,150491,Active
100394,394,Savings,Pune Central,159678,Active
100395,395,Current,Nashik City,168865,Active
100396,396,Salary,Nagpur Main,178052,Active
100397,397,Savings,Nanded Branch,187239,Active
100398,398,Current,Aurangabad Main,196426,Active
100399,399,Salary,Latur Branch,205613,Active
100400,400,Savings,Solapur Main,214800,Active
100401,401,Current,Mumbai Main,223987,Blocked
100402,402,Salary,Pune Central,233174,Active
100403,403,Savings,Nashik City,242361,Active
100404,404,Current,Nagpur Main,251548,Active
100405,405,Salary,Nanded Branch,260735,Active
100406,406,Savings,Aurangabad Main,269922,Inactive
100407,407,Current,Latur Branch,279109,Active
100408,408,Salary,Solapur Main,288296,Active
100409,409,Savings,Mumbai Main,297483,Active
100410,410,Current,Pune Central,306670,Active
100411,411,Salary,Nashik City,315857,Active
100412,412,Savings,Nagpur Main,325044,Active
100413,413,Current,Nanded Branch,334231,Active
100414,414,Salary,Aurangabad Main,343418,Active
100415,415,Savings,Latur Branch,352605,Active
100416,416,Current,Solapur Main,361792,Active
100417,417,Salary,Mumbai Main,370979,Active
100418,418,Savings,Pune Central,380166,Active
100419,419,Current,Nashik City,389353,Active
100420,420,Salary,Nagpur Main,398540,Active
100421,421,Savings,Nanded Branch,407727,Blocked
100422,422,Current,Aurangabad Main,416914,Active
100423,423,Salary,Latur Branch,426101,Active
100424,424,Savings,Solapur Main,435288,Active
100425,425,Current,Mumbai Main,444475,Active
100426,426,Salary,Pune Central,453662,Active
100427,427,Savings,Nashik City,462849,Active
100428,428,Current,Nagpur Main,472036,Active
100429,429,Salary,Nanded Branch,481223,Active
100430,430,Savings,Aurangabad Main,490410,Active
100431,431,Current,Latur Branch,499597,Active
100432,432,Salary,Solapur Main,13784,Active
100433,433,Savings,Mumbai Main,22971,Active
100434,434,Current,Pune Central,32158,Active
100435,435,Salary,Nashik City,41345,Active
100436,436,Savings,Nagpur Main,50532,Inactive
100437,437,Current,Nanded Branch,59719,Active
100438,438,Salary,Aurangabad Main,68906,Active
100439,439,Savings,Latur Branch,78093,Active
100440,440,Current,Solapur Main,87280,Active
100441,441,Salary,Mumbai Main,96467,Blocked
100442,442,Savings,Pune Central,105654,Active
100443,443,Current,Nashik City,114841,Active
100444,444,Salary,Nagpur Main,124028,Active
100445,445,Savings,Nanded Branch,133215,Active
100446,446,Current,Aurangabad Main,142402,Active
100447,447,Salary,Latur Branch,151589,Active
100448,448,Savings,Solapur Main,160776,Active
100449,449,Current,Mumbai Main,169963,Active
100450,450,Salary,Pune Central,179150,Active
100451,451,Savings,Nashik City,188337,Inactive
100452,452,Current,Nagpur Main,197524,Active
100453,453,Salary,Nanded Branch,206711,Active
100454,454,Savings,Aurangabad Main,215898,Active
100455,455,Current,Latur Branch,225085,Active
100456,456,Salary,Solapur Main,234272,Active
100457,457,Savings,Mumbai Main,243459,Active
100458,458,Current,Pune Central,252646,Active
100459,459,Salary,Nashik City,261833,Active
100460,460,Savings,Nagpur Main,271020,Active
100461,461,Current,Nanded Branch,280207,Blocked
100462,462,Salary,Aurangabad Main,289394,Active
100463,463,Savings,Latur Branch,298581,Active
100464,464,Current,Solapur Main,307768,Active
100465,465,Salary,Mumbai Main,316955,Active
100466,466,Savings,Pune Central,326142,Inactive
100467,467,Current,Nashik City,335329,Active
100468,468,Salary,Nagpur Main,344516,Active
100469,469,Savings,Nanded Branch,353703,Active
100470,470,Current,Aurangabad Main,362890,Active
100471,471,Salary,Latur Branch,372077,Active
100472,472,Savings,Solapur Main,381264,Active
100473,473,Current,Mumbai Main,390451,Active
100474,474,Salary,Pune Central,399638,Active
100475,475,Savings,Nashik City,408825,Active
100476,476,Current,Nagpur Main,418012,Active
100477,477,Salary,Nanded Branch,427199,Active
100478,478,Savings,Aurangabad Main,436386,Active
100479,479,Current,Latur Branch,445573,Active
100480,480,Salary,Solapur Main,454760,Active
100481,481,Savings,Mumbai Main,463947,Blocked
100482,482,Current,Pune Central,473134,Active
100483,483,Salary,Nashik City,482321,Active
100484,484,Savings,Nagpur Main,491508,Active
100485,485,Current,Nanded Branch,5695,Active
100486,486,Salary,Aurangabad Main,14882,Active
100487,487,Savings,Latur Branch,24069,Active
100488,488,Current,Solapur Main,33256,Active
100489,489,Salary,Mumbai Main,42443,Active
100490,490,Savings,Pune Central,51630,Active
100491,491,Current,Nashik City,60817,Active
100492,492,Salary,Nagpur Main,70004,Active
100493,493,Savings,Nanded Branch,79191,Active
100494,494,Current,Aurangabad Main,88378,Active
100495,495,Salary,Latur Branch,97565,Active
100496,496,Savings,Solapur Main,106752,Inactive
100497,497,Current,Mumbai Main,115939,Active
100498,498,Salary,Pune Central,125126,Active
100499,499,Savings,Nashik City,134313,Active
100500,500,Current,Nagpur Main,143500,Active
100501,501,Salary,Nanded Branch,152687,Blocked
100502,502,Savings,Aurangabad Main,161874,Active
100503,503,Current,Latur Branch,171061,Active
100504,504,Salary,Solapur Main,180248,Active
100505,505,Savings,Mumbai Main,189435,Active
100506,506,Current,Pune Central,198622,Active
100507,507,Salary,Nashik City,207809,Active
100508,508,Savings,Nagpur Main,216996,Active
100509,509,Current,Nanded Branch,226183,Active
100510,510,Salary,Aurangabad Main,235370,Active
100511,511,Savings,Latur Branch,244557,Inactive
100512,512,Current,Solapur Main,253744,Active
100513,513,Salary,Mumbai Main,262931,Active
100514,514,Savings,Pune Central,272118,Active
100515,515,Current,Nashik City,281305,Active
100516,516,Salary,Nagpur Main,290492,Active
100517,517,Savings,Nanded Branch,299679,Active
100518,518,Current,Aurangabad Main,308866,Active
100519,519,Salary,Latur Branch,318053,Active
100520,520,Savings,Solapur Main,327240,Active
100521,521,Current,Mumbai Main,336427,Blocked
100522,522,Salary,Pune Central,345614,Active
100523,523,Savings,Nashik City,354801,Active
100524,524,Current,Nagpur Main,363988,Active
100525,525,Salary,Nanded Branch,373175,Active
100526,526,Savings,Aurangabad Main,382362,Inactive
100527,527,Current,Latur Branch,391549,Active
100528,528,Salary,Solapur Main,400736,Active
100529,529,Savings,Mumbai Main,409923,Active
100530,530,Current,Pune Central,419110,Active
100531,531,Salary,Nashik City,428297,Active
100532,532,Savings,Nagpur Main,437484,Active
100533,533,Current,Nanded Branch,446671,Active
100534,534,Salary,Aurangabad Main,455858,Active
100535,535,Savings,Latur Branch,465045,Active
100536,536,Current,Solapur Main,474232,Active
100537,537,Salary,Mumbai Main,483419,Active
100538,538,Savings,Pune Central,492606,Active
100539,539,Current,Nashik City,6793,Active
100540,540,Salary,Nagpur Main,15980,Active
100541,541,Savings,Nanded Branch,25167,Blocked
100542,542,Current,Aurangabad Main,34354,Active
100543,543,Salary,Latur Branch,43541,Active
100544,544,Savings,Solapur Main,52728,Active
100545,545,Current,Mumbai Main,61915,Active
100546,546,Salary,Pune Central,71102,Active
100547,547,Savings,Nashik City,80289,Active
100548,548,Current,Nagpur Main,89476,Active
100549,549,Salary,Nanded Branch,98663,Active
100550,550,Savings,Aurangabad Main,107850,Active
100551,551,Current,Latur Branch,117037,Active
100552,552,Salary,Solapur Main,126224,Active
100553,553,Savings,Mumbai Main,135411,Active
100554,554,Current,Pune Central,144598,Active
100555,555,Salary,Nashik City,153785,Active
100556,556,Savings,Nagpur Main,162972,Inactive
100557,557,Current,Nanded Branch,172159,Active
100558,558,Salary,Aurangabad Main,181346,Active
100559,559,Savings,Latur Branch,190533,Active
100560,560,Current,Solapur Main,199720,Active
100561,561,Salary,Mumbai Main,208907,Blocked
100562,562,Savings,Pune Central,218094,Active
100563,563,Current,Nashik City,227281,Active
100564,564,Salary,Nagpur Main,236468,Active
100565,565,Savings,Nanded Branch,245655,Active
100566,566,Current,Aurangabad Main,254842,Active
100567,567,Salary,Latur Branch,264029,Active
100568,568,Savings,Solapur Main,273216,Active
100569,569,Current,Mumbai Main,282403,Active
100570,570,Salary,Pune Central,291590,Active
100571,571,Savings,Nashik City,300777,Inactive
100572,572,Current,Nagpur Main,309964,Active
100573,573,Salary,Nanded Branch,319151,Active
100574,574,Savings,Aurangabad Main,328338,Active
100575,575,Current,Latur Branch,337525,Active
100576,576,Salary,Solapur Main,346712,Active
100577,577,Savings,Mumbai Main,355899,Active
100578,578,Current,Pune Central,365086,Active
100579,579,Salary,Nashik City,374273,Active
100580,580,Savings,Nagpur Main,383460,Active
100581,581,Current,Nanded Branch,392647,Blocked
100582,582,Salary,Aurangabad Main,401834,Active
100583,583,Savings,Latur Branch,411021,Active
100584,584,Current,Solapur Main,420208,Active
100585,585,Salary,Mumbai Main,429395,Active
100586,586,Savings,Pune Central,438582,Inactive
100587,587,Current,Nashik City,447769,Active
100588,588,Salary,Nagpur Main,456956,Active
100589,589,Savings,Nanded Branch,466143,Active
100590,590,Current,Aurangabad Main,475330,Active
100591,591,Salary,Latur Branch,484517,Active
100592,592,Savings,Solapur Main,493704,Active
100593,593,Current,Mumbai Main,7891,Active
100594,594,Salary,Pune Central,17078,Active
100595,595,Savings,Nashik City,26265,Active
100596,596,Current,Nagpur Main,35452,Active
100597,597,Salary,Nanded Branch,44639,Active
100598,598,Savings,Aurangabad Main,53826,Active
100599,599,Current,Latur Branch,63013,Active
100600,600,Salary,Solapur Main,72200,Active
100601,601,Savings,Mumbai Main,81387,Blocked
100602,602,Current,Pune Central,90574,Active
100603,603,Salary,Nashik City,99761,Active
100604,604,Savings,Nagpur Main,108948,Active
100605,605,Current,Nanded Branch,118135,Active
100606,606,Salary,Aurangabad Main,127322,Active
100607,607,Savings,Latur Branch,136509,Active
100608,608,Current,Solapur Main,145696,Active
100609,609,Salary,Mumbai Main,154883,Active
100610,610,Savings,Pune Central,164070,Active
100611,611,Current,Nashik City,173257,Active
100612,612,Salary,Nagpur Main,182444,Active
100613,613,Savings,Nanded Branch,191631,Active
100614,614,Current,Aurangabad Main,200818,Active
100615,615,Salary,Latur Branch,210005,Active
100616,616,Savings,Solapur Main,219192,Inactive
100617,617,Current,Mumbai Main,228379,Active
100618,618,Salary,Pune Central,237566,Active
100619,619,Savings,Nashik City,246753,Active
100620,620,Current,Nagpur Main,255940,Active
100621,621,Salary,Nanded Branch,265127,Blocked
100622,622,Savings,Aurangabad Main,274314,Active
100623,623,Current,Latur Branch,283501,Active
100624,624,Salary,Solapur Main,292688,Active
100625,625,Savings,Mumbai Main,301875,Active
100626,626,Current,Pune Central,311062,Active
100627,627,Salary,Nashik City,320249,Active
100628,628,Savings,Nagpur Main,329436,Active
100629,629,Current,Nanded Branch,338623,Active
100630,630,Salary,Aurangabad Main,347810,Active
100631,631,Savings,Latur Branch,356997,Inactive
100632,632,Current,Solapur Main,366184,Active
100633,633,Salary,Mumbai Main,375371,Active
100634,634,Savings,Pune Central,384558,Active
100635,635,Current,Nashik City,393745,Active
100636,636,Salary,Nagpur Main,402932,Active
100637,637,Savings,Nanded Branch,412119,Active
100638,638,Current,Aurangabad Main,421306,Active
100639,639,Salary,Latur Branch,430493,Active
100640,640,Savings,Solapur Main,439680,Active
100641,641,Current,Mumbai Main,448867,Blocked
100642,642,Salary,Pune Central,458054,Active
100643,643,Savings,Nashik City,467241,Active
100644,644,Current,Nagpur Main,476428,Active
100645,645,Salary,Nanded Branch,485615,Active
100646,646,Savings,Aurangabad Main,494802,Inactive
100647,647,Current,Latur Branch,8989,Active
100648,648,Salary,Solapur Main,18176,Active
100649,649,Savings,Mumbai Main,27363,Active
100650,650,Current,Pune Central,36550,Active
100651,651,Salary,Nashik City,45737,Active
100652,652,Savings,Nagpur Main,54924,Active
100653,653,Current,Nanded Branch,64111,Active
100654,654,Salary,Aurangabad Main,73298,Active
100655,655,Savings,Latur Branch,82485,Active
100656,656,Current,Solapur Main,91672,Active
100657,657,Salary,Mumbai Main,100859,Active
100658,658,Savings,Pune Central,110046,Active
100659,659,Current,Nashik City,119233,Active
100660,660,Salary,Nagpur Main,128420,Active
100661,661,Savings,Nanded Branch,137607,Blocked
100662,662,Current,Aurangabad Main,146794,Active
100663,663,Salary,Latur Branch,155981,Active
100664,664,Savings,Solapur Main,165168,Active
100665,665,Current,Mumbai Main,174355,Active
100666,666,Salary,Pune Central,183542,Active
100667,667,Savings,Nashik City,192729,Active
100668,668,Current,Nagpur Main,201916,Active
100669,669,Salary,Nanded Branch,211103,Active
100670,670,Savings,Aurangabad Main,220290,Active
100671,671,Current,Latur Branch,229477,Active
100672,672,Salary,Solapur Main,238664,Active
100673,673,Savings,Mumbai Main,247851,Active
100674,674,Current,Pune Central,257038,Active
100675,675,Salary,Nashik City,266225,Active
100676,676,Savings,Nagpur Main,275412,Inactive
100677,677,Current,Nanded Branch,284599,Active
100678,678,Salary,Aurangabad Main,293786,Active
100679,679,Savings,Latur Branch,302973,Active
100680,680,Current,Solapur Main,312160,Active
100681,681,Salary,Mumbai Main,321347,Blocked
100682,682,Savings,Pune Central,330534,Active
100683,683,Current,Nashik City,339721,Active
100684,684,Salary,Nagpur Main,348908,Active
100685,685,Savings,Nanded Branch,358095,Active
100686,686,Current,Aurangabad Main,367282,Active
100687,687,Salary,Latur Branch,376469,Active
100688,688,Savings,Solapur Main,385656,Active
100689,689,Current,Mumbai Main,394843,Active
100690,690,Salary,Pune Central,404030,Active
100691,691,Savings,Nashik City,413217,Inactive
100692,692,Current,Nagpur Main,422404,Active
100693,693,Salary,Nanded Branch,431591,Active
100694,694,Savings,Aurangabad Main,440778,Active
100695,695,Current,Latur Branch,449965,Active
100696,696,Salary,Solapur Main,459152,Active
100697,697,Savings,Mumbai Main,468339,Active
100698,698,Current,Pune Central,477526,Active
100699,699,Salary,Nashik City,486713,Active
100700,700,Savings,Nagpur Main,495900,Active
100701,701,Current,Nanded Branch,10087,Blocked
100702,702,Salary,Aurangabad Main,19274,Active
100703,703,Savings,Latur Branch,28461,Active
100704,704,Current,Solapur Main,37648,Active
100705,705,Salary,Mumbai Main,46835,Active
100706,706,Savings,Pune Central,56022,Inactive
100707,707,Current,Nashik City,65209,Active
100708,708,Salary,Nagpur Main,74396,Active
100709,709,Savings,Nanded Branch,83583,Active
100710,710,Current,Aurangabad Main,92770,Active
100711,711,Salary,Latur Branch,101957,Active
100712,712,Savings,Solapur Main,111144,Active
100713,713,Current,Mumbai Main,120331,Active
100714,714,Salary,Pune Central,129518,Active
100715,715,Savings,Nashik City,138705,Active
100716,716,Current,Nagpur Main,147892,Active
100717,717,Salary,Nanded Branch,157079,Active
100718,718,Savings,Aurangabad Main,166266,Active
100719,719,Current,Latur Branch,175453,Active
100720,720,Salary,Solapur Main,184640,Active
100721,721,Savings,Mumbai Main,193827,Blocked
100722,722,Current,Pune Central,203014,Active
100723,723,Salary,Nashik City,212201,Active
100724,724,Savings,Nagpur Main,221388,Active
100725,725,Current,Nanded Branch,230575,Active
100726,726,Salary,Aurangabad Main,239762,Active
100727,727,Savings,Latur Branch,248949,Active
100728,728,Current,Solapur Main,258136,Active
100729,729,Salary,Mumbai Main,267323,Active
100730,730,Savings,Pune Central,276510,Active
100731,731,Current,Nashik City,285697,Active
100732,732,Salary,Nagpur Main,294884,Active
100733,733,Savings,Nanded Branch,304071,Active
100734,734,Current,Aurangabad Main,313258,Active
100735,735,Salary,Latur Branch,322445,Active
100736,736,Savings,Solapur Main,331632,Inactive
100737,737,Current,Mumbai Main,340819,Active
100738,738,Salary,Pune Central,350006,Active
100739,739,Savings,Nashik City,359193,Active
100740,740,Current,Nagpur Main,368380,Active
100741,741,Salary,Nanded Branch,377567,Blocked
100742,742,Savings,Aurangabad Main,386754,Active
100743,743,Current,Latur Branch,395941,Active
100744,744,Salary,Solapur Main,405128,Active
100745,745,Savings,Mumbai Main,414315,Active
100746,746,Current,Pune Central,423502,Active
100747,747,Salary,Nashik City,432689,Active
100748,748,Savings,Nagpur Main,441876,Active
100749,749,Current,Nanded Branch,451063,Active
100750,750,Salary,Aurangabad Main,460250,Active
100751,751,Savings,Latur Branch,469437,Inactive
100752,752,Current,Solapur Main,478624,Active
100753,753,Salary,Mumbai Main,487811,Active
100754,754,Savings,Pune Central,496998,Active
100755,755,Current,Nashik City,11185,Active
100756,756,Salary,Nagpur Main,20372,Active
100757,757,Savings,Nanded Branch,29559,Active
100758,758,Current,Aurangabad Main,38746,Active
100759,759,Salary,Latur Branch,47933,Active
100760,760,Savings,Solapur Main,57120,Active
100761,761,Current,Mumbai Main,66307,Blocked
100762,762,Salary,Pune Central,75494,Active
100763,763,Savings,Nashik City,84681,Active
100764,764,Current,Nagpur Main,93868,Active
100765,765,Salary,Nanded Branch,103055,Active
100766,766,Savings,Aurangabad Main,112242,Inactive
100767,767,Current,Latur Branch,121429,Active
100768,768,Salary,Solapur Main,130616,Active
100769,769,Savings,Mumbai Main,139803,Active
100770,770,Current,Pune Central,148990,Active
100771,771,Salary,Nashik City,158177,Active
100772,772,Savings,Nagpur Main,167364,Active
100773,773,Current,Nanded Branch,176551,Active
100774,774,Salary,Aurangabad Main,185738,Active
100775,775,Savings,Latur Branch,194925,Active
100776,776,Current,Solapur Main,204112,Active
100777,777,Salary,Mumbai Main,213299,Active
100778,778,Savings,Pune Central,222486,Active
100779,779,Current,Nashik City,231673,Active
100780,780,Salary,Nagpur Main,240860,Active
100781,781,Savings,Nanded Branch,250047,Blocked
100782,782,Current,Aurangabad Main,259234,Active
100783,783,Salary,Latur Branch,268421,Active
100784,784,Savings,Solapur Main,277608,Active
100785,785,Current,Mumbai Main,286795,Active
100786,786,Salary,Pune Central,295982,Active
100787,787,Savings,Nashik City,305169,Active
100788,788,Current,Nagpur Main,314356,Active
100789,789,Salary,Nanded Branch,323543,Active
100790,790,Savings,Aurangabad Main,332730,Active
100791,791,Current,Latur Branch,341917,Active
100792,792,Salary,Solapur Main,351104,Active
100793,793,Savings,Mumbai Main,360291,Active
100794,794,Current,Pune Central,369478,Active
100795,795,Salary,Nashik City,378665,Active
100796,796,Savings,Nagpur Main,387852,Inactive
100797,797,Current,Nanded Branch,397039,Active
100798,798,Salary,Aurangabad Main,406226,Active
100799,799,Savings,Latur Branch,415413,Active
100800,800,Current,Solapur Main,424600,Active
100801,801,Salary,Mumbai Main,433787,Blocked
100802,802,Savings,Pune Central,442974,Active
100803,803,Current,Nashik City,452161,Active
100804,804,Salary,Nagpur Main,461348,Active
100805,805,Savings,Nanded Branch,470535,Active
100806,806,Current,Aurangabad Main,479722,Active
100807,807,Salary,Latur Branch,488909,Active
100808,808,Savings,Solapur Main,498096,Active
100809,809,Current,Mumbai Main,12283,Active
100810,810,Salary,Pune Central,21470,Active
100811,811,Savings,Nashik City,30657,Inactive
100812,812,Current,Nagpur Main,39844,Active
100813,813,Salary,Nanded Branch,49031,Active
100814,814,Savings,Aurangabad Main,58218,Active
100815,815,Current,Latur Branch,67405,Active
100816,816,Salary,Solapur Main,76592,Active
100817,817,Savings,Mumbai Main,85779,Active
100818,818,Current,Pune Central,94966,Active
100819,819,Salary,Nashik City,104153,Active
100820,820,Savings,Nagpur Main,113340,Active
100821,821,Current,Nanded Branch,122527,Blocked
100822,822,Salary,Aurangabad Main,131714,Active
100823,823,Savings,Latur Branch,140901,Active
100824,824,Current,Solapur Main,150088,Active
100825,825,Salary,Mumbai Main,159275,Active
100826,826,Savings,Pune Central,168462,Inactive
100827,827,Current,Nashik City,177649,Active
100828,828,Salary,Nagpur Main,186836,Active
100829,829,Savings,Nanded Branch,196023,Active
100830,830,Current,Aurangabad Main,205210,Active
100831,831,Salary,Latur Branch,214397,Active
100832,832,Savings,Solapur Main,223584,Active
100833,833,Current,Mumbai Main,232771,Active
100834,834,Salary,Pune Central,241958,Active
100835,835,Savings,Nashik City,251145,Active
100836,836,Current,Nagpur Main,260332,Active
100837,837,Salary,Nanded Branch,269519,Active
100838,838,Savings,Aurangabad Main,278706,Active
100839,839,Current,Latur Branch,287893,Active
100840,840,Salary,Solapur Main,297080,Active
100841,841,Savings,Mumbai Main,306267,Blocked
100842,842,Current,Pune Central,315454,Active
100843,843,Salary,Nashik City,324641,Active
100844,844,Savings,Nagpur Main,333828,Active
100845,845,Current,Nanded Branch,343015,Active
100846,846,Salary,Aurangabad Main,352202,Active
100847,847,Savings,Latur Branch,361389,Active
100848,848,Current,Solapur Main,370576,Active
100849,849,Salary,Mumbai Main,379763,Active
100850,850,Savings,Pune Central,388950,Active
100851,851,Current,Nashik City,398137,Active
100852,852,Salary,Nagpur Main,407324,Active
100853,853,Savings,Nanded Branch,416511,Active
100854,854,Current,Aurangabad Main,425698,Active
100855,855,Salary,Latur Branch,434885,Active
100856,856,Savings,Solapur Main,444072,Inactive
100857,857,Current,Mumbai Main,453259,Active
100858,858,Salary,Pune Central,462446,Active
100859,859,Savings,Nashik City,471633,Active
100860,860,Current,Nagpur Main,480820,Active
100861,861,Salary,Nanded Branch,490007,Blocked
100862,862,Savings,Aurangabad Main,499194,Active
100863,863,Current,Latur Branch,13381,Active
100864,864,Salary,Solapur Main,22568,Active
100865,865,Savings,Mumbai Main,31755,Active
100866,866,Current,Pune Central,40942,Active
100867,867,Salary,Nashik City,50129,Active
100868,868,Savings,Nagpur Main,59316,Active
100869,869,Current,Nanded Branch,68503,Active
100870,870,Salary,Aurangabad Main,77690,Active
100871,871,Savings,Latur Branch,86877,Inactive
100872,872,Current,Solapur Main,96064,Active
100873,873,Salary,Mumbai Main,105251,Active
100874,874,Savings,Pune Central,114438,Active
100875,875,Current,Nashik City,123625,Active
100876,876,Salary,Nagpur Main,132812,Active
100877,877,Savings,Nanded Branch,141999,Active
100878,878,Current,Aurangabad Main,151186,Active
100879,879,Salary,Latur Branch,160373,Active
100880,880,Savings,Solapur Main,169560,Active
100881,881,Current,Mumbai Main,178747,Blocked
100882,882,Salary,Pune Central,187934,Active
100883,883,Savings,Nashik City,197121,Active
100884,884,Current,Nagpur Main,206308,Active
100885,885,Salary,Nanded Branch,215495,Active
100886,886,Savings,Aurangabad Main,224682,Inactive
100887,887,Current,Latur Branch,233869,Active
100888,888,Salary,Solapur Main,243056,Active
100889,889,Savings,Mumbai Main,252243,Active
100890,890,Current,Pune Central,261430,Active
100891,891,Salary,Nashik City,270617,Active
100892,892,Savings,Nagpur Main,279804,Active
100893,893,Current,Nanded Branch,288991,Active
100894,894,Salary,Aurangabad Main,298178,Active
100895,895,Savings,Latur Branch,307365,Active
100896,896,Current,Solapur Main,316552,Active
100897,897,Salary,Mumbai Main,325739,Active
100898,898,Savings,Pune Central,334926,Active
100899,899,Current,Nashik City,344113,Active
100900,900,Salary,Nagpur Main,353300,Active
100901,901,Savings,Nanded Branch,362487,Blocked
100902,902,Current,Aurangabad Main,371674,Active
100903,903,Salary,Latur Branch,380861,Active
100904,904,Savings,Solapur Main,390048,Active
100905,905,Current,Mumbai Main,399235,Active
100906,906,Salary,Pune Central,408422,Active
100907,907,Savings,Nashik City,417609,Active
100908,908,Current,Nagpur Main,426796,Active
100909,909,Salary,Nanded Branch,435983,Active
100910,910,Savings,Aurangabad Main,445170,Active
100911,911,Current,Latur Branch,454357,Active
100912,912,Salary,Solapur Main,463544,Active
100913,913,Savings,Mumbai Main,472731,Active
100914,914,Current,Pune Central,481918,Active
100915,915,Salary,Nashik City,491105,Active
100916,916,Savings,Nagpur Main,5292,Inactive
100917,917,Current,Nanded Branch,14479,Active
100918,918,Salary,Aurangabad Main,23666,Active
100919,919,Savings,Latur Branch,32853,Active
100920,920,Current,Solapur Main,42040,Active
100921,921,Salary,Mumbai Main,51227,Blocked
100922,922,Savings,Pune Central,60414,Active
100923,923,Current,Nashik City,69601,Active
100924,924,Salary,Nagpur Main,78788,Active
100925,925,Savings,Nanded Branch,87975,Active
100926,926,Current,Aurangabad Main,97162,Active
100927,927,Salary,Latur Branch,106349,Active
100928,928,Savings,Solapur Main,115536,Active
100929,929,Current,Mumbai Main,124723,Active
100930,930,Salary,Pune Central,133910,Active
100931,931,Savings,Nashik City,143097,Inactive
100932,932,Current,Nagpur Main,152284,Active
100933,933,Salary,Nanded Branch,161471,Active
100934,934,Savings,Aurangabad Main,170658,Active
100935,935,Current,Latur Branch,179845,Active
100936,936,Salary,Solapur Main,189032,Active
100937,937,Savings,Mumbai Main,198219,Active
100938,938,Current,Pune Central,207406,Active
100939,939,Salary,Nashik City,216593,Active
100940,940,Savings,Nagpur Main,225780,Active
100941,941,Current,Nanded Branch,234967,Blocked
100942,942,Salary,Aurangabad Main,244154,Active
100943,943,Savings,Latur Branch,253341,Active
100944,944,Current,Solapur Main,262528,Active
100945,945,Salary,Mumbai Main,271715,Active
100946,946,Savings,Pune Central,280902,Inactive
100947,947,Current,Nashik City,290089,Active
100948,948,Salary,Nagpur Main,299276,Active
100949,949,Savings,Nanded Branch,308463,Active
100950,950,Current,Aurangabad Main,317650,Active
100951,951,Salary,Latur Branch,326837,Active
100952,952,Savings,Solapur Main,336024,Active
100953,953,Current,Mumbai Main,345211,Active
100954,954,Salary,Pune Central,354398,Active
100955,955,Savings,Nashik City,363585,Active
100956,956,Current,Nagpur Main,372772,Active
100957,957,Salary,Nanded Branch,381959,Active
100958,958,Savings,Aurangabad Main,391146,Active
100959,959,Current,Latur Branch,400333,Active
100960,960,Salary,Solapur Main,409520,Active
100961,961,Savings,Mumbai Main,418707,Blocked
100962,962,Current,Pune Central,427894,Active
100963,963,Salary,Nashik City,437081,Active
100964,964,Savings,Nagpur Main,446268,Active
100965,965,Current,Nanded Branch,455455,Active
100966,966,Salary,Aurangabad Main,464642,Active
100967,967,Savings,Latur Branch,473829,Active
100968,968,Current,Solapur Main,483016,Active
100969,969,Salary,Mumbai Main,492203,Active
100970,970,Savings,Pune Central,6390,Active
100971,971,Current,Nashik City,15577,Active
100972,972,Salary,Nagpur Main,24764,Active
100973,973,Savings,Nanded Branch,33951,Active
100974,974,Current,Aurangabad Main,43138,Active
100975,975,Salary,Latur Branch,52325,Active
100976,976,Savings,Solapur Main,61512,Inactive
100977,977,Current,Mumbai Main,70699,Active
100978,978,Salary,Pune Central,79886,Active
100979,979,Savings,Nashik City,89073,Active
100980,980,Current,Nagpur Main,98260,Active
100981,981,Salary,Nanded Branch,107447,Blocked
100982,982,Savings,Aurangabad Main,116634,Active
100983,983,Current,Latur Branch,125821,Active
100984,984,Salary,Solapur Main,135008,Active
100985,985,Savings,Mumbai Main,144195,Active
100986,986,Current,Pune Central,153382,Active
100987,987,Salary,Nashik City,162569,Active
100988,988,Savings,Nagpur Main,171756,Active
100989,989,Current,Nanded Branch,180943,Active
100990,990,Salary,Aurangabad Main,190130,Active
100991,991,Savings,Latur Branch,199317,Inactive
100992,992,Current,Solapur Main,208504,Active
100993,993,Salary,Mumbai Main,217691,Active
100994,994,Savings,Pune Central,226878,Active
100995,995,Current,Nashik City,236065,Active
100996,996,Salary,Nagpur Main,245252,Active
100997,997,Savings,Nanded Branch,254439,Active
100998,998,Current,Aurangabad Main,263626,Active
100999,999,Salary,Latur Branch,272813,Active
101000,1000,Savings,Solapur Main,282000,Active
101001,1001,Current,Mumbai Main,291187,Blocked
101002,1002,Salary,Pune Central,300374,Active
101003,1003,Savings,Nashik City,309561,Active
101004,1004,Current,Nagpur Main,318748,Active
101005,1005,Salary,Nanded Branch,327935,Active
101006,1006,Savings,Aurangabad Main,337122,Inactive
101007,1007,Current,Latur Branch,346309,Active
101008,1008,Salary,Solapur Main,355496,Active
101009,1009,Savings,Mumbai Main,364683,Active
101010,1010,Current,Pune Central,373870,Active
101011,1011,Salary,Nashik City,383057,Active
101012,1012,Savings,Nagpur Main,392244,Active
101013,1013,Current,Nanded Branch,401431,Active
101014,1014,Salary,Aurangabad Main,410618,Active
101015,1015,Savings,Latur Branch,419805,Active
101016,1016,Current,Solapur Main,428992,Active
101017,1017,Salary,Mumbai Main,438179,Active
101018,1018,Savings,Pune Central,447366,Active
101019,1019,Current,Nashik City,456553,Active
101020,1020,Salary,Nagpur Main,465740,Active
101021,1021,Savings,Nanded Branch,474927,Blocked
101022,1022,Current,Aurangabad Main,484114,Active
101023,1023,Salary,Latur Branch,493301,Active
101024,1024,Savings,Solapur Main,7488,Active
101025,1025,Current,Mumbai Main,16675,Active
101026,1026,Salary,Pune Central,25862,Active
101027,1027,Savings,Nashik City,35049,Active
101028,1028,Current,Nagpur Main,44236,Active
101029,1029,Salary,Nanded Branch,53423,Active
101030,1030,Savings,Aurangabad Main,62610,Active
101031,1031,Current,Latur Branch,71797,Active
101032,1032,Salary,Solapur Main,80984,Active
101033,1033,Savings,Mumbai Main,90171,Active
101034,1034,Current,Pune Central,99358,Active
101035,1035,Salary,Nashik City,108545,Active
101036,1036,Savings,Nagpur Main,117732,Inactive
101037,1037,Current,Nanded Branch,126919,Active
101038,1038,Salary,Aurangabad Main,136106,Active
101039,1039,Savings,Latur Branch,145293,Active
101040,1040,Current,Solapur Main,154480,Active
101041,1041,Salary,Mumbai Main,163667,Blocked
101042,1042,Savings,Pune Central,172854,Active
101043,1043,Current,Nashik City,182041,Active
101044,1044,Salary,Nagpur Main,191228,Active
101045,1045,Savings,Nanded Branch,200415,Active
101046,1046,Current,Aurangabad Main,209602,Active
101047,1047,Salary,Latur Branch,218789,Active
101048,1048,Savings,Solapur Main,227976,Active
101049,1049,Current,Mumbai Main,237163,Active
101050,1050,Salary,Pune Central,246350,Active
101051,1051,Savings,Nashik City,255537,Inactive
101052,1052,Current,Nagpur Main,264724,Active
101053,1053,Salary,Nanded Branch,273911,Active
101054,1054,Savings,Aurangabad Main,283098,Active
101055,1055,Current,Latur Branch,292285,Active
101056,1056,Salary,Solapur Main,301472,Active
101057,1057,Savings,Mumbai Main,310659,Active
101058,1058,Current,Pune Central,319846,Active
101059,1059,Salary,Nashik City,329033,Active
101060,1060,Savings,Nagpur Main,338220,Active
101061,1061,Current,Nanded Branch,347407,Blocked
101062,1062,Salary,Aurangabad Main,356594,Active
101063,1063,Savings,Latur Branch,365781,Active
101064,1064,Current,Solapur Main,374968,Active
101065,1065,Salary,Mumbai Main,384155,Active
101066,1066,Savings,Pune Central,393342,Inactive
101067,1067,Current,Nashik City,402529,Active
101068,1068,Salary,Nagpur Main,411716,Active
101069,1069,Savings,Nanded Branch,420903,Active
101070,1070,Current,Aurangabad Main,430090,Active
101071,1071,Salary,Latur Branch,439277,Active
101072,1072,Savings,Solapur Main,448464,Active
101073,1073,Current,Mumbai Main,457651,Active
101074,1074,Salary,Pune Central,466838,Active
101075,1075,Savings,Nashik City,476025,Active
101076,1076,Current,Nagpur Main,485212,Active
101077,1077,Salary,Nanded Branch,494399,Active
101078,1078,Savings,Aurangabad Main,8586,Active
101079,1079,Current,Latur Branch,17773,Active
101080,1080,Salary,Solapur Main,26960,Active
101081,1081,Savings,Mumbai Main,36147,Blocked
101082,1082,Current,Pune Central,45334,Active
101083,1083,Salary,Nashik City,54521,Active
101084,1084,Savings,Nagpur Main,63708,Active
101085,1085,Current,Nanded Branch,72895,Active
101086,1086,Salary,Aurangabad Main,82082,Active
101087,1087,Savings,Latur Branch,91269,Active
101088,1088,Current,Solapur Main,100456,Active
101089,1089,Salary,Mumbai Main,109643,Active
101090,1090,Savings,Pune Central,118830,Active
101091,1091,Current,Nashik City,128017,Active
101092,1092,Salary,Nagpur Main,137204,Active
101093,1093,Savings,Nanded Branch,146391,Active
101094,1094,Current,Aurangabad Main,155578,Active
101095,1095,Salary,Latur Branch,164765,Active
101096,1096,Savings,Solapur Main,173952,Inactive
101097,1097,Current,Mumbai Main,183139,Active
101098,1098,Salary,Pune Central,192326,Active
101099,1099,Savings,Nashik City,201513,Active
101100,1100,Current,Nagpur Main,210700,Active
101101,1101,Salary,Nanded Branch,219887,Blocked
101102,1102,Savings,Aurangabad Main,229074,Active
101103,1103,Current,Latur Branch,238261,Active
101104,1104,Salary,Solapur Main,247448,Active
101105,1105,Savings,Mumbai Main,256635,Active
101106,1106,Current,Pune Central,265822,Active
101107,1107,Salary,Nashik City,275009,Active
101108,1108,Savings,Nagpur Main,284196,Active
101109,1109,Current,Nanded Branch,293383,Active
101110,1110,Salary,Aurangabad Main,302570,Active
101111,1111,Savings,Latur Branch,311757,Inactive
101112,1112,Current,Solapur Main,320944,Active
101113,1113,Salary,Mumbai Main,330131,Active
101114,1114,Savings,Pune Central,339318,Active
101115,1115,Current,Nashik City,348505,Active
101116,1116,Salary,Nagpur Main,357692,Active
101117,1117,Savings,Nanded Branch,366879,Active
101118,1118,Current,Aurangabad Main,376066,Active
101119,1119,Salary,Latur Branch,385253,Active
101120,1120,Savings,Solapur Main,394440,Active
101121,1121,Current,Mumbai Main,403627,Blocked
101122,1122,Salary,Pune Central,412814,Active
101123,1123,Savings,Nashik City,422001,Active
101124,1124,Current,Nagpur Main,431188,Active
101125,1125,Salary,Nanded Branch,440375,Active
101126,1126,Savings,Aurangabad Main,449562,Inactive
101127,1127,Current,Latur Branch,458749,Active
101128,1128,Salary,Solapur Main,467936,Active
101129,1129,Savings,Mumbai Main,477123,Active
101130,1130,Current,Pune Central,486310,Active
101131,1131,Salary,Nashik City,495497,Active
101132,1132,Savings,Nagpur Main,9684,Active
101133,1133,Current,Nanded Branch,18871,Active
101134,1134,Salary,Aurangabad Main,28058,Active
101135,1135,Savings,Latur Branch,37245,Active
101136,1136,Current,Solapur Main,46432,Active
101137,1137,Salary,Mumbai Main,55619,Active
101138,1138,Savings,Pune Central,64806,Active
101139,1139,Current,Nashik City,73993,Active
101140,1140,Salary,Nagpur Main,83180,Active
101141,1141,Savings,Nanded Branch,92367,Blocked
101142,1142,Current,Aurangabad Main,101554,Active
101143,1143,Salary,Latur Branch,110741,Active
101144,1144,Savings,Solapur Main,119928,Active
101145,1145,Current,Mumbai Main,129115,Active
101146,1146,Salary,Pune Central,138302,Active
101147,1147,Savings,Nashik City,147489,Active
101148,1148,Current,Nagpur Main,156676,Active
101149,1149,Salary,Nanded Branch,165863,Active
101150,1150,Savings,Aurangabad Main,175050,Active
101151,1151,Current,Latur Branch,184237,Active
101152,1152,Salary,Solapur Main,193424,Active
101153,1153,Savings,Mumbai Main,202611,Active
101154,1154,Current,Pune Central,211798,Active
101155,1155,Salary,Nashik City,220985,Active
101156,1156,Savings,Nagpur Main,230172,Inactive
101157,1157,Current,Nanded Branch,239359,Active
101158,1158,Salary,Aurangabad Main,248546,Active
101159,1159,Savings,Latur Branch,257733,Active
101160,1160,Current,Solapur Main,266920,Active
101161,1161,Salary,Mumbai Main,276107,Blocked
101162,1162,Savings,Pune Central,285294,Active
101163,1163,Current,Nashik City,294481,Active
101164,1164,Salary,Nagpur Main,303668,Active
101165,1165,Savings,Nanded Branch,312855,Active
101166,1166,Current,Aurangabad Main,322042,Active
101167,1167,Salary,Latur Branch,331229,Active
101168,1168,Savings,Solapur Main,340416,Active
101169,1169,Current,Mumbai Main,349603,Active
101170,1170,Salary,Pune Central,358790,Active
101171,1171,Savings,Nashik City,367977,Inactive
101172,1172,Current,Nagpur Main,377164,Active
101173,1173,Salary,Nanded Branch,386351,Active
101174,1174,Savings,Aurangabad Main,395538,Active
101175,1175,Current,Latur Branch,404725,Active
101176,1176,Salary,Solapur Main,413912,Active
101177,1177,Savings,Mumbai Main,423099,Active
101178,1178,Current,Pune Central,432286,Active
101179,1179,Salary,Nashik City,441473,Active
101180,1180,Savings,Nagpur Main,450660,Active
101181,1181,Current,Nanded Branch,459847,Blocked
101182,1182,Salary,Aurangabad Main,469034,Active
101183,1183,Savings,Latur Branch,478221,Active
101184,1184,Current,Solapur Main,487408,Active
101185,1185,Salary,Mumbai Main,496595,Active
101186,1186,Savings,Pune Central,10782,Inactive
101187,1187,Current,Nashik City,19969,Active
101188,1188,Salary,Nagpur Main,29156,Active
101189,1189,Savings,Nanded Branch,38343,Active
101190,1190,Current,Aurangabad Main,47530,Active
101191,1191,Salary,Latur Branch,56717,Active
101192,1192,Savings,Solapur Main,65904,Active
101193,1193,Current,Mumbai Main,75091,Active
101194,1194,Salary,Pune Central,84278,Active
101195,1195,Savings,Nashik City,93465,Active
101196,1196,Current,Nagpur Main,102652,Active
101197,1197,Salary,Nanded Branch,111839,Active
101198,1198,Savings,Aurangabad Main,121026,Active
101199,1199,Current,Latur Branch,130213,Active
101200,1200,Salary,Solapur Main,139400,Active
101201,1201,Savings,Mumbai Main,148587,Blocked
101202,1202,Current,Pune Central,157774,Active
101203,1203,Salary,Nashik City,166961,Active
101204,1204,Savings,Nagpur Main,176148,Active
101205,1205,Current,Nanded Branch,185335,Active
101206,1206,Salary,Aurangabad Main,194522,Active
101207,1207,Savings,Latur Branch,203709,Active
101208,1208,Current,Solapur Main,212896,Active
101209,1209,Salary,Mumbai Main,222083,Active
101210,1210,Savings,Pune Central,231270,Active
101211,1211,Current,Nashik City,240457,Active
101212,1212,Salary,Nagpur Main,249644,Active
101213,1213,Savings,Nanded Branch,258831,Active
101214,1214,Current,Aurangabad Main,268018,Active
101215,1215,Salary,Latur Branch,277205,Active
101216,1216,Savings,Solapur Main,286392,Inactive
101217,1217,Current,Mumbai Main,295579,Active
101218,1218,Salary,Pune Central,304766,Active
101219,1219,Savings,Nashik City,313953,Active
101220,1220,Current,Nagpur Main,323140,Active
101221,1221,Salary,Nanded Branch,332327,Blocked
101222,1222,Savings,Aurangabad Main,341514,Active
101223,1223,Current,Latur Branch,350701,Active
101224,1224,Salary,Solapur Main,359888,Active
101225,1225,Savings,Mumbai Main,369075,Active
101226,1226,Current,Pune Central,378262,Active
101227,1227,Salary,Nashik City,387449,Active
101228,1228,Savings,Nagpur Main,396636,Active
101229,1229,Current,Nanded Branch,405823,Active
101230,1230,Salary,Aurangabad Main,415010,Active
101231,1231,Savings,Latur Branch,424197,Inactive
101232,1232,Current,Solapur Main,433384,Active
101233,1233,Salary,Mumbai Main,442571,Active
101234,1234,Savings,Pune Central,451758,Active
101235,1235,Current,Nashik City,460945,Active
101236,1236,Salary,Nagpur Main,470132,Active
101237,1237,Savings,Nanded Branch,479319,Active
101238,1238,Current,Aurangabad Main,488506,Active
101239,1239,Salary,Latur Branch,497693,Active
101240,1240,Savings,Solapur Main,11880,Active
101241,1241,Current,Mumbai Main,21067,Blocked
101242,1242,Salary,Pune Central,30254,Active
101243,1243,Savings,Nashik City,39441,Active
101244,1244,Current,Nagpur Main,48628,Active
101245,1245,Salary,Nanded Branch,57815,Active
101246,1246,Savings,Aurangabad Main,67002,Inactive
101247,1247,Current,Latur Branch,76189,Active
101248,1248,Salary,Solapur Main,85376,Active
101249,1249,Savings,Mumbai Main,94563,Active
101250,1250,Current,Pune Central,103750,Active
101251,1251,Salary,Nashik City,112937,Active
101252,1252,Savings,Nagpur Main,122124,Active
101253,1253,Current,Nanded Branch,131311,Active
101254,1254,Salary,Aurangabad Main,140498,Active
101255,1255,Savings,Latur Branch,149685,Active
101256,1256,Current,Solapur Main,158872,Active
101257,1257,Salary,Mumbai Main,168059,Active
101258,1258,Savings,Pune Central,177246,Active
101259,1259,Current,Nashik City,186433,Active
101260,1260,Salary,Nagpur Main,195620,Active
101261,1261,Savings,Nanded Branch,204807,Blocked
101262,1262,Current,Aurangabad Main,213994,Active
101263,1263,Salary,Latur Branch,223181,Active
101264,1264,Savings,Solapur Main,232368,Active
101265,1265,Current,Mumbai Main,241555,Active
101266,1266,Salary,Pune Central,250742,Active
101267,1267,Savings,Nashik City,259929,Active
101268,1268,Current,Nagpur Main,269116,Active
101269,1269,Salary,Nanded Branch,278303,Active
101270,1270,Savings,Aurangabad Main,287490,Active
101271,1271,Current,Latur Branch,296677,Active
101272,1272,Salary,Solapur Main,305864,Active
101273,1273,Savings,Mumbai Main,315051,Active
101274,1274,Current,Pune Central,324238,Active
101275,1275,Salary,Nashik City,333425,Active
101276,1276,Savings,Nagpur Main,342612,Inactive
101277,1277,Current,Nanded Branch,351799,Active
101278,1278,Salary,Aurangabad Main,360986,Active
101279,1279,Savings,Latur Branch,370173,Active
101280,1280,Current,Solapur Main,379360,Active
101281,1281,Salary,Mumbai Main,388547,Blocked
101282,1282,Savings,Pune Central,397734,Active
101283,1283,Current,Nashik City,406921,Active
101284,1284,Salary,Nagpur Main,416108,Active
101285,1285,Savings,Nanded Branch,425295,Active
101286,1286,Current,Aurangabad Main,434482,Active
101287,1287,Salary,Latur Branch,443669,Active
101288,1288,Savings,Solapur Main,452856,Active
101289,1289,Current,Mumbai Main,462043,Active
101290,1290,Salary,Pune Central,471230,Active
101291,1291,Savings,Nashik City,480417,Inactive
101292,1292,Current,Nagpur Main,489604,Active
101293,1293,Salary,Nanded Branch,498791,Active
101294,1294,Savings,Aurangabad Main,12978,Active
101295,1295,Current,Latur Branch,22165,Active
101296,1296,Salary,Solapur Main,31352,Active
101297,1297,Savings,Mumbai Main,40539,Active
101298,1298,Current,Pune Central,49726,Active
101299,1299,Salary,Nashik City,58913,Active
101300,1300,Savings,Nagpur Main,68100,Active
101301,1301,Current,Nanded Branch,77287,Blocked
101302,1302,Salary,Aurangabad Main,86474,Active
101303,1303,Savings,Latur Branch,95661,Active
101304,1304,Current,Solapur Main,104848,Active
101305,1305,Salary,Mumbai Main,114035,Active
101306,1306,Savings,Pune Central,123222,Inactive
101307,1307,Current,Nashik City,132409,Active
101308,1308,Salary,Nagpur Main,141596,Active
101309,1309,Savings,Nanded Branch,150783,Active
101310,1310,Current,Aurangabad Main,159970,Active
101311,1311,Salary,Latur Branch,169157,Active
101312,1312,Savings,Solapur Main,178344,Active
101313,1313,Current,Mumbai Main,187531,Active
101314,1314,Salary,Pune Central,196718,Active
101315,1315,Savings,Nashik City,205905,Active
101316,1316,Current,Nagpur Main,215092,Active
101317,1317,Salary,Nanded Branch,224279,Active
101318,1318,Savings,Aurangabad Main,233466,Active
101319,1319,Current,Latur Branch,242653,Active
101320,1320,Salary,Solapur Main,251840,Active
101321,1321,Savings,Mumbai Main,261027,Blocked
101322,1322,Current,Pune Central,270214,Active
101323,1323,Salary,Nashik City,279401,Active
101324,1324,Savings,Nagpur Main,288588,Active
101325,1325,Current,Nanded Branch,297775,Active
101326,1326,Salary,Aurangabad Main,306962,Active
101327,1327,Savings,Latur Branch,316149,Active
101328,1328,Current,Solapur Main,325336,Active
101329,1329,Salary,Mumbai Main,334523,Active
101330,1330,Savings,Pune Central,343710,Active
101331,1331,Current,Nashik City,352897,Active
101332,1332,Salary,Nagpur Main,362084,Active
101333,1333,Savings,Nanded Branch,371271,Active
101334,1334,Current,Aurangabad Main,380458,Active
101335,1335,Salary,Latur Branch,389645,Active
101336,1336,Savings,Solapur Main,398832,Inactive
101337,1337,Current,Mumbai Main,408019,Active
101338,1338,Salary,Pune Central,417206,Active
101339,1339,Savings,Nashik City,426393,Active
101340,1340,Current,Nagpur Main,435580,Active
101341,1341,Salary,Nanded Branch,444767,Blocked
101342,1342,Savings,Aurangabad Main,453954,Active
101343,1343,Current,Latur Branch,463141,Active
101344,1344,Salary,Solapur Main,472328,Active
101345,1345,Savings,Mumbai Main,481515,Active
101346,1346,Current,Pune Central,490702,Active
101347,1347,Salary,Nashik City,499889,Active
101348,1348,Savings,Nagpur Main,14076,Active
101349,1349,Current,Nanded Branch,23263,Active
101350,1350,Salary,Aurangabad Main,32450,Active
101351,1351,Savings,Latur Branch,41637,Inactive
101352,1352,Current,Solapur Main,50824,Active
101353,1353,Salary,Mumbai Main,60011,Active
101354,1354,Savings,Pune Central,69198,Active
101355,1355,Current,Nashik City,78385,Active
101356,1356,Salary,Nagpur Main,87572,Active
101357,1357,Savings,Nanded Branch,96759,Active
101358,1358,Current,Aurangabad Main,105946,Active
101359,1359,Salary,Latur Branch,115133,Active
101360,1360,Savings,Solapur Main,124320,Active
101361,1361,Current,Mumbai Main,133507,Blocked
101362,1362,Salary,Pune Central,142694,Active
101363,1363,Savings,Nashik City,151881,Active
101364,1364,Current,Nagpur Main,161068,Active
101365,1365,Salary,Nanded Branch,170255,Active
101366,1366,Savings,Aurangabad Main,179442,Inactive
101367,1367,Current,Latur Branch,188629,Active
101368,1368,Salary,Solapur Main,197816,Active
101369,1369,Savings,Mumbai Main,207003,Active
101370,1370,Current,Pune Central,216190,Active
101371,1371,Salary,Nashik City,225377,Active
101372,1372,Savings,Nagpur Main,234564,Active
101373,1373,Current,Nanded Branch,243751,Active
101374,1374,Salary,Aurangabad Main,252938,Active
101375,1375,Savings,Latur Branch,262125,Active
101376,1376,Current,Solapur Main,271312,Active
101377,1377,Salary,Mumbai Main,280499,Active
101378,1378,Savings,Pune Central,289686,Active
101379,1379,Current,Nashik City,298873,Active
101380,1380,Salary,Nagpur Main,308060,Active
101381,1381,Savings,Nanded Branch,317247,Blocked
101382,1382,Current,Aurangabad Main,326434,Active
101383,1383,Salary,Latur Branch,335621,Active
101384,1384,Savings,Solapur Main,344808,Active
101385,1385,Current,Mumbai Main,353995,Active
101386,1386,Salary,Pune Central,363182,Active
101387,1387,Savings,Nashik City,372369,Active
101388,1388,Current,Nagpur Main,381556,Active
101389,1389,Salary,Nanded Branch,390743,Active
101390,1390,Savings,Aurangabad Main,399930,Active
101391,1391,Current,Latur Branch,409117,Active
101392,1392,Salary,Solapur Main,418304,Active
101393,1393,Savings,Mumbai Main,427491,Active
101394,1394,Current,Pune Central,436678,Active
101395,1395,Salary,Nashik City,445865,Active
101396,1396,Savings,Nagpur Main,455052,Inactive
101397,1397,Current,Nanded Branch,464239,Active
101398,1398,Salary,Aurangabad Main,473426,Active
101399,1399,Savings,Latur Branch,482613,Active
101400,1400,Current,Solapur Main,491800,Active
101401,1401,Salary,Mumbai Main,5987,Blocked
101402,1402,Savings,Pune Central,15174,Active
101403,1403,Current,Nashik City,24361,Active
101404,1404,Salary,Nagpur Main,33548,Active
101405,1405,Savings,Nanded Branch,42735,Active
101406,1406,Current,Aurangabad Main,51922,Active
101407,1407,Salary,Latur Branch,61109,Active
101408,1408,Savings,Solapur Main,70296,Active
101409,1409,Current,Mumbai Main,79483,Active
101410,1410,Salary,Pune Central,88670,Active
101411,1411,Savings,Nashik City,97857,Inactive
101412,1412,Current,Nagpur Main,107044,Active
101413,1413,Salary,Nanded Branch,116231,Active
101414,1414,Savings,Aurangabad Main,125418,Active
101415,1415,Current,Latur Branch,134605,Active
101416,1416,Salary,Solapur Main,143792,Active
101417,1417,Savings,Mumbai Main,152979,Active
101418,1418,Current,Pune Central,162166,Active
101419,1419,Salary,Nashik City,171353,Active
101420,1420,Savings,Nagpur Main,180540,Active
101421,1421,Current,Nanded Branch,189727,Blocked
101422,1422,Salary,Aurangabad Main,198914,Active
101423,1423,Savings,Latur Branch,208101,Active
101424,1424,Current,Solapur Main,217288,Active
101425,1425,Salary,Mumbai Main,226475,Active
101426,1426,Savings,Pune Central,235662,Inactive
101427,1427,Current,Nashik City,244849,Active
101428,1428,Salary,Nagpur Main,254036,Active
101429,1429,Savings,Nanded Branch,263223,Active
101430,1430,Current,Aurangabad Main,272410,Active
101431,1431,Salary,Latur Branch,281597,Active
101432,1432,Savings,Solapur Main,290784,Active
101433,1433,Current,Mumbai Main,299971,Active
101434,1434,Salary,Pune Central,309158,Active
101435,1435,Savings,Nashik City,318345,Active
101436,1436,Current,Nagpur Main,327532,Active
101437,1437,Salary,Nanded Branch,336719,Active
101438,1438,Savings,Aurangabad Main,345906,Active
101439,1439,Current,Latur Branch,355093,Active
101440,1440,Salary,Solapur Main,364280,Active
101441,1441,Savings,Mumbai Main,373467,Blocked
101442,1442,Current,Pune Central,382654,Active
101443,1443,Salary,Nashik City,391841,Active
101444,1444,Savings,Nagpur Main,401028,Active
101445,1445,Current,Nanded Branch,410215,Active
101446,1446,Salary,Aurangabad Main,419402,Active
101447,1447,Savings,Latur Branch,428589,Active
101448,1448,Current,Solapur Main,437776,Active
101449,1449,Salary,Mumbai Main,446963,Active
101450,1450,Savings,Pune Central,456150,Active
101451,1451,Current,Nashik City,465337,Active
101452,1452,Salary,Nagpur Main,474524,Active
101453,1453,Savings,Nanded Branch,483711,Active
101454,1454,Current,Aurangabad Main,492898,Active
101455,1455,Salary,Latur Branch,7085,Active
101456,1456,Savings,Solapur Main,16272,Inactive
101457,1457,Current,Mumbai Main,25459,Active
101458,1458,Salary,Pune Central,34646,Active
101459,1459,Savings,Nashik City,43833,Active
101460,1460,Current,Nagpur Main,53020,Active
101461,1461,Salary,Nanded Branch,62207,Blocked
101462,1462,Savings,Aurangabad Main,71394,Active
101463,1463,Current,Latur Branch,80581,Active
101464,1464,Salary,Solapur Main,89768,Active
101465,1465,Savings,Mumbai Main,98955,Active
101466,1466,Current,Pune Central,108142,Active
101467,1467,Salary,Nashik City,117329,Active
101468,1468,Savings,Nagpur Main,126516,Active
101469,1469,Current,Nanded Branch,135703,Active
101470,1470,Salary,Aurangabad Main,144890,Active
101471,1471,Savings,Latur Branch,154077,Inactive
101472,1472,Current,Solapur Main,163264,Active
101473,1473,Salary,Mumbai Main,172451,Active
101474,1474,Savings,Pune Central,181638,Active
101475,1475,Current,Nashik City,190825,Active
101476,1476,Salary,Nagpur Main,200012,Active
101477,1477,Savings,Nanded Branch,209199,Active
101478,1478,Current,Aurangabad Main,218386,Active
101479,1479,Salary,Latur Branch,227573,Active
101480,1480,Savings,Solapur Main,236760,Active
101481,1481,Current,Mumbai Main,245947,Blocked
101482,1482,Salary,Pune Central,255134,Active
101483,1483,Savings,Nashik City,264321,Active
101484,1484,Current,Nagpur Main,273508,Active
101485,1485,Salary,Nanded Branch,282695,Active
101486,1486,Savings,Aurangabad Main,291882,Inactive
101487,1487,Current,Latur Branch,301069,Active
101488,1488,Salary,Solapur Main,310256,Active
101489,1489,Savings,Mumbai Main,319443,Active
101490,1490,Current,Pune Central,328630,Active
101491,1491,Salary,Nashik City,337817,Active
101492,1492,Savings,Nagpur Main,347004,Active
101493,1493,Current,Nanded Branch,356191,Active
101494,1494,Salary,Aurangabad Main,365378,Active
101495,1495,Savings,Latur Branch,374565,Active
101496,1496,Current,Solapur Main,383752,Active
101497,1497,Salary,Mumbai Main,392939,Active
101498,1498,Savings,Pune Central,402126,Active
101499,1499,Current,Nashik City,411313,Active
101500,1500,Salary,Nagpur Main,420500,Active
101501,1501,Savings,Nanded Branch,429687,Blocked
101502,1502,Current,Aurangabad Main,438874,Active
101503,1503,Salary,Latur Branch,448061,Active
101504,1504,Savings,Solapur Main,457248,Active
101505,1505,Current,Mumbai Main,466435,Active
101506,1506,Salary,Pune Central,475622,Active
101507,1507,Savings,Nashik City,484809,Active
101508,1508,Current,Nagpur Main,493996,Active
101509,1509,Salary,Nanded Branch,8183,Active
101510,1510,Savings,Aurangabad Main,17370,Active
101511,1511,Current,Latur Branch,26557,Active
101512,1512,Salary,Solapur Main,35744,Active
101513,1513,Savings,Mumbai Main,44931,Active
101514,1514,Current,Pune Central,54118,Active
101515,1515,Salary,Nashik City,63305,Active
101516,1516,Savings,Nagpur Main,72492,Inactive
101517,1517,Current,Nanded Branch,81679,Active
101518,1518,Salary,Aurangabad Main,90866,Active
101519,1519,Savings,Latur Branch,100053,Active
101520,1520,Current,Solapur Main,109240,Active
101521,1521,Salary,Mumbai Main,118427,Blocked
101522,1522,Savings,Pune Central,127614,Active
101523,1523,Current,Nashik City,136801,Active
101524,1524,Salary,Nagpur Main,145988,Active
101525,1525,Savings,Nanded Branch,155175,Active
101526,1526,Current,Aurangabad Main,164362,Active
101527,1527,Salary,Latur Branch,173549,Active
101528,1528,Savings,Solapur Main,182736,Active
101529,1529,Current,Mumbai Main,191923,Active
101530,1530,Salary,Pune Central,201110,Active
101531,1531,Savings,Nashik City,210297,Inactive
101532,1532,Current,Nagpur Main,219484,Active
101533,1533,Salary,Nanded Branch,228671,Active
101534,1534,Savings,Aurangabad Main,237858,Active
101535,1535,Current,Latur Branch,247045,Active
101536,1536,Salary,Solapur Main,256232,Active
101537,1537,Savings,Mumbai Main,265419,Active
101538,1538,Current,Pune Central,274606,Active
101539,1539,Salary,Nashik City,283793,Active
101540,1540,Savings,Nagpur Main,292980,Active
101541,1541,Current,Nanded Branch,302167,Blocked
101542,1542,Salary,Aurangabad Main,311354,Active
101543,1543,Savings,Latur Branch,320541,Active
101544,1544,Current,Solapur Main,329728,Active
101545,1545,Salary,Mumbai Main,338915,Active
101546,1546,Savings,Pune Central,348102,Inactive
101547,1547,Current,Nashik City,357289,Active
101548,1548,Salary,Nagpur Main,366476,Active
101549,1549,Savings,Nanded Branch,375663,Active
101550,1550,Current,Aurangabad Main,384850,Active
101551,1551,Salary,Latur Branch,394037,Active
101552,1552,Savings,Solapur Main,403224,Active
101553,1553,Current,Mumbai Main,412411,Active
101554,1554,Salary,Pune Central,421598,Active
101555,1555,Savings,Nashik City,430785,Active
101556,1556,Current,Nagpur Main,439972,Active
101557,1557,Salary,Nanded Branch,449159,Active
101558,1558,Savings,Aurangabad Main,458346,Active
101559,1559,Current,Latur Branch,467533,Active
101560,1560,Salary,Solapur Main,476720,Active
101561,1561,Savings,Mumbai Main,485907,Blocked
101562,1562,Current,Pune Central,495094,Active
101563,1563,Salary,Nashik City,9281,Active
101564,1564,Savings,Nagpur Main,18468,Active
101565,1565,Current,Nanded Branch,27655,Active
101566,1566,Salary,Aurangabad Main,36842,Active
101567,1567,Savings,Latur Branch,46029,Active
101568,1568,Current,Solapur Main,55216,Active
101569,1569,Salary,Mumbai Main,64403,Active
101570,1570,Savings,Pune Central,73590,Active
101571,1571,Current,Nashik City,82777,Active
101572,1572,Salary,Nagpur Main,91964,Active
101573,1573,Savings,Nanded Branch,101151,Active
101574,1574,Current,Aurangabad Main,110338,Active
101575,1575,Salary,Latur Branch,119525,Active
101576,1576,Savings,Solapur Main,128712,Inactive
101577,1577,Current,Mumbai Main,137899,Active
101578,1578,Salary,Pune Central,147086,Active
101579,1579,Savings,Nashik City,156273,Active
101580,1580,Current,Nagpur Main,165460,Active
101581,1581,Salary,Nanded Branch,174647,Blocked
101582,1582,Savings,Aurangabad Main,183834,Active
101583,1583,Current,Latur Branch,193021,Active
101584,1584,Salary,Solapur Main,202208,Active
101585,1585,Savings,Mumbai Main,211395,Active
101586,1586,Current,Pune Central,220582,Active
101587,1587,Salary,Nashik City,229769,Active
101588,1588,Savings,Nagpur Main,238956,Active
101589,1589,Current,Nanded Branch,248143,Active
101590,1590,Salary,Aurangabad Main,257330,Active
101591,1591,Savings,Latur Branch,266517,Inactive
101592,1592,Current,Solapur Main,275704,Active
101593,1593,Salary,Mumbai Main,284891,Active
101594,1594,Savings,Pune Central,294078,Active
101595,1595,Current,Nashik City,303265,Active
101596,1596,Salary,Nagpur Main,312452,Active
101597,1597,Savings,Nanded Branch,321639,Active
101598,1598,Current,Aurangabad Main,330826,Active
101599,1599,Salary,Latur Branch,340013,Active
101600,1600,Savings,Solapur Main,349200,Active
101601,1601,Current,Mumbai Main,358387,Blocked
101602,1602,Salary,Pune Central,367574,Active
101603,1603,Savings,Nashik City,376761,Active
101604,1604,Current,Nagpur Main,385948,Active
101605,1605,Salary,Nanded Branch,395135,Active
101606,1606,Savings,Aurangabad Main,404322,Inactive
101607,1607,Current,Latur Branch,413509,Active
101608,1608,Salary,Solapur Main,422696,Active
101609,1609,Savings,Mumbai Main,431883,Active
101610,1610,Current,Pune Central,441070,Active
101611,1611,Salary,Nashik City,450257,Active
101612,1612,Savings,Nagpur Main,459444,Active
101613,1613,Current,Nanded Branch,468631,Active
101614,1614,Salary,Aurangabad Main,477818,Active
101615,1615,Savings,Latur Branch,487005,Active
101616,1616,Current,Solapur Main,496192,Active
101617,1617,Salary,Mumbai Main,10379,Active
101618,1618,Savings,Pune Central,19566,Active
101619,1619,Current,Nashik City,28753,Active
101620,1620,Salary,Nagpur Main,37940,Active
101621,1621,Savings,Nanded Branch,47127,Blocked
101622,1622,Current,Aurangabad Main,56314,Active
101623,1623,Salary,Latur Branch,65501,Active
101624,1624,Savings,Solapur Main,74688,Active
101625,1625,Current,Mumbai Main,83875,Active
101626,1626,Salary,Pune Central,93062,Active
101627,1627,Savings,Nashik City,102249,Active
101628,1628,Current,Nagpur Main,111436,Active
101629,1629,Salary,Nanded Branch,120623,Active
101630,1630,Savings,Aurangabad Main,129810,Active
101631,1631,Current,Latur Branch,138997,Active
101632,1632,Salary,Solapur Main,148184,Active
101633,1633,Savings,Mumbai Main,157371,Active
101634,1634,Current,Pune Central,166558,Active
101635,1635,Salary,Nashik City,175745,Active
101636,1636,Savings,Nagpur Main,184932,Inactive
101637,1637,Current,Nanded Branch,194119,Active
101638,1638,Salary,Aurangabad Main,203306,Active
101639,1639,Savings,Latur Branch,212493,Active
101640,1640,Current,Solapur Main,221680,Active
101641,1641,Salary,Mumbai Main,230867,Blocked
101642,1642,Savings,Pune Central,240054,Active
101643,1643,Current,Nashik City,249241,Active
101644,1644,Salary,Nagpur Main,258428,Active
101645,1645,Savings,Nanded Branch,267615,Active
101646,1646,Current,Aurangabad Main,276802,Active
101647,1647,Salary,Latur Branch,285989,Active
101648,1648,Savings,Solapur Main,295176,Active
101649,1649,Current,Mumbai Main,304363,Active
101650,1650,Salary,Pune Central,313550,Active
101651,1651,Savings,Nashik City,322737,Inactive
101652,1652,Current,Nagpur Main,331924,Active
101653,1653,Salary,Nanded Branch,341111,Active
101654,1654,Savings,Aurangabad Main,350298,Active
101655,1655,Current,Latur Branch,359485,Active
101656,1656,Salary,Solapur Main,368672,Active
101657,1657,Savings,Mumbai Main,377859,Active
101658,1658,Current,Pune Central,387046,Active
101659,1659,Salary,Nashik City,396233,Active
101660,1660,Savings,Nagpur Main,405420,Active
101661,1661,Current,Nanded Branch,414607,Blocked
101662,1662,Salary,Aurangabad Main,423794,Active
101663,1663,Savings,Latur Branch,432981,Active
101664,1664,Current,Solapur Main,442168,Active
101665,1665,Salary,Mumbai Main,451355,Active
101666,1666,Savings,Pune Central,460542,Inactive
101667,1667,Current,Nashik City,469729,Active
101668,1668,Salary,Nagpur Main,478916,Active
101669,1669,Savings,Nanded Branch,488103,Active
101670,1670,Current,Aurangabad Main,497290,Active
101671,1671,Salary,Latur Branch,11477,Active
101672,1672,Savings,Solapur Main,20664,Active
101673,1673,Current,Mumbai Main,29851,Active
101674,1674,Salary,Pune Central,39038,Active
101675,1675,Savings,Nashik City,48225,Active
101676,1676,Current,Nagpur Main,57412,Active
101677,1677,Salary,Nanded Branch,66599,Active
101678,1678,Savings,Aurangabad Main,75786,Active
101679,1679,Current,Latur Branch,84973,Active
101680,1680,Salary,Solapur Main,94160,Active
101681,1681,Savings,Mumbai Main,103347,Blocked
101682,1682,Current,Pune Central,112534,Active
101683,1683,Salary,Nashik City,121721,Active
101684,1684,Savings,Nagpur Main,130908,Active
101685,1685,Current,Nanded Branch,140095,Active
101686,1686,Salary,Aurangabad Main,149282,Active
101687,1687,Savings,Latur Branch,158469,Active
101688,1688,Current,Solapur Main,167656,Active
101689,1689,Salary,Mumbai Main,176843,Active
101690,1690,Savings,Pune Central,186030,Active
101691,1691,Current,Nashik City,195217,Active
101692,1692,Salary,Nagpur Main,204404,Active
101693,1693,Savings,Nanded Branch,213591,Active
101694,1694,Current,Aurangabad Main,222778,Active
101695,1695,Salary,Latur Branch,231965,Active
101696,1696,Savings,Solapur Main,241152,Inactive
101697,1697,Current,Mumbai Main,250339,Active
101698,1698,Salary,Pune Central,259526,Active
101699,1699,Savings,Nashik City,268713,Active
101700,1700,Current,Nagpur Main,277900,Active
101701,1701,Salary,Nanded Branch,287087,Blocked
101702,1702,Savings,Aurangabad Main,296274,Active
101703,1703,Current,Latur Branch,305461,Active
101704,1704,Salary,Solapur Main,314648,Active
101705,1705,Savings,Mumbai Main,323835,Active
101706,1706,Current,Pune Central,333022,Active
101707,1707,Salary,Nashik City,342209,Active
101708,1708,Savings,Nagpur Main,351396,Active
101709,1709,Current,Nanded Branch,360583,Active
101710,1710,Salary,Aurangabad Main,369770,Active
101711,1711,Savings,Latur Branch,378957,Inactive
101712,1712,Current,Solapur Main,388144,Active
101713,1713,Salary,Mumbai Main,397331,Active
101714,1714,Savings,Pune Central,406518,Active
101715,1715,Current,Nashik City,415705,Active
101716,1716,Salary,Nagpur Main,424892,Active
101717,1717,Savings,Nanded Branch,434079,Active
101718,1718,Current,Aurangabad Main,443266,Active
101719,1719,Salary,Latur Branch,452453,Active
101720,1720,Savings,Solapur Main,461640,Active
101721,1721,Current,Mumbai Main,470827,Blocked
101722,1722,Salary,Pune Central,480014,Active
101723,1723,Savings,Nashik City,489201,Active
101724,1724,Current,Nagpur Main,498388,Active
101725,1725,Salary,Nanded Branch,12575,Active
101726,1726,Savings,Aurangabad Main,21762,Inactive
101727,1727,Current,Latur Branch,30949,Active
101728,1728,Salary,Solapur Main,40136,Active
101729,1729,Savings,Mumbai Main,49323,Active
101730,1730,Current,Pune Central,58510,Active
101731,1731,Salary,Nashik City,67697,Active
101732,1732,Savings,Nagpur Main,76884,Active
101733,1733,Current,Nanded Branch,86071,Active
101734,1734,Salary,Aurangabad Main,95258,Active
101735,1735,Savings,Latur Branch,104445,Active
101736,1736,Current,Solapur Main,113632,Active
101737,1737,Salary,Mumbai Main,122819,Active
101738,1738,Savings,Pune Central,132006,Active
101739,1739,Current,Nashik City,141193,Active
101740,1740,Salary,Nagpur Main,150380,Active
101741,1741,Savings,Nanded Branch,159567,Blocked
101742,1742,Current,Aurangabad Main,168754,Active
101743,1743,Salary,Latur Branch,177941,Active
101744,1744,Savings,Solapur Main,187128,Active
101745,1745,Current,Mumbai Main,196315,Active
101746,1746,Salary,Pune Central,205502,Active
101747,1747,Savings,Nashik City,214689,Active
101748,1748,Current,Nagpur Main,223876,Active
101749,1749,Salary,Nanded Branch,233063,Active
101750,1750,Savings,Aurangabad Main,242250,Active
101751,1751,Current,Latur Branch,251437,Active
101752,1752,Salary,Solapur Main,260624,Active
101753,1753,Savings,Mumbai Main,269811,Active
101754,1754,Current,Pune Central,278998,Active
101755,1755,Salary,Nashik City,288185,Active
101756,1756,Savings,Nagpur Main,297372,Inactive
101757,1757,Current,Nanded Branch,306559,Active
101758,1758,Salary,Aurangabad Main,315746,Active
101759,1759,Savings,Latur Branch,324933,Active
101760,1760,Current,Solapur Main,334120,Active
101761,1761,Salary,Mumbai Main,343307,Blocked
101762,1762,Savings,Pune Central,352494,Active
101763,1763,Current,Nashik City,361681,Active
101764,1764,Salary,Nagpur Main,370868,Active
101765,1765,Savings,Nanded Branch,380055,Active
101766,1766,Current,Aurangabad Main,389242,Active
101767,1767,Salary,Latur Branch,398429,Active
101768,1768,Savings,Solapur Main,407616,Active
101769,1769,Current,Mumbai Main,416803,Active
101770,1770,Salary,Pune Central,425990,Active
101771,1771,Savings,Nashik City,435177,Inactive
101772,1772,Current,Nagpur Main,444364,Active
101773,1773,Salary,Nanded Branch,453551,Active
101774,1774,Savings,Aurangabad Main,462738,Active
101775,1775,Current,Latur Branch,471925,Active
101776,1776,Salary,Solapur Main,481112,Active
101777,1777,Savings,Mumbai Main,490299,Active
101778,1778,Current,Pune Central,499486,Active
101779,1779,Salary,Nashik City,13673,Active
101780,1780,Savings,Nagpur Main,22860,Active
101781,1781,Current,Nanded Branch,32047,Blocked
101782,1782,Salary,Aurangabad Main,41234,Active
101783,1783,Savings,Latur Branch,50421,Active
101784,1784,Current,Solapur Main,59608,Active
101785,1785,Salary,Mumbai Main,68795,Active
101786,1786,Savings,Pune Central,77982,Inactive
101787,1787,Current,Nashik City,87169,Active
101788,1788,Salary,Nagpur Main,96356,Active
101789,1789,Savings,Nanded Branch,105543,Active
101790,1790,Current,Aurangabad Main,114730,Active
101791,1791,Salary,Latur Branch,123917,Active
101792,1792,Savings,Solapur Main,133104,Active
101793,1793,Current,Mumbai Main,142291,Active
101794,1794,Salary,Pune Central,151478,Active
101795,1795,Savings,Nashik City,160665,Active
101796,1796,Current,Nagpur Main,169852,Active
101797,1797,Salary,Nanded Branch,179039,Active
101798,1798,Savings,Aurangabad Main,188226,Active
101799,1799,Current,Latur Branch,197413,Active
101800,1800,Salary,Solapur Main,206600,Active
101801,1801,Savings,Mumbai Main,215787,Blocked
101802,1802,Current,Pune Central,224974,Active
101803,1803,Salary,Nashik City,234161,Active
101804,1804,Savings,Nagpur Main,243348,Active
101805,1805,Current,Nanded Branch,252535,Active
101806,1806,Salary,Aurangabad Main,261722,Active
101807,1807,Savings,Latur Branch,270909,Active
101808,1808,Current,Solapur Main,280096,Active
101809,1809,Salary,Mumbai Main,289283,Active
101810,1810,Savings,Pune Central,298470,Active
101811,1811,Current,Nashik City,307657,Active
101812,1812,Salary,Nagpur Main,316844,Active
101813,1813,Savings,Nanded Branch,326031,Active
101814,1814,Current,Aurangabad Main,335218,Active
101815,1815,Salary,Latur Branch,344405,Active
101816,1816,Savings,Solapur Main,353592,Inactive
101817,1817,Current,Mumbai Main,362779,Active
101818,1818,Salary,Pune Central,371966,Active
101819,1819,Savings,Nashik City,381153,Active
101820,1820,Current,Nagpur Main,390340,Active
101821,1821,Salary,Nanded Branch,399527,Blocked
101822,1822,Savings,Aurangabad Main,408714,Active
101823,1823,Current,Latur Branch,417901,Active
101824,1824,Salary,Solapur Main,427088,Active
101825,1825,Savings,Mumbai Main,436275,Active
101826,1826,Current,Pune Central,445462,Active
101827,1827,Salary,Nashik City,454649,Active
101828,1828,Savings,Nagpur Main,463836,Active
101829,1829,Current,Nanded Branch,473023,Active
101830,1830,Salary,Aurangabad Main,482210,Active
101831,1831,Savings,Latur Branch,491397,Inactive
101832,1832,Current,Solapur Main,5584,Active
101833,1833,Salary,Mumbai Main,14771,Active
101834,1834,Savings,Pune Central,23958,Active
101835,1835,Current,Nashik City,33145,Active
101836,1836,Salary,Nagpur Main,42332,Active
101837,1837,Savings,Nanded Branch,51519,Active
101838,1838,Current,Aurangabad Main,60706,Active
101839,1839,Salary,Latur Branch,69893,Active
101840,1840,Savings,Solapur Main,79080,Active
101841,1841,Current,Mumbai Main,88267,Blocked
101842,1842,Salary,Pune Central,97454,Active
101843,1843,Savings,Nashik City,106641,Active
101844,1844,Current,Nagpur Main,115828,Active
101845,1845,Salary,Nanded Branch,125015,Active
101846,1846,Savings,Aurangabad Main,134202,Inactive
101847,1847,Current,Latur Branch,143389,Active
101848,1848,Salary,Solapur Main,152576,Active
101849,1849,Savings,Mumbai Main,161763,Active
101850,1850,Current,Pune Central,170950,Active
101851,1851,Salary,Nashik City,180137,Active
101852,1852,Savings,Nagpur Main,189324,Active
101853,1853,Current,Nanded Branch,198511,Active
101854,1854,Salary,Aurangabad Main,207698,Active
101855,1855,Savings,Latur Branch,216885,Active
101856,1856,Current,Solapur Main,226072,Active
101857,1857,Salary,Mumbai Main,235259,Active
101858,1858,Savings,Pune Central,244446,Active
101859,1859,Current,Nashik City,253633,Active
101860,1860,Salary,Nagpur Main,262820,Active
101861,1861,Savings,Nanded Branch,272007,Blocked
101862,1862,Current,Aurangabad Main,281194,Active
101863,1863,Salary,Latur Branch,290381,Active
101864,1864,Savings,Solapur Main,299568,Active
101865,1865,Current,Mumbai Main,308755,Active
101866,1866,Salary,Pune Central,317942,Active
101867,1867,Savings,Nashik City,327129,Active
101868,1868,Current,Nagpur Main,336316,Active
101869,1869,Salary,Nanded Branch,345503,Active
101870,1870,Savings,Aurangabad Main,354690,Active
101871,1871,Current,Latur Branch,363877,Active
101872,1872,Salary,Solapur Main,373064,Active
101873,1873,Savings,Mumbai Main,382251,Active
101874,1874,Current,Pune Central,391438,Active
101875,1875,Salary,Nashik City,400625,Active
101876,1876,Savings,Nagpur Main,409812,Inactive
101877,1877,Current,Nanded Branch,418999,Active
101878,1878,Salary,Aurangabad Main,428186,Active
101879,1879,Savings,Latur Branch,437373,Active
101880,1880,Current,Solapur Main,446560,Active
101881,1881,Salary,Mumbai Main,455747,Blocked
101882,1882,Savings,Pune Central,464934,Active
101883,1883,Current,Nashik City,474121,Active
101884,1884,Salary,Nagpur Main,483308,Active
101885,1885,Savings,Nanded Branch,492495,Active
101886,1886,Current,Aurangabad Main,6682,Active
101887,1887,Salary,Latur Branch,15869,Active
101888,1888,Savings,Solapur Main,25056,Active
101889,1889,Current,Mumbai Main,34243,Active
101890,1890,Salary,Pune Central,43430,Active
101891,1891,Savings,Nashik City,52617,Inactive
101892,1892,Current,Nagpur Main,61804,Active
101893,1893,Salary,Nanded Branch,70991,Active
101894,1894,Savings,Aurangabad Main,80178,Active
101895,1895,Current,Latur Branch,89365,Active
101896,1896,Salary,Solapur Main,98552,Active
101897,1897,Savings,Mumbai Main,107739,Active
101898,1898,Current,Pune Central,116926,Active
101899,1899,Salary,Nashik City,126113,Active
101900,1900,Savings,Nagpur Main,135300,Active
101901,1901,Current,Nanded Branch,144487,Blocked
101902,1902,Salary,Aurangabad Main,153674,Active
101903,1903,Savings,Latur Branch,162861,Active
101904,1904,Current,Solapur Main,172048,Active
101905,1905,Salary,Mumbai Main,181235,Active
101906,1906,Savings,Pune Central,190422,Inactive
101907,1907,Current,Nashik City,199609,Active
101908,1908,Salary,Nagpur Main,208796,Active
101909,1909,Savings,Nanded Branch,217983,Active
101910,1910,Current,Aurangabad Main,227170,Active
101911,1911,Salary,Latur Branch,236357,Active
101912,1912,Savings,Solapur Main,245544,Active
101913,1913,Current,Mumbai Main,254731,Active
101914,1914,Salary,Pune Central,263918,Active
101915,1915,Savings,Nashik City,273105,Active
101916,1916,Current,Nagpur Main,282292,Active
101917,1917,Salary,Nanded Branch,291479,Active
101918,1918,Savings,Aurangabad Main,300666,Active
101919,1919,Current,Latur Branch,309853,Active
101920,1920,Salary,Solapur Main,319040,Active
101921,1921,Savings,Mumbai Main,328227,Blocked
101922,1922,Current,Pune Central,337414,Active
101923,1923,Salary,Nashik City,346601,Active
101924,1924,Savings,Nagpur Main,355788,Active
101925,1925,Current,Nanded Branch,364975,Active
101926,1926,Salary,Aurangabad Main,374162,Active
101927,1927,Savings,Latur Branch,383349,Active
101928,1928,Current,Solapur Main,392536,Active
101929,1929,Salary,Mumbai Main,401723,Active
101930,1930,Savings,Pune Central,410910,Active
101931,1931,Current,Nashik City,420097,Active
101932,1932,Salary,Nagpur Main,429284,Active
101933,1933,Savings,Nanded Branch,438471,Active
101934,1934,Current,Aurangabad Main,447658,Active
101935,1935,Salary,Latur Branch,456845,Active
101936,1936,Savings,Solapur Main,466032,Inactive
101937,1937,Current,Mumbai Main,475219,Active
101938,1938,Salary,Pune Central,484406,Active
101939,1939,Savings,Nashik City,493593,Active
101940,1940,Current,Nagpur Main,7780,Active
101941,1941,Salary,Nanded Branch,16967,Blocked
101942,1942,Savings,Aurangabad Main,26154,Active
101943,1943,Current,Latur Branch,35341,Active
101944,1944,Salary,Solapur Main,44528,Active
101945,1945,Savings,Mumbai Main,53715,Active
101946,1946,Current,Pune Central,62902,Active
101947,1947,Salary,Nashik City,72089,Active
101948,1948,Savings,Nagpur Main,81276,Active
101949,1949,Current,Nanded Branch,90463,Active
101950,1950,Salary,Aurangabad Main,99650,Active
101951,1951,Savings,Latur Branch,108837,Inactive
101952,1952,Current,Solapur Main,118024,Active
101953,1953,Salary,Mumbai Main,127211,Active
101954,1954,Savings,Pune Central,136398,Active
101955,1955,Current,Nashik City,145585,Active
101956,1956,Salary,Nagpur Main,154772,Active
101957,1957,Savings,Nanded Branch,163959,Active
101958,1958,Current,Aurangabad Main,173146,Active
101959,1959,Salary,Latur Branch,182333,Active
101960,1960,Savings,Solapur Main,191520,Active
101961,1961,Current,Mumbai Main,200707,Blocked
101962,1962,Salary,Pune Central,209894,Active
101963,1963,Savings,Nashik City,219081,Active
101964,1964,Current,Nagpur Main,228268,Active
101965,1965,Salary,Nanded Branch,237455,Active
101966,1966,Savings,Aurangabad Main,246642,Inactive
101967,1967,Current,Latur Branch,255829,Active
101968,1968,Salary,Solapur Main,265016,Active
101969,1969,Savings,Mumbai Main,274203,Active
101970,1970,Current,Pune Central,283390,Active
101971,1971,Salary,Nashik City,292577,Active
101972,1972,Savings,Nagpur Main,301764,Active
101973,1973,Current,Nanded Branch,310951,Active
101974,1974,Salary,Aurangabad Main,320138,Active
101975,1975,Savings,Latur Branch,329325,Active
101976,1976,Current,Solapur Main,338512,Active
101977,1977,Salary,Mumbai Main,347699,Active
101978,1978,Savings,Pune Central,356886,Active
101979,1979,Current,Nashik City,366073,Active
101980,1980,Salary,Nagpur Main,375260,Active
101981,1981,Savings,Nanded Branch,384447,Blocked
101982,1982,Current,Aurangabad Main,393634,Active
101983,1983,Salary,Latur Branch,402821,Active
101984,1984,Savings,Solapur Main,412008,Active
101985,1985,Current,Mumbai Main,421195,Active
101986,1986,Salary,Pune Central,430382,Active
101987,1987,Savings,Nashik City,439569,Active
101988,1988,Current,Nagpur Main,448756,Active
101989,1989,Salary,Nanded Branch,457943,Active
101990,1990,Savings,Aurangabad Main,467130,Active
101991,1991,Current,Latur Branch,476317,Active
101992,1992,Salary,Solapur Main,485504,Active
101993,1993,Savings,Mumbai Main,494691,Active
101994,1994,Current,Pune Central,8878,Active
101995,1995,Salary,Nashik City,18065,Active
101996,1996,Savings,Nagpur Main,27252,Inactive
101997,1997,Current,Nanded Branch,36439,Active
101998,1998,Salary,Aurangabad Main,45626,Active
101999,1999,Savings,Latur Branch,54813,Active
102000,2000,Current,Solapur Main,64000,Active
102001,1,Salary,Mumbai Main,73187,Blocked
102002,2,Savings,Pune Central,82374,Active
102003,3,Current,Nashik City,91561,Active
102004,4,Salary,Nagpur Main,100748,Active
102005,5,Savings,Nanded Branch,109935,Active
102006,6,Current,Aurangabad Main,119122,Active
102007,7,Salary,Latur Branch,128309,Active
102008,8,Savings,Solapur Main,137496,Active
102009,9,Current,Mumbai Main,146683,Active
102010,10,Salary,Pune Central,155870,Active
102011,11,Savings,Nashik City,165057,Inactive
102012,12,Current,Nagpur Main,174244,Active
102013,13,Salary,Nanded Branch,183431,Active
102014,14,Savings,Aurangabad Main,192618,Active
102015,15,Current,Latur Branch,201805,Active
102016,16,Salary,Solapur Main,210992,Active
102017,17,Savings,Mumbai Main,220179,Active
102018,18,Current,Pune Central,229366,Active
102019,19,Salary,Nashik City,238553,Active
102020,20,Savings,Nagpur Main,247740,Active
102021,21,Current,Nanded Branch,256927,Blocked
102022,22,Salary,Aurangabad Main,266114,Active
102023,23,Savings,Latur Branch,275301,Active
102024,24,Current,Solapur Main,284488,Active
102025,25,Salary,Mumbai Main,293675,Active
102026,26,Savings,Pune Central,302862,Inactive
102027,27,Current,Nashik City,312049,Active
102028,28,Salary,Nagpur Main,321236,Active
102029,29,Savings,Nanded Branch,330423,Active
102030,30,Current,Aurangabad Main,339610,Active
102031,31,Salary,Latur Branch,348797,Active
102032,32,Savings,Solapur Main,357984,Active
102033,33,Current,Mumbai Main,367171,Active
102034,34,Salary,Pune Central,376358,Active
102035,35,Savings,Nashik City,385545,Active
102036,36,Current,Nagpur Main,394732,Active
102037,37,Salary,Nanded Branch,403919,Active
102038,38,Savings,Aurangabad Main,413106,Active
102039,39,Current,Latur Branch,422293,Active
102040,40,Salary,Solapur Main,431480,Active
102041,41,Savings,Mumbai Main,440667,Blocked
102042,42,Current,Pune Central,449854,Active
102043,43,Salary,Nashik City,459041,Active
102044,44,Savings,Nagpur Main,468228,Active
102045,45,Current,Nanded Branch,477415,Active
102046,46,Salary,Aurangabad Main,486602,Active
102047,47,Savings,Latur Branch,495789,Active
102048,48,Current,Solapur Main,9976,Active
102049,49,Salary,Mumbai Main,19163,Active
102050,50,Savings,Pune Central,28350,Active
102051,51,Current,Nashik City,37537,Active
102052,52,Salary,Nagpur Main,46724,Active
102053,53,Savings,Nanded Branch,55911,Active
102054,54,Current,Aurangabad Main,65098,Active
102055,55,Salary,Latur Branch,74285,Active
102056,56,Savings,Solapur Main,83472,Inactive
102057,57,Current,Mumbai Main,92659,Active
102058,58,Salary,Pune Central,101846,Active
102059,59,Savings,Nashik City,111033,Active
102060,60,Current,Nagpur Main,120220,Active
102061,61,Salary,Nanded Branch,129407,Blocked
102062,62,Savings,Aurangabad Main,138594,Active
102063,63,Current,Latur Branch,147781,Active
102064,64,Salary,Solapur Main,156968,Active
102065,65,Savings,Mumbai Main,166155,Active
102066,66,Current,Pune Central,175342,Active
102067,67,Salary,Nashik City,184529,Active
102068,68,Savings,Nagpur Main,193716,Active
102069,69,Current,Nanded Branch,202903,Active
102070,70,Salary,Aurangabad Main,212090,Active
102071,71,Savings,Latur Branch,221277,Inactive
102072,72,Current,Solapur Main,230464,Active
102073,73,Salary,Mumbai Main,239651,Active
102074,74,Savings,Pune Central,248838,Active
102075,75,Current,Nashik City,258025,Active
102076,76,Salary,Nagpur Main,267212,Active
102077,77,Savings,Nanded Branch,276399,Active
102078,78,Current,Aurangabad Main,285586,Active
102079,79,Salary,Latur Branch,294773,Active
102080,80,Savings,Solapur Main,303960,Active
102081,81,Current,Mumbai Main,313147,Blocked
102082,82,Salary,Pune Central,322334,Active
102083,83,Savings,Nashik City,331521,Active
102084,84,Current,Nagpur Main,340708,Active
102085,85,Salary,Nanded Branch,349895,Active
102086,86,Savings,Aurangabad Main,359082,Inactive
102087,87,Current,Latur Branch,368269,Active
102088,88,Salary,Solapur Main,377456,Active
102089,89,Savings,Mumbai Main,386643,Active
102090,90,Current,Pune Central,395830,Active
102091,91,Salary,Nashik City,405017,Active
102092,92,Savings,Nagpur Main,414204,Active
102093,93,Current,Nanded Branch,423391,Active
102094,94,Salary,Aurangabad Main,432578,Active
102095,95,Savings,Latur Branch,441765,Active
102096,96,Current,Solapur Main,450952,Active
102097,97,Salary,Mumbai Main,460139,Active
102098,98,Savings,Pune Central,469326,Active
102099,99,Current,Nashik City,478513,Active
102100,100,Salary,Nagpur Main,487700,Active
102101,101,Savings,Nanded Branch,496887,Blocked
102102,102,Current,Aurangabad Main,11074,Active
102103,103,Salary,Latur Branch,20261,Active
102104,104,Savings,Solapur Main,29448,Active
102105,105,Current,Mumbai Main,38635,Active
102106,106,Salary,Pune Central,47822,Active
102107,107,Savings,Nashik City,57009,Active
102108,108,Current,Nagpur Main,66196,Active
102109,109,Salary,Nanded Branch,75383,Active
102110,110,Savings,Aurangabad Main,84570,Active
102111,111,Current,Latur Branch,93757,Active
102112,112,Salary,Solapur Main,102944,Active
102113,113,Savings,Mumbai Main,112131,Active
102114,114,Current,Pune Central,121318,Active
102115,115,Salary,Nashik City,130505,Active
102116,116,Savings,Nagpur Main,139692,Inactive
102117,117,Current,Nanded Branch,148879,Active
102118,118,Salary,Aurangabad Main,158066,Active
102119,119,Savings,Latur Branch,167253,Active
102120,120,Current,Solapur Main,176440,Active
102121,121,Salary,Mumbai Main,185627,Blocked
102122,122,Savings,Pune Central,194814,Active
102123,123,Current,Nashik City,204001,Active
102124,124,Salary,Nagpur Main,213188,Active
102125,125,Savings,Nanded Branch,222375,Active
102126,126,Current,Aurangabad Main,231562,Active
102127,127,Salary,Latur Branch,240749,Active
102128,128,Savings,Solapur Main,249936,Active
102129,129,Current,Mumbai Main,259123,Active
102130,130,Salary,Pune Central,268310,Active
102131,131,Savings,Nashik City,277497,Inactive
102132,132,Current,Nagpur Main,286684,Active
102133,133,Salary,Nanded Branch,295871,Active
102134,134,Savings,Aurangabad Main,305058,Active
102135,135,Current,Latur Branch,314245,Active
102136,136,Salary,Solapur Main,323432,Active
102137,137,Savings,Mumbai Main,332619,Active
102138,138,Current,Pune Central,341806,Active
102139,139,Salary,Nashik City,350993,Active
102140,140,Savings,Nagpur Main,360180,Active
102141,141,Current,Nanded Branch,369367,Blocked
102142,142,Salary,Aurangabad Main,378554,Active
102143,143,Savings,Latur Branch,387741,Active
102144,144,Current,Solapur Main,396928,Active
102145,145,Salary,Mumbai Main,406115,Active
102146,146,Savings,Pune Central,415302,Inactive
102147,147,Current,Nashik City,424489,Active
102148,148,Salary,Nagpur Main,433676,Active
102149,149,Savings,Nanded Branch,442863,Active
102150,150,Current,Aurangabad Main,452050,Active
102151,151,Salary,Latur Branch,461237,Active
102152,152,Savings,Solapur Main,470424,Active
102153,153,Current,Mumbai Main,479611,Active
102154,154,Salary,Pune Central,488798,Active
102155,155,Savings,Nashik City,497985,Active
102156,156,Current,Nagpur Main,12172,Active
102157,157,Salary,Nanded Branch,21359,Active
102158,158,Savings,Aurangabad Main,30546,Active
102159,159,Current,Latur Branch,39733,Active
102160,160,Salary,Solapur Main,48920,Active
102161,161,Savings,Mumbai Main,58107,Blocked
102162,162,Current,Pune Central,67294,Active
102163,163,Salary,Nashik City,76481,Active
102164,164,Savings,Nagpur Main,85668,Active
102165,165,Current,Nanded Branch,94855,Active
102166,166,Salary,Aurangabad Main,104042,Active
102167,167,Savings,Latur Branch,113229,Active
102168,168,Current,Solapur Main,122416,Active
102169,169,Salary,Mumbai Main,131603,Active
102170,170,Savings,Pune Central,140790,Active
102171,171,Current,Nashik City,149977,Active
102172,172,Salary,Nagpur Main,159164,Active
102173,173,Savings,Nanded Branch,168351,Active
102174,174,Current,Aurangabad Main,177538,Active
102175,175,Salary,Latur Branch,186725,Active
102176,176,Savings,Solapur Main,195912,Inactive
102177,177,Current,Mumbai Main,205099,Active
102178,178,Salary,Pune Central,214286,Active
102179,179,Savings,Nashik City,223473,Active
102180,180,Current,Nagpur Main,232660,Active
102181,181,Salary,Nanded Branch,241847,Blocked
102182,182,Savings,Aurangabad Main,251034,Active
102183,183,Current,Latur Branch,260221,Active
102184,184,Salary,Solapur Main,269408,Active
102185,185,Savings,Mumbai Main,278595,Active
102186,186,Current,Pune Central,287782,Active
102187,187,Salary,Nashik City,296969,Active
102188,188,Savings,Nagpur Main,306156,Active
102189,189,Current,Nanded Branch,315343,Active
102190,190,Salary,Aurangabad Main,324530,Active
102191,191,Savings,Latur Branch,333717,Inactive
102192,192,Current,Solapur Main,342904,Active
102193,193,Salary,Mumbai Main,352091,Active
102194,194,Savings,Pune Central,361278,Active
102195,195,Current,Nashik City,370465,Active
102196,196,Salary,Nagpur Main,379652,Active
102197,197,Savings,Nanded Branch,388839,Active
102198,198,Current,Aurangabad Main,398026,Active
102199,199,Salary,Latur Branch,407213,Active
102200,200,Savings,Solapur Main,416400,Active
102201,201,Current,Mumbai Main,425587,Blocked
102202,202,Salary,Pune Central,434774,Active
102203,203,Savings,Nashik City,443961,Active
102204,204,Current,Nagpur Main,453148,Active
102205,205,Salary,Nanded Branch,462335,Active
102206,206,Savings,Aurangabad Main,471522,Inactive
102207,207,Current,Latur Branch,480709,Active
102208,208,Salary,Solapur Main,489896,Active
102209,209,Savings,Mumbai Main,499083,Active
102210,210,Current,Pune Central,13270,Active
102211,211,Salary,Nashik City,22457,Active
102212,212,Savings,Nagpur Main,31644,Active
102213,213,Current,Nanded Branch,40831,Active
102214,214,Salary,Aurangabad Main,50018,Active
102215,215,Savings,Latur Branch,59205,Active
102216,216,Current,Solapur Main,68392,Active
102217,217,Salary,Mumbai Main,77579,Active
102218,218,Savings,Pune Central,86766,Active
102219,219,Current,Nashik City,95953,Active
102220,220,Salary,Nagpur Main,105140,Active
102221,221,Savings,Nanded Branch,114327,Blocked
102222,222,Current,Aurangabad Main,123514,Active
102223,223,Salary,Latur Branch,132701,Active
102224,224,Savings,Solapur Main,141888,Active
102225,225,Current,Mumbai Main,151075,Active
102226,226,Salary,Pune Central,160262,Active
102227,227,Savings,Nashik City,169449,Active
102228,228,Current,Nagpur Main,178636,Active
102229,229,Salary,Nanded Branch,187823,Active
102230,230,Savings,Aurangabad Main,197010,Active
102231,231,Current,Latur Branch,206197,Active
102232,232,Salary,Solapur Main,215384,Active
102233,233,Savings,Mumbai Main,224571,Active
102234,234,Current,Pune Central,233758,Active
102235,235,Salary,Nashik City,242945,Active
102236,236,Savings,Nagpur Main,252132,Inactive
102237,237,Current,Nanded Branch,261319,Active
102238,238,Salary,Aurangabad Main,270506,Active
102239,239,Savings,Latur Branch,279693,Active
102240,240,Current,Solapur Main,288880,Active
102241,241,Salary,Mumbai Main,298067,Blocked
102242,242,Savings,Pune Central,307254,Active
102243,243,Current,Nashik City,316441,Active
102244,244,Salary,Nagpur Main,325628,Active
102245,245,Savings,Nanded Branch,334815,Active
102246,246,Current,Aurangabad Main,344002,Active
102247,247,Salary,Latur Branch,353189,Active
102248,248,Savings,Solapur Main,362376,Active
102249,249,Current,Mumbai Main,371563,Active
102250,250,Salary,Pune Central,380750,Active
102251,251,Savings,Nashik City,389937,Inactive
102252,252,Current,Nagpur Main,399124,Active
102253,253,Salary,Nanded Branch,408311,Active
102254,254,Savings,Aurangabad Main,417498,Active
102255,255,Current,Latur Branch,426685,Active
102256,256,Salary,Solapur Main,435872,Active
102257,257,Savings,Mumbai Main,445059,Active
102258,258,Current,Pune Central,454246,Active
102259,259,Salary,Nashik City,463433,Active
102260,260,Savings,Nagpur Main,472620,Active
102261,261,Current,Nanded Branch,481807,Blocked
102262,262,Salary,Aurangabad Main,490994,Active
102263,263,Savings,Latur Branch,5181,Active
102264,264,Current,Solapur Main,14368,Active
102265,265,Salary,Mumbai Main,23555,Active
102266,266,Savings,Pune Central,32742,Inactive
102267,267,Current,Nashik City,41929,Active
102268,268,Salary,Nagpur Main,51116,Active
102269,269,Savings,Nanded Branch,60303,Active
102270,270,Current,Aurangabad Main,69490,Active
102271,271,Salary,Latur Branch,78677,Active
102272,272,Savings,Solapur Main,87864,Active
102273,273,Current,Mumbai Main,97051,Active
102274,274,Salary,Pune Central,106238,Active
102275,275,Savings,Nashik City,115425,Active
102276,276,Current,Nagpur Main,124612,Active
102277,277,Salary,Nanded Branch,133799,Active
102278,278,Savings,Aurangabad Main,142986,Active
102279,279,Current,Latur Branch,152173,Active
102280,280,Salary,Solapur Main,161360,Active
102281,281,Savings,Mumbai Main,170547,Blocked
102282,282,Current,Pune Central,179734,Active
102283,283,Salary,Nashik City,188921,Active
102284,284,Savings,Nagpur Main,198108,Active
102285,285,Current,Nanded Branch,207295,Active
102286,286,Salary,Aurangabad Main,216482,Active
102287,287,Savings,Latur Branch,225669,Active
102288,288,Current,Solapur Main,234856,Active
102289,289,Salary,Mumbai Main,244043,Active
102290,290,Savings,Pune Central,253230,Active
102291,291,Current,Nashik City,262417,Active
102292,292,Salary,Nagpur Main,271604,Active
102293,293,Savings,Nanded Branch,280791,Active
102294,294,Current,Aurangabad Main,289978,Active
102295,295,Salary,Latur Branch,299165,Active
102296,296,Savings,Solapur Main,308352,Inactive
102297,297,Current,Mumbai Main,317539,Active
102298,298,Salary,Pune Central,326726,Active
102299,299,Savings,Nashik City,335913,Active
102300,300,Current,Nagpur Main,345100,Active
102301,301,Salary,Nanded Branch,354287,Blocked
102302,302,Savings,Aurangabad Main,363474,Active
102303,303,Current,Latur Branch,372661,Active
102304,304,Salary,Solapur Main,381848,Active
102305,305,Savings,Mumbai Main,391035,Active
102306,306,Current,Pune Central,400222,Active
102307,307,Salary,Nashik City,409409,Active
102308,308,Savings,Nagpur Main,418596,Active
102309,309,Current,Nanded Branch,427783,Active
102310,310,Salary,Aurangabad Main,436970,Active
102311,311,Savings,Latur Branch,446157,Inactive
102312,312,Current,Solapur Main,455344,Active
102313,313,Salary,Mumbai Main,464531,Active
102314,314,Savings,Pune Central,473718,Active
102315,315,Current,Nashik City,482905,Active
102316,316,Salary,Nagpur Main,492092,Active
102317,317,Savings,Nanded Branch,6279,Active
102318,318,Current,Aurangabad Main,15466,Active
102319,319,Salary,Latur Branch,24653,Active
102320,320,Savings,Solapur Main,33840,Active
102321,321,Current,Mumbai Main,43027,Blocked
102322,322,Salary,Pune Central,52214,Active
102323,323,Savings,Nashik City,61401,Active
102324,324,Current,Nagpur Main,70588,Active
102325,325,Salary,Nanded Branch,79775,Active
102326,326,Savings,Aurangabad Main,88962,Inactive
102327,327,Current,Latur Branch,98149,Active
102328,328,Salary,Solapur Main,107336,Active
102329,329,Savings,Mumbai Main,116523,Active
102330,330,Current,Pune Central,125710,Active
102331,331,Salary,Nashik City,134897,Active
102332,332,Savings,Nagpur Main,144084,Active
102333,333,Current,Nanded Branch,153271,Active
102334,334,Salary,Aurangabad Main,162458,Active
102335,335,Savings,Latur Branch,171645,Active
102336,336,Current,Solapur Main,180832,Active
102337,337,Salary,Mumbai Main,190019,Active
102338,338,Savings,Pune Central,199206,Active
102339,339,Current,Nashik City,208393,Active
102340,340,Salary,Nagpur Main,217580,Active
102341,341,Savings,Nanded Branch,226767,Blocked
102342,342,Current,Aurangabad Main,235954,Active
102343,343,Salary,Latur Branch,245141,Active
102344,344,Savings,Solapur Main,254328,Active
102345,345,Current,Mumbai Main,263515,Active
102346,346,Salary,Pune Central,272702,Active
102347,347,Savings,Nashik City,281889,Active
102348,348,Current,Nagpur Main,291076,Active
102349,349,Salary,Nanded Branch,300263,Active
102350,350,Savings,Aurangabad Main,309450,Active
102351,351,Current,Latur Branch,318637,Active
102352,352,Salary,Solapur Main,327824,Active
102353,353,Savings,Mumbai Main,337011,Active
102354,354,Current,Pune Central,346198,Active
102355,355,Salary,Nashik City,355385,Active
102356,356,Savings,Nagpur Main,364572,Inactive
102357,357,Current,Nanded Branch,373759,Active
102358,358,Salary,Aurangabad Main,382946,Active
102359,359,Savings,Latur Branch,392133,Active
102360,360,Current,Solapur Main,401320,Active
102361,361,Salary,Mumbai Main,410507,Blocked
102362,362,Savings,Pune Central,419694,Active
102363,363,Current,Nashik City,428881,Active
102364,364,Salary,Nagpur Main,438068,Active
102365,365,Savings,Nanded Branch,447255,Active
102366,366,Current,Aurangabad Main,456442,Active
102367,367,Salary,Latur Branch,465629,Active
102368,368,Savings,Solapur Main,474816,Active
102369,369,Current,Mumbai Main,484003,Active
102370,370,Salary,Pune Central,493190,Active
102371,371,Savings,Nashik City,7377,Inactive
102372,372,Current,Nagpur Main,16564,Active
102373,373,Salary,Nanded Branch,25751,Active
102374,374,Savings,Aurangabad Main,34938,Active
102375,375,Current,Latur Branch,44125,Active
102376,376,Salary,Solapur Main,53312,Active
102377,377,Savings,Mumbai Main,62499,Active
102378,378,Current,Pune Central,71686,Active
102379,379,Salary,Nashik City,80873,Active
102380,380,Savings,Nagpur Main,90060,Active
102381,381,Current,Nanded Branch,99247,Blocked
102382,382,Salary,Aurangabad Main,108434,Active
102383,383,Savings,Latur Branch,117621,Active
102384,384,Current,Solapur Main,126808,Active
102385,385,Salary,Mumbai Main,135995,Active
102386,386,Savings,Pune Central,145182,Inactive
102387,387,Current,Nashik City,154369,Active
102388,388,Salary,Nagpur Main,163556,Active
102389,389,Savings,Nanded Branch,172743,Active
102390,390,Current,Aurangabad Main,181930,Active
102391,391,Salary,Latur Branch,191117,Active
102392,392,Savings,Solapur Main,200304,Active
102393,393,Current,Mumbai Main,209491,Active
102394,394,Salary,Pune Central,218678,Active
102395,395,Savings,Nashik City,227865,Active
102396,396,Current,Nagpur Main,237052,Active
102397,397,Salary,Nanded Branch,246239,Active
102398,398,Savings,Aurangabad Main,255426,Active
102399,399,Current,Latur Branch,264613,Active
102400,400,Salary,Solapur Main,273800,Active
102401,401,Savings,Mumbai Main,282987,Blocked
102402,402,Current,Pune Central,292174,Active
102403,403,Salary,Nashik City,301361,Active
102404,404,Savings,Nagpur Main,310548,Active
102405,405,Current,Nanded Branch,319735,Active
102406,406,Salary,Aurangabad Main,328922,Active
102407,407,Savings,Latur Branch,338109,Active
102408,408,Current,Solapur Main,347296,Active
102409,409,Salary,Mumbai Main,356483,Active
102410,410,Savings,Pune Central,365670,Active
102411,411,Current,Nashik City,374857,Active
102412,412,Salary,Nagpur Main,384044,Active
102413,413,Savings,Nanded Branch,393231,Active
102414,414,Current,Aurangabad Main,402418,Active
102415,415,Salary,Latur Branch,411605,Active
102416,416,Savings,Solapur Main,420792,Inactive
102417,417,Current,Mumbai Main,429979,Active
102418,418,Salary,Pune Central,439166,Active
102419,419,Savings,Nashik City,448353,Active
102420,420,Current,Nagpur Main,457540,Active
102421,421,Salary,Nanded Branch,466727,Blocked
102422,422,Savings,Aurangabad Main,475914,Active
102423,423,Current,Latur Branch,485101,Active
102424,424,Salary,Solapur Main,494288,Active
102425,425,Savings,Mumbai Main,8475,Active
102426,426,Current,Pune Central,17662,Active
102427,427,Salary,Nashik City,26849,Active
102428,428,Savings,Nagpur Main,36036,Active
102429,429,Current,Nanded Branch,45223,Active
102430,430,Salary,Aurangabad Main,54410,Active
102431,431,Savings,Latur Branch,63597,Inactive
102432,432,Current,Solapur Main,72784,Active
102433,433,Salary,Mumbai Main,81971,Active
102434,434,Savings,Pune Central,91158,Active
102435,435,Current,Nashik City,100345,Active
102436,436,Salary,Nagpur Main,109532,Active
102437,437,Savings,Nanded Branch,118719,Active
102438,438,Current,Aurangabad Main,127906,Active
102439,439,Salary,Latur Branch,137093,Active
102440,440,Savings,Solapur Main,146280,Active
102441,441,Current,Mumbai Main,155467,Blocked
102442,442,Salary,Pune Central,164654,Active
102443,443,Savings,Nashik City,173841,Active
102444,444,Current,Nagpur Main,183028,Active
102445,445,Salary,Nanded Branch,192215,Active
102446,446,Savings,Aurangabad Main,201402,Inactive
102447,447,Current,Latur Branch,210589,Active
102448,448,Salary,Solapur Main,219776,Active
102449,449,Savings,Mumbai Main,228963,Active
102450,450,Current,Pune Central,238150,Active
102451,451,Salary,Nashik City,247337,Active
102452,452,Savings,Nagpur Main,256524,Active
102453,453,Current,Nanded Branch,265711,Active
102454,454,Salary,Aurangabad Main,274898,Active
102455,455,Savings,Latur Branch,284085,Active
102456,456,Current,Solapur Main,293272,Active
102457,457,Salary,Mumbai Main,302459,Active
102458,458,Savings,Pune Central,311646,Active
102459,459,Current,Nashik City,320833,Active
102460,460,Salary,Nagpur Main,330020,Active
102461,461,Savings,Nanded Branch,339207,Blocked
102462,462,Current,Aurangabad Main,348394,Active
102463,463,Salary,Latur Branch,357581,Active
102464,464,Savings,Solapur Main,366768,Active
102465,465,Current,Mumbai Main,375955,Active
102466,466,Salary,Pune Central,385142,Active
102467,467,Savings,Nashik City,394329,Active
102468,468,Current,Nagpur Main,403516,Active
102469,469,Salary,Nanded Branch,412703,Active
102470,470,Savings,Aurangabad Main,421890,Active
102471,471,Current,Latur Branch,431077,Active
102472,472,Salary,Solapur Main,440264,Active
102473,473,Savings,Mumbai Main,449451,Active
102474,474,Current,Pune Central,458638,Active
102475,475,Salary,Nashik City,467825,Active
102476,476,Savings,Nagpur Main,477012,Inactive
102477,477,Current,Nanded Branch,486199,Active
102478,478,Salary,Aurangabad Main,495386,Active
102479,479,Savings,Latur Branch,9573,Active
102480,480,Current,Solapur Main,18760,Active
102481,481,Salary,Mumbai Main,27947,Blocked
102482,482,Savings,Pune Central,37134,Active
102483,483,Current,Nashik City,46321,Active
102484,484,Salary,Nagpur Main,55508,Active
102485,485,Savings,Nanded Branch,64695,Active
102486,486,Current,Aurangabad Main,73882,Active
102487,487,Salary,Latur Branch,83069,Active
102488,488,Savings,Solapur Main,92256,Active
102489,489,Current,Mumbai Main,101443,Active
102490,490,Salary,Pune Central,110630,Active
102491,491,Savings,Nashik City,119817,Inactive
102492,492,Current,Nagpur Main,129004,Active
102493,493,Salary,Nanded Branch,138191,Active
102494,494,Savings,Aurangabad Main,147378,Active
102495,495,Current,Latur Branch,156565,Active
102496,496,Salary,Solapur Main,165752,Active
102497,497,Savings,Mumbai Main,174939,Active
102498,498,Current,Pune Central,184126,Active
102499,499,Salary,Nashik City,193313,Active
102500,500,Savings,Nagpur Main,202500,Active
102501,501,Current,Nanded Branch,211687,Blocked
102502,502,Salary,Aurangabad Main,220874,Active
102503,503,Savings,Latur Branch,230061,Active
102504,504,Current,Solapur Main,239248,Active
102505,505,Salary,Mumbai Main,248435,Active
102506,506,Savings,Pune Central,257622,Inactive
102507,507,Current,Nashik City,266809,Active
102508,508,Salary,Nagpur Main,275996,Active
102509,509,Savings,Nanded Branch,285183,Active
102510,510,Current,Aurangabad Main,294370,Active
102511,511,Salary,Latur Branch,303557,Active
102512,512,Savings,Solapur Main,312744,Active
102513,513,Current,Mumbai Main,321931,Active
102514,514,Salary,Pune Central,331118,Active
102515,515,Savings,Nashik City,340305,Active
102516,516,Current,Nagpur Main,349492,Active
102517,517,Salary,Nanded Branch,358679,Active
102518,518,Savings,Aurangabad Main,367866,Active
102519,519,Current,Latur Branch,377053,Active
102520,520,Salary,Solapur Main,386240,Active
102521,521,Savings,Mumbai Main,395427,Blocked
102522,522,Current,Pune Central,404614,Active
102523,523,Salary,Nashik City,413801,Active
102524,524,Savings,Nagpur Main,422988,Active
102525,525,Current,Nanded Branch,432175,Active
102526,526,Salary,Aurangabad Main,441362,Active
102527,527,Savings,Latur Branch,450549,Active
102528,528,Current,Solapur Main,459736,Active
102529,529,Salary,Mumbai Main,468923,Active
102530,530,Savings,Pune Central,478110,Active
102531,531,Current,Nashik City,487297,Active
102532,532,Salary,Nagpur Main,496484,Active
102533,533,Savings,Nanded Branch,10671,Active
102534,534,Current,Aurangabad Main,19858,Active
102535,535,Salary,Latur Branch,29045,Active
102536,536,Savings,Solapur Main,38232,Inactive
102537,537,Current,Mumbai Main,47419,Active
102538,538,Salary,Pune Central,56606,Active
102539,539,Savings,Nashik City,65793,Active
102540,540,Current,Nagpur Main,74980,Active
102541,541,Salary,Nanded Branch,84167,Blocked
102542,542,Savings,Aurangabad Main,93354,Active
102543,543,Current,Latur Branch,102541,Active
102544,544,Salary,Solapur Main,111728,Active
102545,545,Savings,Mumbai Main,120915,Active
102546,546,Current,Pune Central,130102,Active
102547,547,Salary,Nashik City,139289,Active
102548,548,Savings,Nagpur Main,148476,Active
102549,549,Current,Nanded Branch,157663,Active
102550,550,Salary,Aurangabad Main,166850,Active
102551,551,Savings,Latur Branch,176037,Inactive
102552,552,Current,Solapur Main,185224,Active
102553,553,Salary,Mumbai Main,194411,Active
102554,554,Savings,Pune Central,203598,Active
102555,555,Current,Nashik City,212785,Active
102556,556,Salary,Nagpur Main,221972,Active
102557,557,Savings,Nanded Branch,231159,Active
102558,558,Current,Aurangabad Main,240346,Active
102559,559,Salary,Latur Branch,249533,Active
102560,560,Savings,Solapur Main,258720,Active
102561,561,Current,Mumbai Main,267907,Blocked
102562,562,Salary,Pune Central,277094,Active
102563,563,Savings,Nashik City,286281,Active
102564,564,Current,Nagpur Main,295468,Active
102565,565,Salary,Nanded Branch,304655,Active
102566,566,Savings,Aurangabad Main,313842,Inactive
102567,567,Current,Latur Branch,323029,Active
102568,568,Salary,Solapur Main,332216,Active
102569,569,Savings,Mumbai Main,341403,Active
102570,570,Current,Pune Central,350590,Active
102571,571,Salary,Nashik City,359777,Active
102572,572,Savings,Nagpur Main,368964,Active
102573,573,Current,Nanded Branch,378151,Active
102574,574,Salary,Aurangabad Main,387338,Active
102575,575,Savings,Latur Branch,396525,Active
102576,576,Current,Solapur Main,405712,Active
102577,577,Salary,Mumbai Main,414899,Active
102578,578,Savings,Pune Central,424086,Active
102579,579,Current,Nashik City,433273,Active
102580,580,Salary,Nagpur Main,442460,Active
102581,581,Savings,Nanded Branch,451647,Blocked
102582,582,Current,Aurangabad Main,460834,Active
102583,583,Salary,Latur Branch,470021,Active
102584,584,Savings,Solapur Main,479208,Active
102585,585,Current,Mumbai Main,488395,Active
102586,586,Salary,Pune Central,497582,Active
102587,587,Savings,Nashik City,11769,Active
102588,588,Current,Nagpur Main,20956,Active
102589,589,Salary,Nanded Branch,30143,Active
102590,590,Savings,Aurangabad Main,39330,Active
102591,591,Current,Latur Branch,48517,Active
102592,592,Salary,Solapur Main,57704,Active
102593,593,Savings,Mumbai Main,66891,Active
102594,594,Current,Pune Central,76078,Active
102595,595,Salary,Nashik City,85265,Active
102596,596,Savings,Nagpur Main,94452,Inactive
102597,597,Current,Nanded Branch,103639,Active
102598,598,Salary,Aurangabad Main,112826,Active
102599,599,Savings,Latur Branch,122013,Active
102600,600,Current,Solapur Main,131200,Active
102601,601,Salary,Mumbai Main,140387,Blocked
102602,602,Savings,Pune Central,149574,Active
102603,603,Current,Nashik City,158761,Active
102604,604,Salary,Nagpur Main,167948,Active
102605,605,Savings,Nanded Branch,177135,Active
102606,606,Current,Aurangabad Main,186322,Active
102607,607,Salary,Latur Branch,195509,Active
102608,608,Savings,Solapur Main,204696,Active
102609,609,Current,Mumbai Main,213883,Active
102610,610,Salary,Pune Central,223070,Active
102611,611,Savings,Nashik City,232257,Inactive
102612,612,Current,Nagpur Main,241444,Active
102613,613,Salary,Nanded Branch,250631,Active
102614,614,Savings,Aurangabad Main,259818,Active
102615,615,Current,Latur Branch,269005,Active
102616,616,Salary,Solapur Main,278192,Active
102617,617,Savings,Mumbai Main,287379,Active
102618,618,Current,Pune Central,296566,Active
102619,619,Salary,Nashik City,305753,Active
102620,620,Savings,Nagpur Main,314940,Active
102621,621,Current,Nanded Branch,324127,Blocked
102622,622,Salary,Aurangabad Main,333314,Active
102623,623,Savings,Latur Branch,342501,Active
102624,624,Current,Solapur Main,351688,Active
102625,625,Salary,Mumbai Main,360875,Active
102626,626,Savings,Pune Central,370062,Inactive
102627,627,Current,Nashik City,379249,Active
102628,628,Salary,Nagpur Main,388436,Active
102629,629,Savings,Nanded Branch,397623,Active
102630,630,Current,Aurangabad Main,406810,Active
102631,631,Salary,Latur Branch,415997,Active
102632,632,Savings,Solapur Main,425184,Active
102633,633,Current,Mumbai Main,434371,Active
102634,634,Salary,Pune Central,443558,Active
102635,635,Savings,Nashik City,452745,Active
102636,636,Current,Nagpur Main,461932,Active
102637,637,Salary,Nanded Branch,471119,Active
102638,638,Savings,Aurangabad Main,480306,Active
102639,639,Current,Latur Branch,489493,Active
102640,640,Salary,Solapur Main,498680,Active
102641,641,Savings,Mumbai Main,12867,Blocked
102642,642,Current,Pune Central,22054,Active
102643,643,Salary,Nashik City,31241,Active
102644,644,Savings,Nagpur Main,40428,Active
102645,645,Current,Nanded Branch,49615,Active
102646,646,Salary,Aurangabad Main,58802,Active
102647,647,Savings,Latur Branch,67989,Active
102648,648,Current,Solapur Main,77176,Active
102649,649,Salary,Mumbai Main,86363,Active
102650,650,Savings,Pune Central,95550,Active
102651,651,Current,Nashik City,104737,Active
102652,652,Salary,Nagpur Main,113924,Active
102653,653,Savings,Nanded Branch,123111,Active
102654,654,Current,Aurangabad Main,132298,Active
102655,655,Salary,Latur Branch,141485,Active
102656,656,Savings,Solapur Main,150672,Inactive
102657,657,Current,Mumbai Main,159859,Active
102658,658,Salary,Pune Central,169046,Active
102659,659,Savings,Nashik City,178233,Active
102660,660,Current,Nagpur Main,187420,Active
102661,661,Salary,Nanded Branch,196607,Blocked
102662,662,Savings,Aurangabad Main,205794,Active
102663,663,Current,Latur Branch,214981,Active
102664,664,Salary,Solapur Main,224168,Active
102665,665,Savings,Mumbai Main,233355,Active
102666,666,Current,Pune Central,242542,Active
102667,667,Salary,Nashik City,251729,Active
102668,668,Savings,Nagpur Main,260916,Active
102669,669,Current,Nanded Branch,270103,Active
102670,670,Salary,Aurangabad Main,279290,Active
102671,671,Savings,Latur Branch,288477,Inactive
102672,672,Current,Solapur Main,297664,Active
102673,673,Salary,Mumbai Main,306851,Active
102674,674,Savings,Pune Central,316038,Active
102675,675,Current,Nashik City,325225,Active
102676,676,Salary,Nagpur Main,334412,Active
102677,677,Savings,Nanded Branch,343599,Active
102678,678,Current,Aurangabad Main,352786,Active
102679,679,Salary,Latur Branch,361973,Active
102680,680,Savings,Solapur Main,371160,Active
102681,681,Current,Mumbai Main,380347,Blocked
102682,682,Salary,Pune Central,389534,Active
102683,683,Savings,Nashik City,398721,Active
102684,684,Current,Nagpur Main,407908,Active
102685,685,Salary,Nanded Branch,417095,Active
102686,686,Savings,Aurangabad Main,426282,Inactive
102687,687,Current,Latur Branch,435469,Active
102688,688,Salary,Solapur Main,444656,Active
102689,689,Savings,Mumbai Main,453843,Active
102690,690,Current,Pune Central,463030,Active
102691,691,Salary,Nashik City,472217,Active
102692,692,Savings,Nagpur Main,481404,Active
102693,693,Current,Nanded Branch,490591,Active
102694,694,Salary,Aurangabad Main,499778,Active
102695,695,Savings,Latur Branch,13965,Active
102696,696,Current,Solapur Main,23152,Active
102697,697,Salary,Mumbai Main,32339,Active
102698,698,Savings,Pune Central,41526,Active
102699,699,Current,Nashik City,50713,Active
102700,700,Salary,Nagpur Main,59900,Active
102701,701,Savings,Nanded Branch,69087,Blocked
102702,702,Current,Aurangabad Main,78274,Active
102703,703,Salary,Latur Branch,87461,Active
102704,704,Savings,Solapur Main,96648,Active
102705,705,Current,Mumbai Main,105835,Active
102706,706,Salary,Pune Central,115022,Active
102707,707,Savings,Nashik City,124209,Active
102708,708,Current,Nagpur Main,133396,Active
102709,709,Salary,Nanded Branch,142583,Active
102710,710,Savings,Aurangabad Main,151770,Active
102711,711,Current,Latur Branch,160957,Active
102712,712,Salary,Solapur Main,170144,Active
102713,713,Savings,Mumbai Main,179331,Active
102714,714,Current,Pune Central,188518,Active
102715,715,Salary,Nashik City,197705,Active
102716,716,Savings,Nagpur Main,206892,Inactive
102717,717,Current,Nanded Branch,216079,Active
102718,718,Salary,Aurangabad Main,225266,Active
102719,719,Savings,Latur Branch,234453,Active
102720,720,Current,Solapur Main,243640,Active
102721,721,Salary,Mumbai Main,252827,Blocked
102722,722,Savings,Pune Central,262014,Active
102723,723,Current,Nashik City,271201,Active
102724,724,Salary,Nagpur Main,280388,Active
102725,725,Savings,Nanded Branch,289575,Active
102726,726,Current,Aurangabad Main,298762,Active
102727,727,Salary,Latur Branch,307949,Active
102728,728,Savings,Solapur Main,317136,Active
102729,729,Current,Mumbai Main,326323,Active
102730,730,Salary,Pune Central,335510,Active
102731,731,Savings,Nashik City,344697,Inactive
102732,732,Current,Nagpur Main,353884,Active
102733,733,Salary,Nanded Branch,363071,Active
102734,734,Savings,Aurangabad Main,372258,Active
102735,735,Current,Latur Branch,381445,Active
102736,736,Salary,Solapur Main,390632,Active
102737,737,Savings,Mumbai Main,399819,Active
102738,738,Current,Pune Central,409006,Active
102739,739,Salary,Nashik City,418193,Active
102740,740,Savings,Nagpur Main,427380,Active
102741,741,Current,Nanded Branch,436567,Blocked
102742,742,Salary,Aurangabad Main,445754,Active
102743,743,Savings,Latur Branch,454941,Active
102744,744,Current,Solapur Main,464128,Active
102745,745,Salary,Mumbai Main,473315,Active
102746,746,Savings,Pune Central,482502,Inactive
102747,747,Current,Nashik City,491689,Active
102748,748,Salary,Nagpur Main,5876,Active
102749,749,Savings,Nanded Branch,15063,Active
102750,750,Current,Aurangabad Main,24250,Active
102751,751,Salary,Latur Branch,33437,Active
102752,752,Savings,Solapur Main,42624,Active
102753,753,Current,Mumbai Main,51811,Active
102754,754,Salary,Pune Central,60998,Active
102755,755,Savings,Nashik City,70185,Active
102756,756,Current,Nagpur Main,79372,Active
102757,757,Salary,Nanded Branch,88559,Active
102758,758,Savings,Aurangabad Main,97746,Active
102759,759,Current,Latur Branch,106933,Active
102760,760,Salary,Solapur Main,116120,Active
102761,761,Savings,Mumbai Main,125307,Blocked
102762,762,Current,Pune Central,134494,Active
102763,763,Salary,Nashik City,143681,Active
102764,764,Savings,Nagpur Main,152868,Active
102765,765,Current,Nanded Branch,162055,Active
102766,766,Salary,Aurangabad Main,171242,Active
102767,767,Savings,Latur Branch,180429,Active
102768,768,Current,Solapur Main,189616,Active
102769,769,Salary,Mumbai Main,198803,Active
102770,770,Savings,Pune Central,207990,Active
102771,771,Current,Nashik City,217177,Active
102772,772,Salary,Nagpur Main,226364,Active
102773,773,Savings,Nanded Branch,235551,Active
102774,774,Current,Aurangabad Main,244738,Active
102775,775,Salary,Latur Branch,253925,Active
102776,776,Savings,Solapur Main,263112,Inactive
102777,777,Current,Mumbai Main,272299,Active
102778,778,Salary,Pune Central,281486,Active
102779,779,Savings,Nashik City,290673,Active
102780,780,Current,Nagpur Main,299860,Active
102781,781,Salary,Nanded Branch,309047,Blocked
102782,782,Savings,Aurangabad Main,318234,Active
102783,783,Current,Latur Branch,327421,Active
102784,784,Salary,Solapur Main,336608,Active
102785,785,Savings,Mumbai Main,345795,Active
102786,786,Current,Pune Central,354982,Active
102787,787,Salary,Nashik City,364169,Active
102788,788,Savings,Nagpur Main,373356,Active
102789,789,Current,Nanded Branch,382543,Active
102790,790,Salary,Aurangabad Main,391730,Active
102791,791,Savings,Latur Branch,400917,Inactive
102792,792,Current,Solapur Main,410104,Active
102793,793,Salary,Mumbai Main,419291,Active
102794,794,Savings,Pune Central,428478,Active
102795,795,Current,Nashik City,437665,Active
102796,796,Salary,Nagpur Main,446852,Active
102797,797,Savings,Nanded Branch,456039,Active
102798,798,Current,Aurangabad Main,465226,Active
102799,799,Salary,Latur Branch,474413,Active
102800,800,Savings,Solapur Main,483600,Active
102801,801,Current,Mumbai Main,492787,Blocked
102802,802,Salary,Pune Central,6974,Active
102803,803,Savings,Nashik City,16161,Active
102804,804,Current,Nagpur Main,25348,Active
102805,805,Salary,Nanded Branch,34535,Active
102806,806,Savings,Aurangabad Main,43722,Inactive
102807,807,Current,Latur Branch,52909,Active
102808,808,Salary,Solapur Main,62096,Active
102809,809,Savings,Mumbai Main,71283,Active
102810,810,Current,Pune Central,80470,Active
102811,811,Salary,Nashik City,89657,Active
102812,812,Savings,Nagpur Main,98844,Active
102813,813,Current,Nanded Branch,108031,Active
102814,814,Salary,Aurangabad Main,117218,Active
102815,815,Savings,Latur Branch,126405,Active
102816,816,Current,Solapur Main,135592,Active
102817,817,Salary,Mumbai Main,144779,Active
102818,818,Savings,Pune Central,153966,Active
102819,819,Current,Nashik City,163153,Active
102820,820,Salary,Nagpur Main,172340,Active
102821,821,Savings,Nanded Branch,181527,Blocked
102822,822,Current,Aurangabad Main,190714,Active
102823,823,Salary,Latur Branch,199901,Active
102824,824,Savings,Solapur Main,209088,Active
102825,825,Current,Mumbai Main,218275,Active
102826,826,Salary,Pune Central,227462,Active
102827,827,Savings,Nashik City,236649,Active
102828,828,Current,Nagpur Main,245836,Active
102829,829,Salary,Nanded Branch,255023,Active
102830,830,Savings,Aurangabad Main,264210,Active
102831,831,Current,Latur Branch,273397,Active
102832,832,Salary,Solapur Main,282584,Active
102833,833,Savings,Mumbai Main,291771,Active
102834,834,Current,Pune Central,300958,Active
102835,835,Salary,Nashik City,310145,Active
102836,836,Savings,Nagpur Main,319332,Inactive
102837,837,Current,Nanded Branch,328519,Active
102838,838,Salary,Aurangabad Main,337706,Active
102839,839,Savings,Latur Branch,346893,Active
102840,840,Current,Solapur Main,356080,Active
102841,841,Salary,Mumbai Main,365267,Blocked
102842,842,Savings,Pune Central,374454,Active
102843,843,Current,Nashik City,383641,Active
102844,844,Salary,Nagpur Main,392828,Active
102845,845,Savings,Nanded Branch,402015,Active
102846,846,Current,Aurangabad Main,411202,Active
102847,847,Salary,Latur Branch,420389,Active
102848,848,Savings,Solapur Main,429576,Active
102849,849,Current,Mumbai Main,438763,Active
102850,850,Salary,Pune Central,447950,Active
102851,851,Savings,Nashik City,457137,Inactive
102852,852,Current,Nagpur Main,466324,Active
102853,853,Salary,Nanded Branch,475511,Active
102854,854,Savings,Aurangabad Main,484698,Active
102855,855,Current,Latur Branch,493885,Active
102856,856,Salary,Solapur Main,8072,Active
102857,857,Savings,Mumbai Main,17259,Active
102858,858,Current,Pune Central,26446,Active
102859,859,Salary,Nashik City,35633,Active
102860,860,Savings,Nagpur Main,44820,Active
102861,861,Current,Nanded Branch,54007,Blocked
102862,862,Salary,Aurangabad Main,63194,Active
102863,863,Savings,Latur Branch,72381,Active
102864,864,Current,Solapur Main,81568,Active
102865,865,Salary,Mumbai Main,90755,Active
102866,866,Savings,Pune Central,99942,Inactive
102867,867,Current,Nashik City,109129,Active
102868,868,Salary,Nagpur Main,118316,Active
102869,869,Savings,Nanded Branch,127503,Active
102870,870,Current,Aurangabad Main,136690,Active
102871,871,Salary,Latur Branch,145877,Active
102872,872,Savings,Solapur Main,155064,Active
102873,873,Current,Mumbai Main,164251,Active
102874,874,Salary,Pune Central,173438,Active
102875,875,Savings,Nashik City,182625,Active
102876,876,Current,Nagpur Main,191812,Active
102877,877,Salary,Nanded Branch,200999,Active
102878,878,Savings,Aurangabad Main,210186,Active
102879,879,Current,Latur Branch,219373,Active
102880,880,Salary,Solapur Main,228560,Active
102881,881,Savings,Mumbai Main,237747,Blocked
102882,882,Current,Pune Central,246934,Active
102883,883,Salary,Nashik City,256121,Active
102884,884,Savings,Nagpur Main,265308,Active
102885,885,Current,Nanded Branch,274495,Active
102886,886,Salary,Aurangabad Main,283682,Active
102887,887,Savings,Latur Branch,292869,Active
102888,888,Current,Solapur Main,302056,Active
102889,889,Salary,Mumbai Main,311243,Active
102890,890,Savings,Pune Central,320430,Active
102891,891,Current,Nashik City,329617,Active
102892,892,Salary,Nagpur Main,338804,Active
102893,893,Savings,Nanded Branch,347991,Active
102894,894,Current,Aurangabad Main,357178,Active
102895,895,Salary,Latur Branch,366365,Active
102896,896,Savings,Solapur Main,375552,Inactive
102897,897,Current,Mumbai Main,384739,Active
102898,898,Salary,Pune Central,393926,Active
102899,899,Savings,Nashik City,403113,Active
102900,900,Current,Nagpur Main,412300,Active
102901,901,Salary,Nanded Branch,421487,Blocked
102902,902,Savings,Aurangabad Main,430674,Active
102903,903,Current,Latur Branch,439861,Active
102904,904,Salary,Solapur Main,449048,Active
102905,905,Savings,Mumbai Main,458235,Active
102906,906,Current,Pune Central,467422,Active
102907,907,Salary,Nashik City,476609,Active
102908,908,Savings,Nagpur Main,485796,Active
102909,909,Current,Nanded Branch,494983,Active
102910,910,Salary,Aurangabad Main,9170,Active
102911,911,Savings,Latur Branch,18357,Inactive
102912,912,Current,Solapur Main,27544,Active
102913,913,Salary,Mumbai Main,36731,Active
102914,914,Savings,Pune Central,45918,Active
102915,915,Current,Nashik City,55105,Active
102916,916,Salary,Nagpur Main,64292,Active
102917,917,Savings,Nanded Branch,73479,Active
102918,918,Current,Aurangabad Main,82666,Active
102919,919,Salary,Latur Branch,91853,Active
102920,920,Savings,Solapur Main,101040,Active
102921,921,Current,Mumbai Main,110227,Blocked
102922,922,Salary,Pune Central,119414,Active
102923,923,Savings,Nashik City,128601,Active
102924,924,Current,Nagpur Main,137788,Active
102925,925,Salary,Nanded Branch,146975,Active
102926,926,Savings,Aurangabad Main,156162,Inactive
102927,927,Current,Latur Branch,165349,Active
102928,928,Salary,Solapur Main,174536,Active
102929,929,Savings,Mumbai Main,183723,Active
102930,930,Current,Pune Central,192910,Active
102931,931,Salary,Nashik City,202097,Active
102932,932,Savings,Nagpur Main,211284,Active
102933,933,Current,Nanded Branch,220471,Active
102934,934,Salary,Aurangabad Main,229658,Active
102935,935,Savings,Latur Branch,238845,Active
102936,936,Current,Solapur Main,248032,Active
102937,937,Salary,Mumbai Main,257219,Active
102938,938,Savings,Pune Central,266406,Active
102939,939,Current,Nashik City,275593,Active
102940,940,Salary,Nagpur Main,284780,Active
102941,941,Savings,Nanded Branch,293967,Blocked
102942,942,Current,Aurangabad Main,303154,Active
102943,943,Salary,Latur Branch,312341,Active
102944,944,Savings,Solapur Main,321528,Active
102945,945,Current,Mumbai Main,330715,Active
102946,946,Salary,Pune Central,339902,Active
102947,947,Savings,Nashik City,349089,Active
102948,948,Current,Nagpur Main,358276,Active
102949,949,Salary,Nanded Branch,367463,Active
102950,950,Savings,Aurangabad Main,376650,Active
102951,951,Current,Latur Branch,385837,Active
102952,952,Salary,Solapur Main,395024,Active
102953,953,Savings,Mumbai Main,404211,Active
102954,954,Current,Pune Central,413398,Active
102955,955,Salary,Nashik City,422585,Active
102956,956,Savings,Nagpur Main,431772,Inactive
102957,957,Current,Nanded Branch,440959,Active
102958,958,Salary,Aurangabad Main,450146,Active
102959,959,Savings,Latur Branch,459333,Active
102960,960,Current,Solapur Main,468520,Active
102961,961,Salary,Mumbai Main,477707,Blocked
102962,962,Savings,Pune Central,486894,Active
102963,963,Current,Nashik City,496081,Active
102964,964,Salary,Nagpur Main,10268,Active
102965,965,Savings,Nanded Branch,19455,Active
102966,966,Current,Aurangabad Main,28642,Active
102967,967,Salary,Latur Branch,37829,Active
102968,968,Savings,Solapur Main,47016,Active
102969,969,Current,Mumbai Main,56203,Active
102970,970,Salary,Pune Central,65390,Active
102971,971,Savings,Nashik City,74577,Inactive
102972,972,Current,Nagpur Main,83764,Active
102973,973,Salary,Nanded Branch,92951,Active
102974,974,Savings,Aurangabad Main,102138,Active
102975,975,Current,Latur Branch,111325,Active
102976,976,Salary,Solapur Main,120512,Active
102977,977,Savings,Mumbai Main,129699,Active
102978,978,Current,Pune Central,138886,Active
102979,979,Salary,Nashik City,148073,Active
102980,980,Savings,Nagpur Main,157260,Active
102981,981,Current,Nanded Branch,166447,Blocked
102982,982,Salary,Aurangabad Main,175634,Active
102983,983,Savings,Latur Branch,184821,Active
102984,984,Current,Solapur Main,194008,Active
102985,985,Salary,Mumbai Main,203195,Active
102986,986,Savings,Pune Central,212382,Inactive
102987,987,Current,Nashik City,221569,Active
102988,988,Salary,Nagpur Main,230756,Active
102989,989,Savings,Nanded Branch,239943,Active
102990,990,Current,Aurangabad Main,249130,Active
102991,991,Salary,Latur Branch,258317,Active
102992,992,Savings,Solapur Main,267504,Active
102993,993,Current,Mumbai Main,276691,Active
102994,994,Salary,Pune Central,285878,Active
102995,995,Savings,Nashik City,295065,Active
102996,996,Current,Nagpur Main,304252,Active
102997,997,Salary,Nanded Branch,313439,Active
102998,998,Savings,Aurangabad Main,322626,Active
102999,999,Current,Latur Branch,331813,Active
103000,1000,Salary,Solapur Main,341000,Active
