customer_id,customer_name,gender,date_of_birth,city,state,occupation,account_open_date
1,Aarav 0001,Male,1980-01-01,Mumbai,Maharashtra,Engineer,2018-01-01
2,Vihaan 0002,Female,1980-05-17,Pune,Gujarat,Teacher,2018-01-30
3,Aditya 0003,Male,1980-10-01,Nashik,Karnataka,Doctor,2018-02-28
4,Arjun 0004,Female,1981-02-15,Nagpur,Delhi,Business Owner,2018-03-29
5,Rahul 0005,Male,1981-07-02,Aurangabad,Telangana,Analyst,2018-04-27
6,Rohan 0006,Female,1981-11-16,Nanded,Maharashtra,Manager,2018-05-26
7,Karan 0007,Male,1982-04-02,Parbhani,Gujarat,Accountant,2018-06-24
8,Vivek 0008,Female,1982-08-17,Latur,Karnataka,Developer,2018-07-23
9,Akash 0009,Male,1983-01-01,Kolhapur,Delhi,Consultant,2018-08-21
10,Siddharth 0010,Female,1983-05-18,Solapur,Telangana,Student,2018-09-19
11,Ananya 0011,Male,1983-10-02,Mumbai,Maharashtra,Engineer,2018-10-18
12,Priya 0012,Female,1984-02-16,Pune,Gujarat,Teacher,2018-11-16
13,Sneha 0013,Male,1984-07-02,Nashik,Karnataka,Doctor,2018-12-15
14,Kavya 0014,Female,1984-11-16,Nagpur,Delhi,Business Owner,2019-01-13
15,Isha 0015,Male,1985-04-02,Aurangabad,Telangana,Analyst,2019-02-11
16,Neha 0016,Female,1985-08-17,Nanded,Maharashtra,Manager,2019-03-12
17,Pooja 0017,Male,1986-01-01,Parbhani,Gujarat,Accountant,2019-04-10
18,Riya 0018,Female,1986-05-18,Latur,Karnataka,Developer,2019-05-09
19,Meera 0019,Male,1986-10-02,Kolhapur,Delhi,Consultant,2019-06-07
20,Aditi 0020,Female,1987-02-16,Solapur,Telangana,Student,2019-07-06
21,Aarav 0021,Male,1987-07-03,Mumbai,Maharashtra,Engineer,2019-08-04
22,Vihaan 0022,Female,1987-11-17,Pune,Gujarat,Teacher,2019-09-02
23,Aditya 0023,Male,1988-04-02,Nashik,Karnataka,Doctor,2019-10-01
24,Arjun 0024,Female,1988-08-17,Nagpur,Delhi,Business Owner,2019-10-30
25,Rahul 0025,Male,1989-01-01,Aurangabad,Telangana,Analyst,2019-11-28
26,Rohan 0026,Female,1989-05-18,Nanded,Maharashtra,Manager,2019-12-27
27,Karan 0027,Male,1989-10-02,Parbhani,Gujarat,Accountant,2020-01-25
28,Vivek 0028,Female,1990-02-16,Latur,Karnataka,Developer,2020-02-23
29,Akash 0029,Male,1990-07-03,Kolhapur,Delhi,Consultant,2020-03-23
30,Siddharth 0030,Female,1990-11-17,Solapur,Telangana,Student,2020-04-21
31,Ananya 0031,Male,1991-04-03,Mumbai,Maharashtra,Engineer,2020-05-20
32,Priya 0032,Female,1991-08-18,Pune,Gujarat,Teacher,2020-06-18
33,Sneha 0033,Male,1992-01-02,Nashik,Karnataka,Doctor,2020-07-17
34,Kavya 0034,Female,1992-05-18,Nagpur,Delhi,Business Owner,2020-08-15
35,Isha 0035,Male,1992-10-02,Aurangabad,Telangana,Analyst,2020-09-13
36,Neha 0036,Female,1993-02-16,Nanded,Maharashtra,Manager,2020-10-12
37,Pooja 0037,Male,1993-07-03,Parbhani,Gujarat,Accountant,2020-11-10
38,Riya 0038,Female,1993-11-17,Latur,Karnataka,Developer,2020-12-09
39,Meera 0039,Male,1994-04-03,Kolhapur,Delhi,Consultant,2021-01-07
40,Aditi 0040,Female,1994-08-18,Solapur,Telangana,Student,2021-02-05
41,Aarav 0041,Male,1995-01-02,Mumbai,Maharashtra,Engineer,2021-03-06
42,Vihaan 0042,Female,1995-05-19,Pune,Gujarat,Teacher,2021-04-04
43,Aditya 0043,Male,1995-10-03,Nashik,Karnataka,Doctor,2021-05-03
44,Arjun 0044,Female,1996-02-17,Nagpur,Delhi,Business Owner,2021-06-01
45,Rahul 0045,Male,1996-07-03,Aurangabad,Telangana,Analyst,2021-06-30
46,Rohan 0046,Female,1996-11-17,Nanded,Maharashtra,Manager,2021-07-29
47,Karan 0047,Male,1997-04-03,Parbhani,Gujarat,Accountant,2021-08-27
48,Vivek 0048,Female,1997-08-18,Latur,Karnataka,Developer,2021-09-25
49,Akash 0049,Male,1998-01-02,Kolhapur,Delhi,Consultant,2021-10-24
50,Siddharth 0050,Female,1998-05-19,Solapur,Telangana,Student,2021-11-22
51,Ananya 0051,Male,1998-10-03,Mumbai,Maharashtra,Engineer,2021-12-21
52,Priya 0052,Female,1999-02-17,Pune,Gujarat,Teacher,2022-01-19
53,Sneha 0053,Male,1999-07-04,Nashik,Karnataka,Doctor,2022-02-17
54,Kavya 0054,Female,1999-11-18,Nagpur,Delhi,Business Owner,2022-03-18
55,Isha 0055,Male,2000-04-03,Aurangabad,Telangana,Analyst,2022-04-16
56,Neha 0056,Female,2000-08-18,Nanded,Maharashtra,Manager,2022-05-15
57,Pooja 0057,Male,2001-01-02,Parbhani,Gujarat,Accountant,2022-06-13
58,Riya 0058,Female,2001-05-19,Latur,Karnataka,Developer,2022-07-12
59,Meera 0059,Male,2001-10-03,Kolhapur,Delhi,Consultant,2022-08-10
60,Aditi 0060,Female,2002-02-17,Solapur,Telangana,Student,2022-09-08
61,Aarav 0061,Male,2002-07-04,Mumbai,Maharashtra,Engineer,2022-10-07
62,Vihaan 0062,Female,2002-11-18,Pune,Gujarat,Teacher,2022-11-05
63,Aditya 0063,Male,2003-04-04,Nashik,Karnataka,Doctor,2022-12-04
64,Arjun 0064,Female,2003-08-19,Nagpur,Delhi,Business Owner,2023-01-02
65,Rahul 0065,Male,2004-01-03,Aurangabad,Telangana,Analyst,2023-01-31
66,Rohan 0066,Female,2004-05-19,Nanded,Maharashtra,Manager,2023-03-01
67,Karan 0067,Male,2004-10-03,Parbhani,Gujarat,Accountant,2023-03-30
68,Vivek 0068,Female,2005-02-17,Latur,Karnataka,Developer,2023-04-28
69,Akash 0069,Male,2005-07-04,Kolhapur,Delhi,Consultant,2023-05-27
70,Siddharth 0070,Female,2005-11-18,Solapur,Telangana,Student,2023-06-25
71,Ananya 0071,Male,2006-04-04,Mumbai,Maharashtra,Engineer,2023-07-24
72,Priya 0072,Female,2006-08-19,Pune,Gujarat,Teacher,2023-08-22
73,Sneha 0073,Male,2007-01-03,Nashik,Karnataka,Doctor,2023-09-20
74,Kavya 0074,Female,2007-05-20,Nagpur,Delhi,Business Owner,2023-10-19
75,Isha 0075,Male,2007-10-04,Aurangabad,Telangana,Analyst,2023-11-17
76,Neha 0076,Female,2008-02-18,Nanded,Maharashtra,Manager,2023-12-16
77,Pooja 0077,Male,2008-07-04,Parbhani,Gujarat,Accountant,2024-01-14
78,Riya 0078,Female,2008-11-18,Latur,Karnataka,Developer,2024-02-12
79,Meera 0079,Male,2009-04-04,Kolhapur,Delhi,Consultant,2024-03-12
80,Aditi 0080,Female,2009-08-19,Solapur,Telangana,Student,2024-04-10
81,Aarav 0081,Male,2010-01-03,Mumbai,Maharashtra,Engineer,2024-05-09
82,Vihaan 0082,Female,2010-05-20,Pune,Gujarat,Teacher,2024-06-07
83,Aditya 0083,Male,2010-10-04,Nashik,Karnataka,Doctor,2024-07-06
84,Arjun 0084,Female,2011-02-18,Nagpur,Delhi,Business Owner,2024-08-04
85,Rahul 0085,Male,2011-07-05,Aurangabad,Telangana,Analyst,2024-09-02
86,Rohan 0086,Female,2011-11-19,Nanded,Maharashtra,Manager,2024-10-01
87,Karan 0087,Male,2012-04-04,Parbhani,Gujarat,Accountant,2024-10-30
88,Vivek 0088,Female,2012-08-19,Latur,Karnataka,Developer,2024-11-28
89,Akash 0089,Male,1980-02-26,Kolhapur,Delhi,Consultant,2024-12-27
90,Siddharth 0090,Female,1980-07-12,Solapur,Telangana,Student,2025-01-25
91,Ananya 0091,Male,1980-11-26,Mumbai,Maharashtra,Engineer,2025-02-23
92,Priya 0092,Female,1981-04-12,Pune,Gujarat,Teacher,2025-03-24
93,Sneha 0093,Male,1981-08-27,Nashik,Karnataka,Doctor,2025-04-22
94,Kavya 0094,Female,1982-01-11,Nagpur,Delhi,Business Owner,2025-05-21
95,Isha 0095,Male,1982-05-28,Aurangabad,Telangana,Analyst,2025-06-19
96,Neha 0096,Female,1982-10-12,Nanded,Maharashtra,Manager,2025-07-18
97,Pooja 0097,Male,1983-02-26,Parbhani,Gujarat,Accountant,2025-08-16
98,Riya 0098,Female,1983-07-13,Latur,Karnataka,Developer,2025-09-14
99,Meera 0099,Male,1983-11-27,Kolhapur,Delhi,Consultant,2025-10-13
100,Aditi 0100,Female,1984-04-12,Solapur,Telangana,Student,2025-11-11
101,Aarav 0101,Male,1984-08-27,Mumbai,Maharashtra,Engineer,2025-12-10
102,Vihaan 0102,Female,1985-01-11,Pune,Gujarat,Teacher,2026-01-08
103,Aditya 0103,Male,1985-05-28,Nashik,Karnataka,Doctor,2026-02-06
104,Arjun 0104,Female,1985-10-12,Nagpur,Delhi,Business Owner,2026-03-07
105,Rahul 0105,Male,1986-02-26,Aurangabad,Telangana,Analyst,2018-01-17
106,Rohan 0106,Female,1986-07-13,Nanded,Maharashtra,Manager,2018-02-15
107,Karan 0107,Male,1986-11-27,Parbhani,Gujarat,Accountant,2018-03-16
108,Vivek 0108,Female,1987-04-13,Latur,Karnataka,Developer,2018-04-14
109,Akash 0109,Male,1987-08-28,Kolhapur,Delhi,Consultant,2018-05-13
110,Siddharth 0110,Female,1988-01-12,Solapur,Telangana,Student,2018-06-11
111,Ananya 0111,Male,1988-05-28,Mumbai,Maharashtra,Engineer,2018-07-10
112,Priya 0112,Female,1988-10-12,Pune,Gujarat,Teacher,2018-08-08
113,Sneha 0113,Male,1989-02-26,Nashik,Karnataka,Doctor,2018-09-06
114,Kavya 0114,Female,1989-07-13,Nagpur,Delhi,Business Owner,2018-10-05
115,Isha 0115,Male,1989-11-27,Aurangabad,Telangana,Analyst,2018-11-03
116,Neha 0116,Female,1990-04-13,Nanded,Maharashtra,Manager,2018-12-02
117,Pooja 0117,Male,1990-08-28,Parbhani,Gujarat,Accountant,2018-12-31
118,Riya 0118,Female,1991-01-12,Latur,Karnataka,Developer,2019-01-29
119,Meera 0119,Male,1991-05-29,Kolhapur,Delhi,Consultant,2019-02-27
120,Aditi 0120,Female,1991-10-13,Solapur,Telangana,Student,2019-03-28
121,Aarav 0121,Male,1992-02-27,Mumbai,Maharashtra,Engineer,2019-04-26
122,Vihaan 0122,Female,1992-07-13,Pune,Gujarat,Teacher,2019-05-25
123,Aditya 0123,Male,1992-11-27,Nashik,Karnataka,Doctor,2019-06-23
124,Arjun 0124,Female,1993-04-13,Nagpur,Delhi,Business Owner,2019-07-22
125,Rahul 0125,Male,1993-08-28,Aurangabad,Telangana,Analyst,2019-08-20
126,Rohan 0126,Female,1994-01-12,Nanded,Maharashtra,Manager,2019-09-18
127,Karan 0127,Male,1994-05-29,Parbhani,Gujarat,Accountant,2019-10-17
128,Vivek 0128,Female,1994-10-13,Latur,Karnataka,Developer,2019-11-15
129,Akash 0129,Male,1995-02-27,Kolhapur,Delhi,Consultant,2019-12-14
130,Siddharth 0130,Female,1995-07-14,Solapur,Telangana,Student,2020-01-12
131,Ananya 0131,Male,1995-11-28,Mumbai,Maharashtra,Engineer,2020-02-10
132,Priya 0132,Female,1996-04-13,Pune,Gujarat,Teacher,2020-03-10
133,Sneha 0133,Male,1996-08-28,Nashik,Karnataka,Doctor,2020-04-08
134,Kavya 0134,Female,1997-01-12,Nagpur,Delhi,Business Owner,2020-05-07
135,Isha 0135,Male,1997-05-29,Aurangabad,Telangana,Analyst,2020-06-05
136,Neha 0136,Female,1997-10-13,Nanded,Maharashtra,Manager,2020-07-04
137,Pooja 0137,Male,1998-02-27,Parbhani,Gujarat,Accountant,2020-08-02
138,Riya 0138,Female,1998-07-14,Latur,Karnataka,Developer,2020-08-31
139,Meera 0139,Male,1998-11-28,Kolhapur,Delhi,Consultant,2020-09-29
140,Aditi 0140,Female,1999-04-14,Solapur,Telangana,Student,2020-10-28
141,Aarav 0141,Male,1999-08-29,Mumbai,Maharashtra,Engineer,2020-11-26
142,Vihaan 0142,Female,2000-01-13,Pune,Gujarat,Teacher,2020-12-25
143,Aditya 0143,Male,2000-05-29,Nashik,Karnataka,Doctor,2021-01-23
144,Arjun 0144,Female,2000-10-13,Nagpur,Delhi,Business Owner,2021-02-21
145,Rahul 0145,Male,2001-02-27,Aurangabad,Telangana,Analyst,2021-03-22
146,Rohan 0146,Female,2001-07-14,Nanded,Maharashtra,Manager,2021-04-20
147,Karan 0147,Male,2001-11-28,Parbhani,Gujarat,Accountant,2021-05-19
148,Vivek 0148,Female,2002-04-14,Latur,Karnataka,Developer,2021-06-17
149,Akash 0149,Male,2002-08-29,Kolhapur,Delhi,Consultant,2021-07-16
150,Siddharth 0150,Female,2003-01-13,Solapur,Telangana,Student,2021-08-14
151,Ananya 0151,Male,2003-05-30,Mumbai,Maharashtra,Engineer,2021-09-12
152,Priya 0152,Female,2003-10-14,Pune,Gujarat,Teacher,2021-10-11
153,Sneha 0153,Male,2004-02-28,Nashik,Karnataka,Doctor,2021-11-09
154,Kavya 0154,Female,2004-07-14,Nagpur,Delhi,Business Owner,2021-12-08
155,Isha 0155,Male,2004-11-28,Aurangabad,Telangana,Analyst,2022-01-06
156,Neha 0156,Female,2005-04-14,Nanded,Maharashtra,Manager,2022-02-04
157,Pooja 0157,Male,2005-08-29,Parbhani,Gujarat,Accountant,2022-03-05
158,Riya 0158,Female,2006-01-13,Latur,Karnataka,Developer,2022-04-03
159,Meera 0159,Male,2006-05-30,Kolhapur,Delhi,Consultant,2022-05-02
160,Aditi 0160,Female,2006-10-14,Solapur,Telangana,Student,2022-05-31
161,Aarav 0161,Male,2007-02-28,Mumbai,Maharashtra,Engineer,2022-06-29
162,Vihaan 0162,Female,2007-07-15,Pune,Gujarat,Teacher,2022-07-28
163,Aditya 0163,Male,2007-11-29,Nashik,Karnataka,Doctor,2022-08-26
164,Arjun 0164,Female,2008-04-14,Nagpur,Delhi,Business Owner,2022-09-24
165,Rahul 0165,Male,2008-08-29,Aurangabad,Telangana,Analyst,2022-10-23
166,Rohan 0166,Female,2009-01-13,Nanded,Maharashtra,Manager,2022-11-21
167,Karan 0167,Male,2009-05-30,Parbhani,Gujarat,Accountant,2022-12-20
168,Vivek 0168,Female,2009-10-14,Latur,Karnataka,Developer,2023-01-18
169,Akash 0169,Male,2010-02-28,Kolhapur,Delhi,Consultant,2023-02-16
170,Siddharth 0170,Female,2010-07-15,Solapur,Telangana,Student,2023-03-17
171,Ananya 0171,Male,2010-11-29,Mumbai,Maharashtra,Engineer,2023-04-15
172,Priya 0172,Female,2011-04-15,Pune,Gujarat,Teacher,2023-05-14
173,Sneha 0173,Male,2011-08-30,Nashik,Karnataka,Doctor,2023-06-12
174,Kavya 0174,Female,2012-01-14,Nagpur,Delhi,Business Owner,2023-07-11
175,Isha 0175,Male,2012-05-30,Aurangabad,Telangana,Analyst,2023-08-09
176,Neha 0176,Female,2012-10-14,Nanded,Maharashtra,Manager,2023-09-07
177,Pooja 0177,Male,1980-04-22,Parbhani,Gujarat,Accountant,2023-10-06
178,Riya 0178,Female,1980-09-06,Latur,Karnataka,Developer,2023-11-04
179,Meera 0179,Male,1981-01-21,Kolhapur,Delhi,Consultant,2023-12-03
180,Aditi 0180,Female,1981-06-07,Solapur,Telangana,Student,2024-01-01
181,Aarav 0181,Male,1981-10-22,Mumbai,Maharashtra,Engineer,2024-01-30
182,Vihaan 0182,Female,1982-03-08,Pune,Gujarat,Teacher,2024-02-28
183,Aditya 0183,Male,1982-07-23,Nashik,Karnataka,Doctor,2024-03-28
184,Arjun 0184,Female,1982-12-07,Nagpur,Delhi,Business Owner,2024-04-26
185,Rahul 0185,Male,1983-04-23,Aurangabad,Telangana,Analyst,2024-05-25
186,Rohan 0186,Female,1983-09-07,Nanded,Maharashtra,Manager,2024-06-23
187,Karan 0187,Male,1984-01-22,Parbhani,Gujarat,Accountant,2024-07-22
188,Vivek 0188,Female,1984-06-07,Latur,Karnataka,Developer,2024-08-20
189,Akash 0189,Male,1984-10-22,Kolhapur,Delhi,Consultant,2024-09-18
190,Siddharth 0190,Female,1985-03-08,Solapur,Telangana,Student,2024-10-17
191,Ananya 0191,Male,1985-07-23,Mumbai,Maharashtra,Engineer,2024-11-15
192,Priya 0192,Female,1985-12-07,Pune,Gujarat,Teacher,2024-12-14
193,Sneha 0193,Male,1986-04-23,Nashik,Karnataka,Doctor,2025-01-12
194,Kavya 0194,Female,1986-09-07,Nagpur,Delhi,Business Owner,2025-02-10
195,Isha 0195,Male,1987-01-22,Aurangabad,Telangana,Analyst,2025-03-11
196,Neha 0196,Female,1987-06-08,Nanded,Maharashtra,Manager,2025-04-09
197,Pooja 0197,Male,1987-10-23,Parbhani,Gujarat,Accountant,2025-05-08
198,Riya 0198,Female,1988-03-08,Latur,Karnataka,Developer,2025-06-06
199,Meera 0199,Male,1988-07-23,Kolhapur,Delhi,Consultant,2025-07-05
200,Aditi 0200,Female,1988-12-07,Solapur,Telangana,Student,2025-08-03
201,Aarav 0201,Male,1989-04-23,Mumbai,Maharashtra,Engineer,2025-09-01
202,Vihaan 0202,Female,1989-09-07,Pune,Gujarat,Teacher,2025-09-30
203,Aditya 0203,Male,1990-01-22,Nashik,Karnataka,Doctor,2025-10-29
204,Arjun 0204,Female,1990-06-08,Nagpur,Delhi,Business Owner,2025-11-27
205,Rahul 0205,Male,1990-10-23,Aurangabad,Telangana,Analyst,2025-12-26
206,Rohan 0206,Female,1991-03-09,Nanded,Maharashtra,Manager,2026-01-24
207,Karan 0207,Male,1991-07-24,Parbhani,Gujarat,Accountant,2026-02-22
208,Vivek 0208,Female,1991-12-08,Latur,Karnataka,Developer,2018-01-04
209,Akash 0209,Male,1992-04-23,Kolhapur,Delhi,Consultant,2018-02-02
210,Siddharth 0210,Female,1992-09-07,Solapur,Telangana,Student,2018-03-03
211,Ananya 0211,Male,1993-01-22,Mumbai,Maharashtra,Engineer,2018-04-01
212,Priya 0212,Female,1993-06-08,Pune,Gujarat,Teacher,2018-04-30
213,Sneha 0213,Male,1993-10-23,Nashik,Karnataka,Doctor,2018-05-29
214,Kavya 0214,Female,1994-03-09,Nagpur,Delhi,Business Owner,2018-06-27
215,Isha 0215,Male,1994-07-24,Aurangabad,Telangana,Analyst,2018-07-26
216,Neha 0216,Female,1994-12-08,Nanded,Maharashtra,Manager,2018-08-24
217,Pooja 0217,Male,1995-04-24,Parbhani,Gujarat,Accountant,2018-09-22
218,Riya 0218,Female,1995-09-08,Latur,Karnataka,Developer,2018-10-21
219,Meera 0219,Male,1996-01-23,Kolhapur,Delhi,Consultant,2018-11-19
220,Aditi 0220,Female,1996-06-08,Solapur,Telangana,Student,2018-12-18
221,Aarav 0221,Male,1996-10-23,Mumbai,Maharashtra,Engineer,2019-01-16
222,Vihaan 0222,Female,1997-03-09,Pune,Gujarat,Teacher,2019-02-14
223,Aditya 0223,Male,1997-07-24,Nashik,Karnataka,Doctor,2019-03-15
224,Arjun 0224,Female,1997-12-08,Nagpur,Delhi,Business Owner,2019-04-13
225,Rahul 0225,Male,1998-04-24,Aurangabad,Telangana,Analyst,2019-05-12
226,Rohan 0226,Female,1998-09-08,Nanded,Maharashtra,Manager,2019-06-10
227,Karan 0227,Male,1999-01-23,Parbhani,Gujarat,Accountant,2019-07-09
228,Vivek 0228,Female,1999-06-09,Latur,Karnataka,Developer,2019-08-07
229,Akash 0229,Male,1999-10-24,Kolhapur,Delhi,Consultant,2019-09-05
230,Siddharth 0230,Female,2000-03-09,Solapur,Telangana,Student,2019-10-04
231,Ananya 0231,Male,2000-07-24,Mumbai,Maharashtra,Engineer,2019-11-02
232,Priya 0232,Female,2000-12-08,Pune,Gujarat,Teacher,2019-12-01
233,Sneha 0233,Male,2001-04-24,Nashik,Karnataka,Doctor,2019-12-30
234,Kavya 0234,Female,2001-09-08,Nagpur,Delhi,Business Owner,2020-01-28
235,Isha 0235,Male,2002-01-23,Aurangabad,Telangana,Analyst,2020-02-26
236,Neha 0236,Female,2002-06-09,Nanded,Maharashtra,Manager,2020-03-26
237,Pooja 0237,Male,2002-10-24,Parbhani,Gujarat,Accountant,2020-04-24
238,Riya 0238,Female,2003-03-10,Latur,Karnataka,Developer,2020-05-23
239,Meera 0239,Male,2003-07-25,Kolhapur,Delhi,Consultant,2020-06-21
240,Aditi 0240,Female,2003-12-09,Solapur,Telangana,Student,2020-07-20
241,Aarav 0241,Male,2004-04-24,Mumbai,Maharashtra,Engineer,2020-08-18
242,Vihaan 0242,Female,2004-09-08,Pune,Gujarat,Teacher,2020-09-16
243,Aditya 0243,Male,2005-01-23,Nashik,Karnataka,Doctor,2020-10-15
244,Arjun 0244,Female,2005-06-09,Nagpur,Delhi,Business Owner,2020-11-13
245,Rahul 0245,Male,2005-10-24,Aurangabad,Telangana,Analyst,2020-12-12
246,Rohan 0246,Female,2006-03-10,Nanded,Maharashtra,Manager,2021-01-10
247,Karan 0247,Male,2006-07-25,Parbhani,Gujarat,Accountant,2021-02-08
248,Vivek 0248,Female,2006-12-09,Latur,Karnataka,Developer,2021-03-09
249,Akash 0249,Male,2007-04-25,Kolhapur,Delhi,Consultant,2021-04-07
250,Siddharth 0250,Female,2007-09-09,Solapur,Telangana,Student,2021-05-06
251,Ananya 0251,Male,2008-01-24,Mumbai,Maharashtra,Engineer,2021-06-04
252,Priya 0252,Female,2008-06-09,Pune,Gujarat,Teacher,2021-07-03
253,Sneha 0253,Male,2008-10-24,Nashik,Karnataka,Doctor,2021-08-01
254,Kavya 0254,Female,2009-03-10,Nagpur,Delhi,Business Owner,2021-08-30
255,Isha 0255,Male,2009-07-25,Aurangabad,Telangana,Analyst,2021-09-28
256,Neha 0256,Female,2009-12-09,Nanded,Maharashtra,Manager,2021-10-27
257,Pooja 0257,Male,2010-04-25,Parbhani,Gujarat,Accountant,2021-11-25
258,Riya 0258,Female,2010-09-09,Latur,Karnataka,Developer,2021-12-24
259,Meera 0259,Male,2011-01-24,Kolhapur,Delhi,Consultant,2022-01-22
260,Aditi 0260,Female,2011-06-10,Solapur,Telangana,Student,2022-02-20
261,Aarav 0261,Male,2011-10-25,Mumbai,Maharashtra,Engineer,2022-03-21
262,Vihaan 0262,Female,2012-03-10,Pune,Gujarat,Teacher,2022-04-19
263,Aditya 0263,Male,2012-07-25,Nashik,Karnataka,Doctor,2022-05-18
264,Arjun 0264,Female,1980-02-01,Nagpur,Delhi,Business Owner,2022-06-16
265,Rahul 0265,Male,1980-06-17,Aurangabad,Telangana,Analyst,2022-07-15
266,Rohan 0266,Female,1980-11-01,Nanded,Maharashtra,Manager,2022-08-13
267,Karan 0267,Male,1981-03-18,Parbhani,Gujarat,Accountant,2022-09-11
268,Vivek 0268,Female,1981-08-02,Latur,Karnataka,Developer,2022-10-10
269,Akash 0269,Male,1981-12-17,Kolhapur,Delhi,Consultant,2022-11-08
270,Siddharth 0270,Female,1982-05-03,Solapur,Telangana,Student,2022-12-07
271,Ananya 0271,Male,1982-09-17,Mumbai,Maharashtra,Engineer,2023-01-05
272,Priya 0272,Female,1983-02-01,Pune,Gujarat,Teacher,2023-02-03
273,Sneha 0273,Male,1983-06-18,Nashik,Karnataka,Doctor,2023-03-04
274,Kavya 0274,Female,1983-11-02,Nagpur,Delhi,Business Owner,2023-04-02
275,Isha 0275,Male,1984-03-18,Aurangabad,Telangana,Analyst,2023-05-01
276,Neha 0276,Female,1984-08-02,Nanded,Maharashtra,Manager,2023-05-30
277,Pooja 0277,Male,1984-12-17,Parbhani,Gujarat,Accountant,2023-06-28
278,Riya 0278,Female,1985-05-03,Latur,Karnataka,Developer,2023-07-27
279,Meera 0279,Male,1985-09-17,Kolhapur,Delhi,Consultant,2023-08-25
280,Aditi 0280,Female,1986-02-01,Solapur,Telangana,Student,2023-09-23
281,Aarav 0281,Male,1986-06-18,Mumbai,Maharashtra,Engineer,2023-10-22
282,Vihaan 0282,Female,1986-11-02,Pune,Gujarat,Teacher,2023-11-20
283,Aditya 0283,Male,1987-03-19,Nashik,Karnataka,Doctor,2023-12-19
284,Arjun 0284,Female,1987-08-03,Nagpur,Delhi,Business Owner,2024-01-17
285,Rahul 0285,Male,1987-12-18,Aurangabad,Telangana,Analyst,2024-02-15
286,Rohan 0286,Female,1988-05-03,Nanded,Maharashtra,Manager,2024-03-15
287,Karan 0287,Male,1988-09-17,Parbhani,Gujarat,Accountant,2024-04-13
288,Vivek 0288,Female,1989-02-01,Latur,Karnataka,Developer,2024-05-12
289,Akash 0289,Male,1989-06-18,Kolhapur,Delhi,Consultant,2024-06-10
290,Siddharth 0290,Female,1989-11-02,Solapur,Telangana,Student,2024-07-09
291,Ananya 0291,Male,1990-03-19,Mumbai,Maharashtra,Engineer,2024-08-07
292,Priya 0292,Female,1990-08-03,Pune,Gujarat,Teacher,2024-09-05
293,Sneha 0293,Male,1990-12-18,Nashik,Karnataka,Doctor,2024-10-04
294,Kavya 0294,Female,1991-05-04,Nagpur,Delhi,Business Owner,2024-11-02
295,Isha 0295,Male,1991-09-18,Aurangabad,Telangana,Analyst,2024-12-01
296,Neha 0296,Female,1992-02-02,Nanded,Maharashtra,Manager,2024-12-30
297,Pooja 0297,Male,1992-06-18,Parbhani,Gujarat,Accountant,2025-01-28
298,Riya 0298,Female,1992-11-02,Latur,Karnataka,Developer,2025-02-26
299,Meera 0299,Male,1993-03-19,Kolhapur,Delhi,Consultant,2025-03-27
300,Aditi 0300,Female,1993-08-03,Solapur,Telangana,Student,2025-04-25
301,Aarav 0301,Male,1993-12-18,Mumbai,Maharashtra,Engineer,2025-05-24
302,Vihaan 0302,Female,1994-05-04,Pune,Gujarat,Teacher,2025-06-22
303,Aditya 0303,Male,1994-09-18,Nashik,Karnataka,Doctor,2025-07-21
304,Arjun 0304,Female,1995-02-02,Nagpur,Delhi,Business Owner,2025-08-19
305,Rahul 0305,Male,1995-06-19,Aurangabad,Telangana,Analyst,2025-09-17
306,Rohan 0306,Female,1995-11-03,Nanded,Maharashtra,Manager,2025-10-16
307,Karan 0307,Male,1996-03-19,Parbhani,Gujarat,Accountant,2025-11-14
308,Vivek 0308,Female,1996-08-03,Latur,Karnataka,Developer,2025-12-13
309,Akash 0309,Male,1996-12-18,Kolhapur,Delhi,Consultant,2026-01-11
310,Siddharth 0310,Female,1997-05-04,Solapur,Telangana,Student,2026-02-09
311,Ananya 0311,Male,1997-09-18,Mumbai,Maharashtra,Engineer,2026-03-10
312,Priya 0312,Female,1998-02-02,Pune,Gujarat,Teacher,2018-01-20
313,Sneha 0313,Male,1998-06-19,Nashik,Karnataka,Doctor,2018-02-18
314,Kavya 0314,Female,1998-11-03,Nagpur,Delhi,Business Owner,2018-03-19
315,Isha 0315,Male,1999-03-20,Aurangabad,Telangana,Analyst,2018-04-17
316,Neha 0316,Female,1999-08-04,Nanded,Maharashtra,Manager,2018-05-16
317,Pooja 0317,Male,1999-12-19,Parbhani,Gujarat,Accountant,2018-06-14
318,Riya 0318,Female,2000-05-04,Latur,Karnataka,Developer,2018-07-13
319,Meera 0319,Male,2000-09-18,Kolhapur,Delhi,Consultant,2018-08-11
320,Aditi 0320,Female,2001-02-02,Solapur,Telangana,Student,2018-09-09
321,Aarav 0321,Male,2001-06-19,Mumbai,Maharashtra,Engineer,2018-10-08
322,Vihaan 0322,Female,2001-11-03,Pune,Gujarat,Teacher,2018-11-06
323,Aditya 0323,Male,2002-03-20,Nashik,Karnataka,Doctor,2018-12-05
324,Arjun 0324,Female,2002-08-04,Nagpur,Delhi,Business Owner,2019-01-03
325,Rahul 0325,Male,2002-12-19,Aurangabad,Telangana,Analyst,2019-02-01
326,Rohan 0326,Female,2003-05-05,Nanded,Maharashtra,Manager,2019-03-02
327,Karan 0327,Male,2003-09-19,Parbhani,Gujarat,Accountant,2019-03-31
328,Vivek 0328,Female,2004-02-03,Latur,Karnataka,Developer,2019-04-29
329,Akash 0329,Male,2004-06-19,Kolhapur,Delhi,Consultant,2019-05-28
330,Siddharth 0330,Female,2004-11-03,Solapur,Telangana,Student,2019-06-26
331,Ananya 0331,Male,2005-03-20,Mumbai,Maharashtra,Engineer,2019-07-25
332,Priya 0332,Female,2005-08-04,Pune,Gujarat,Teacher,2019-08-23
333,Sneha 0333,Male,2005-12-19,Nashik,Karnataka,Doctor,2019-09-21
334,Kavya 0334,Female,2006-05-05,Nagpur,Delhi,Business Owner,2019-10-20
335,Isha 0335,Male,2006-09-19,Aurangabad,Telangana,Analyst,2019-11-18
336,Neha 0336,Female,2007-02-03,Nanded,Maharashtra,Manager,2019-12-17
337,Pooja 0337,Male,2007-06-20,Parbhani,Gujarat,Accountant,2020-01-15
338,Riya 0338,Female,2007-11-04,Latur,Karnataka,Developer,2020-02-13
339,Meera 0339,Male,2008-03-20,Kolhapur,Delhi,Consultant,2020-03-13
340,Aditi 0340,Female,2008-08-04,Solapur,Telangana,Student,2020-04-11
341,Aarav 0341,Male,2008-12-19,Mumbai,Maharashtra,Engineer,2020-05-10
342,Vihaan 0342,Female,2009-05-05,Pune,Gujarat,Teacher,2020-06-08
343,Aditya 0343,Male,2009-09-19,Nashik,Karnataka,Doctor,2020-07-07
344,Arjun 0344,Female,2010-02-03,Nagpur,Delhi,Business Owner,2020-08-05
345,Rahul 0345,Male,2010-06-20,Aurangabad,Telangana,Analyst,2020-09-03
346,Rohan 0346,Female,2010-11-04,Nanded,Maharashtra,Manager,2020-10-02
347,Karan 0347,Male,2011-03-21,Parbhani,Gujarat,Accountant,2020-10-31
348,Vivek 0348,Female,2011-08-05,Latur,Karnataka,Developer,2020-11-29
349,Akash 0349,Male,2011-12-20,Kolhapur,Delhi,Consultant,2020-12-28
350,Siddharth 0350,Female,2012-05-05,Solapur,Telangana,Student,2021-01-26
351,Ananya 0351,Male,2012-09-19,Mumbai,Maharashtra,Engineer,2021-02-24
352,Priya 0352,Female,1980-03-28,Pune,Gujarat,Teacher,2021-03-25
353,Sneha 0353,Male,1980-08-12,Nashik,Karnataka,Doctor,2021-04-23
354,Kavya 0354,Female,1980-12-27,Nagpur,Delhi,Business Owner,2021-05-22
355,Isha 0355,Male,1981-05-13,Aurangabad,Telangana,Analyst,2021-06-20
356,Neha 0356,Female,1981-09-27,Nanded,Maharashtra,Manager,2021-07-19
357,Pooja 0357,Male,1982-02-11,Parbhani,Gujarat,Accountant,2021-08-17
358,Riya 0358,Female,1982-06-28,Latur,Karnataka,Developer,2021-09-15
359,Meera 0359,Male,1982-11-12,Kolhapur,Delhi,Consultant,2021-10-14
360,Aditi 0360,Female,1983-03-29,Solapur,Telangana,Student,2021-11-12
361,Aarav 0361,Male,1983-08-13,Mumbai,Maharashtra,Engineer,2021-12-11
362,Vihaan 0362,Female,1983-12-28,Pune,Gujarat,Teacher,2022-01-09
363,Aditya 0363,Male,1984-05-13,Nashik,Karnataka,Doctor,2022-02-07
364,Arjun 0364,Female,1984-09-27,Nagpur,Delhi,Business Owner,2022-03-08
365,Rahul 0365,Male,1985-02-11,Aurangabad,Telangana,Analyst,2022-04-06
366,Rohan 0366,Female,1985-06-28,Nanded,Maharashtra,Manager,2022-05-05
367,Karan 0367,Male,1985-11-12,Parbhani,Gujarat,Accountant,2022-06-03
368,Vivek 0368,Female,1986-03-29,Latur,Karnataka,Developer,2022-07-02
369,Akash 0369,Male,1986-08-13,Kolhapur,Delhi,Consultant,2022-07-31
370,Siddharth 0370,Female,1986-12-28,Solapur,Telangana,Student,2022-08-29
371,Ananya 0371,Male,1987-05-14,Mumbai,Maharashtra,Engineer,2022-09-27
372,Priya 0372,Female,1987-09-28,Pune,Gujarat,Teacher,2022-10-26
373,Sneha 0373,Male,1988-02-12,Nashik,Karnataka,Doctor,2022-11-24
374,Kavya 0374,Female,1988-06-28,Nagpur,Delhi,Business Owner,2022-12-23
375,Isha 0375,Male,1988-11-12,Aurangabad,Telangana,Analyst,2023-01-21
376,Neha 0376,Female,1989-03-29,Nanded,Maharashtra,Manager,2023-02-19
377,Pooja 0377,Male,1989-08-13,Parbhani,Gujarat,Accountant,2023-03-20
378,Riya 0378,Female,1989-12-28,Latur,Karnataka,Developer,2023-04-18
379,Meera 0379,Male,1990-05-14,Kolhapur,Delhi,Consultant,2023-05-17
380,Aditi 0380,Female,1990-09-28,Solapur,Telangana,Student,2023-06-15
381,Aarav 0381,Male,1991-02-12,Mumbai,Maharashtra,Engineer,2023-07-14
382,Vihaan 0382,Female,1991-06-29,Pune,Gujarat,Teacher,2023-08-12
383,Aditya 0383,Male,1991-11-13,Nashik,Karnataka,Doctor,2023-09-10
384,Arjun 0384,Female,1992-03-29,Nagpur,Delhi,Business Owner,2023-10-09
385,Rahul 0385,Male,1992-08-13,Aurangabad,Telangana,Analyst,2023-11-07
386,Rohan 0386,Female,1992-12-28,Nanded,Maharashtra,Manager,2023-12-06
387,Karan 0387,Male,1993-05-14,Parbhani,Gujarat,Accountant,2024-01-04
388,Vivek 0388,Female,1993-09-28,Latur,Karnataka,Developer,2024-02-02
389,Akash 0389,Male,1994-02-12,Kolhapur,Delhi,Consultant,2024-03-02
390,Siddharth 0390,Female,1994-06-29,Solapur,Telangana,Student,2024-03-31
391,Ananya 0391,Male,1994-11-13,Mumbai,Maharashtra,Engineer,2024-04-29
392,Priya 0392,Female,1995-03-30,Pune,Gujarat,Teacher,2024-05-28
393,Sneha 0393,Male,1995-08-14,Nashik,Karnataka,Doctor,2024-06-26
394,Kavya 0394,Female,1995-12-29,Nagpur,Delhi,Business Owner,2024-07-25
395,Isha 0395,Male,1996-05-14,Aurangabad,Telangana,Analyst,2024-08-23
396,Neha 0396,Female,1996-09-28,Nanded,Maharashtra,Manager,2024-09-21
397,Pooja 0397,Male,1997-02-12,Parbhani,Gujarat,Accountant,2024-10-20
398,Riya 0398,Female,1997-06-29,Latur,Karnataka,Developer,2024-11-18
399,Meera 0399,Male,1997-11-13,Kolhapur,Delhi,Consultant,2024-12-17
400,Aditi 0400,Female,1998-03-30,Solapur,Telangana,Student,2025-01-15
401,Aarav 0401,Male,1998-08-14,Mumbai,Maharashtra,Engineer,2025-02-13
402,Vihaan 0402,Female,1998-12-29,Pune,Gujarat,Teacher,2025-03-14
403,Aditya 0403,Male,1999-05-15,Nashik,Karnataka,Doctor,2025-04-12
404,Arjun 0404,Female,1999-09-29,Nagpur,Delhi,Business Owner,2025-05-11
405,Rahul 0405,Male,2000-02-13,Aurangabad,Telangana,Analyst,2025-06-09
406,Rohan 0406,Female,2000-06-29,Nanded,Maharashtra,Manager,2025-07-08
407,Karan 0407,Male,2000-11-13,Parbhani,Gujarat,Accountant,2025-08-06
408,Vivek 0408,Female,2001-03-30,Latur,Karnataka,Developer,2025-09-04
409,Akash 0409,Male,2001-08-14,Kolhapur,Delhi,Consultant,2025-10-03
410,Siddharth 0410,Female,2001-12-29,Solapur,Telangana,Student,2025-11-01
411,Ananya 0411,Male,2002-05-15,Mumbai,Maharashtra,Engineer,2025-11-30
412,Priya 0412,Female,2002-09-29,Pune,Gujarat,Teacher,2025-12-29
413,Sneha 0413,Male,2003-02-13,Nashik,Karnataka,Doctor,2026-01-27
414,Kavya 0414,Female,2003-06-30,Nagpur,Delhi,Business Owner,2026-02-25
415,Isha 0415,Male,2003-11-14,Aurangabad,Telangana,Analyst,2018-01-07
416,Neha 0416,Female,2004-03-30,Nanded,Maharashtra,Manager,2018-02-05
417,Pooja 0417,Male,2004-08-14,Parbhani,Gujarat,Accountant,2018-03-06
418,Riya 0418,Female,2004-12-29,Latur,Karnataka,Developer,2018-04-04
419,Meera 0419,Male,2005-05-15,Kolhapur,Delhi,Consultant,2018-05-03
420,Aditi 0420,Female,2005-09-29,Solapur,Telangana,Student,2018-06-01
421,Aarav 0421,Male,2006-02-13,Mumbai,Maharashtra,Engineer,2018-06-30
422,Vihaan 0422,Female,2006-06-30,Pune,Gujarat,Teacher,2018-07-29
423,Aditya 0423,Male,2006-11-14,Nashik,Karnataka,Doctor,2018-08-27
424,Arjun 0424,Female,2007-03-31,Nagpur,Delhi,Business Owner,2018-09-25
425,Rahul 0425,Male,2007-08-15,Aurangabad,Telangana,Analyst,2018-10-24
426,Rohan 0426,Female,2007-12-30,Nanded,Maharashtra,Manager,2018-11-22
427,Karan 0427,Male,2008-05-15,Parbhani,Gujarat,Accountant,2018-12-21
428,Vivek 0428,Female,2008-09-29,Latur,Karnataka,Developer,2019-01-19
429,Akash 0429,Male,2009-02-13,Kolhapur,Delhi,Consultant,2019-02-17
430,Siddharth 0430,Female,2009-06-30,Solapur,Telangana,Student,2019-03-18
431,Ananya 0431,Male,2009-11-14,Mumbai,Maharashtra,Engineer,2019-04-16
432,Priya 0432,Female,2010-03-31,Pune,Gujarat,Teacher,2019-05-15
433,Sneha 0433,Male,2010-08-15,Nashik,Karnataka,Doctor,2019-06-13
434,Kavya 0434,Female,2010-12-30,Nagpur,Delhi,Business Owner,2019-07-12
435,Isha 0435,Male,2011-05-16,Aurangabad,Telangana,Analyst,2019-08-10
436,Neha 0436,Female,2011-09-30,Nanded,Maharashtra,Manager,2019-09-08
437,Pooja 0437,Male,2012-02-14,Parbhani,Gujarat,Accountant,2019-10-07
438,Riya 0438,Female,2012-06-30,Latur,Karnataka,Developer,2019-11-05
439,Meera 0439,Male,1980-01-07,Kolhapur,Delhi,Consultant,2019-12-04
440,Aditi 0440,Female,1980-05-23,Solapur,Telangana,Student,2020-01-02
441,Aarav 0441,Male,1980-10-07,Mumbai,Maharashtra,Engineer,2020-01-31
442,Vihaan 0442,Female,1981-02-21,Pune,Gujarat,Teacher,2020-02-29
443,Aditya 0443,Male,1981-07-08,Nashik,Karnataka,Doctor,2020-03-29
444,Arjun 0444,Female,1981-11-22,Nagpur,Delhi,Business Owner,2020-04-27
445,Rahul 0445,Male,1982-04-08,Aurangabad,Telangana,Analyst,2020-05-26
446,Rohan 0446,Female,1982-08-23,Nanded,Maharashtra,Manager,2020-06-24
447,Karan 0447,Male,1983-01-07,Parbhani,Gujarat,Accountant,2020-07-23
448,Vivek 0448,Female,1983-05-24,Latur,Karnataka,Developer,2020-08-21
449,Akash 0449,Male,1983-10-08,Kolhapur,Delhi,Consultant,2020-09-19
450,Siddharth 0450,Female,1984-02-22,Solapur,Telangana,Student,2020-10-18
451,Ananya 0451,Male,1984-07-08,Mumbai,Maharashtra,Engineer,2020-11-16
452,Priya 0452,Female,1984-11-22,Pune,Gujarat,Teacher,2020-12-15
453,Sneha 0453,Male,1985-04-08,Nashik,Karnataka,Doctor,2021-01-13
454,Kavya 0454,Female,1985-08-23,Nagpur,Delhi,Business Owner,2021-02-11
455,Isha 0455,Male,1986-01-07,Aurangabad,Telangana,Analyst,2021-03-12
456,Neha 0456,Female,1986-05-24,Nanded,Maharashtra,Manager,2021-04-10
457,Pooja 0457,Male,1986-10-08,Parbhani,Gujarat,Accountant,2021-05-09
458,Riya 0458,Female,1987-02-22,Latur,Karnataka,Developer,2021-06-07
459,Meera 0459,Male,1987-07-09,Kolhapur,Delhi,Consultant,2021-07-06
460,Aditi 0460,Female,1987-11-23,Solapur,Telangana,Student,2021-08-04
461,Aarav 0461,Male,1988-04-08,Mumbai,Maharashtra,Engineer,2021-09-02
462,Vihaan 0462,Female,1988-08-23,Pune,Gujarat,Teacher,2021-10-01
463,Aditya 0463,Male,1989-01-07,Nashik,Karnataka,Doctor,2021-10-30
464,Arjun 0464,Female,1989-05-24,Nagpur,Delhi,Business Owner,2021-11-28
465,Rahul 0465,Male,1989-10-08,Aurangabad,Telangana,Analyst,2021-12-27
466,Rohan 0466,Female,1990-02-22,Nanded,Maharashtra,Manager,2022-01-25
467,Karan 0467,Male,1990-07-09,Parbhani,Gujarat,Accountant,2022-02-23
468,Vivek 0468,Female,1990-11-23,Latur,Karnataka,Developer,2022-03-24
469,Akash 0469,Male,1991-04-09,Kolhapur,Delhi,Consultant,2022-04-22
470,Siddharth 0470,Female,1991-08-24,Solapur,Telangana,Student,2022-05-21
471,Ananya 0471,Male,1992-01-08,Mumbai,Maharashtra,Engineer,2022-06-19
472,Priya 0472,Female,1992-05-24,Pune,Gujarat,Teacher,2022-07-18
473,Sneha 0473,Male,1992-10-08,Nashik,Karnataka,Doctor,2022-08-16
474,Kavya 0474,Female,1993-02-22,Nagpur,Delhi,Business Owner,2022-09-14
475,Isha 0475,Male,1993-07-09,Aurangabad,Telangana,Analyst,2022-10-13
476,Neha 0476,Female,1993-11-23,Nanded,Maharashtra,Manager,2022-11-11
477,Pooja 0477,Male,1994-04-09,Parbhani,Gujarat,Accountant,2022-12-10
478,Riya 0478,Female,1994-08-24,Latur,Karnataka,Developer,2023-01-08
479,Meera 0479,Male,1995-01-08,Kolhapur,Delhi,Consultant,2023-02-06
480,Aditi 0480,Female,1995-05-25,Solapur,Telangana,Student,2023-03-07
481,Aarav 0481,Male,1995-10-09,Mumbai,Maharashtra,Engineer,2023-04-05
482,Vihaan 0482,Female,1996-02-23,Pune,Gujarat,Teacher,2023-05-04
483,Aditya 0483,Male,1996-07-09,Nashik,Karnataka,Doctor,2023-06-02
484,Arjun 0484,Female,1996-11-23,Nagpur,Delhi,Business Owner,2023-07-01
485,Rahul 0485,Male,1997-04-09,Aurangabad,Telangana,Analyst,2023-07-30
486,Rohan 0486,Female,1997-08-24,Nanded,Maharashtra,Manager,2023-08-28
487,Karan 0487,Male,1998-01-08,Parbhani,Gujarat,Accountant,2023-09-26
488,Vivek 0488,Female,1998-05-25,Latur,Karnataka,Developer,2023-10-25
489,Akash 0489,Male,1998-10-09,Kolhapur,Delhi,Consultant,2023-11-23
490,Siddharth 0490,Female,1999-02-23,Solapur,Telangana,Student,2023-12-22
491,Ananya 0491,Male,1999-07-10,Mumbai,Maharashtra,Engineer,2024-01-20
492,Priya 0492,Female,1999-11-24,Pune,Gujarat,Teacher,2024-02-18
493,Sneha 0493,Male,2000-04-09,Nashik,Karnataka,Doctor,2024-03-18
494,Kavya 0494,Female,2000-08-24,Nagpur,Delhi,Business Owner,2024-04-16
495,Isha 0495,Male,2001-01-08,Aurangabad,Telangana,Analyst,2024-05-15
496,Neha 0496,Female,2001-05-25,Nanded,Maharashtra,Manager,2024-06-13
497,Pooja 0497,Male,2001-10-09,Parbhani,Gujarat,Accountant,2024-07-12
498,Riya 0498,Female,2002-02-23,Latur,Karnataka,Developer,2024-08-10
499,Meera 0499,Male,2002-07-10,Kolhapur,Delhi,Consultant,2024-09-08
500,Aditi 0500,Female,2002-11-24,Solapur,Telangana,Student,2024-10-07
501,Aarav 0501,Male,2003-04-10,Mumbai,Maharashtra,Engineer,2024-11-05
502,Vihaan 0502,Female,2003-08-25,Pune,Gujarat,Teacher,2024-12-04
503,Aditya 0503,Male,2004-01-09,Nashik,Karnataka,Doctor,2025-01-02
504,Arjun 0504,Female,2004-05-25,Nagpur,Delhi,Business Owner,2025-01-31
505,Rahul 0505,Male,2004-10-09,Aurangabad,Telangana,Analyst,2025-03-01
506,Rohan 0506,Female,2005-02-23,Nanded,Maharashtra,Manager,2025-03-30
507,Karan 0507,Male,2005-07-10,Parbhani,Gujarat,Accountant,2025-04-28
508,Vivek 0508,Female,2005-11-24,Latur,Karnataka,Developer,2025-05-27
509,Akash 0509,Male,2006-04-10,Kolhapur,Delhi,Consultant,2025-06-25
510,Siddharth 0510,Female,2006-08-25,Solapur,Telangana,Student,2025-07-24
511,Ananya 0511,Male,2007-01-09,Mumbai,Maharashtra,Engineer,2025-08-22
512,Priya 0512,Female,2007-05-26,Pune,Gujarat,Teacher,2025-09-20
513,Sneha 0513,Male,2007-10-10,Nashik,Karnataka,Doctor,2025-10-19
514,Kavya 0514,Female,2008-02-24,Nagpur,Delhi,Business Owner,2025-11-17
515,Isha 0515,Male,2008-07-10,Aurangabad,Telangana,Analyst,2025-12-16
516,Neha 0516,Female,2008-11-24,Nanded,Maharashtra,Manager,2026-01-14
517,Pooja 0517,Male,2009-04-10,Parbhani,Gujarat,Accountant,2026-02-12
518,Riya 0518,Female,2009-08-25,Latur,Karnataka,Developer,2026-03-13
519,Meera 0519,Male,2010-01-09,Kolhapur,Delhi,Consultant,2018-01-23
520,Aditi 0520,Female,2010-05-26,Solapur,Telangana,Student,2018-02-21
521,Aarav 0521,Male,2010-10-10,Mumbai,Maharashtra,Engineer,2018-03-22
522,Vihaan 0522,Female,2011-02-24,Pune,Gujarat,Teacher,2018-04-20
523,Aditya 0523,Male,2011-07-11,Nashik,Karnataka,Doctor,2018-05-19
524,Arjun 0524,Female,2011-11-25,Nagpur,Delhi,Business Owner,2018-06-17
525,Rahul 0525,Male,2012-04-10,Aurangabad,Telangana,Analyst,2018-07-16
526,Rohan 0526,Female,2012-08-25,Nanded,Maharashtra,Manager,2018-08-14
527,Karan 0527,Male,1980-03-03,Parbhani,Gujarat,Accountant,2018-09-12
528,Vivek 0528,Female,1980-07-18,Latur,Karnataka,Developer,2018-10-11
529,Akash 0529,Male,1980-12-02,Kolhapur,Delhi,Consultant,2018-11-09
530,Siddharth 0530,Female,1981-04-18,Solapur,Telangana,Student,2018-12-08
531,Ananya 0531,Male,1981-09-02,Mumbai,Maharashtra,Engineer,2019-01-06
532,Priya 0532,Female,1982-01-17,Pune,Gujarat,Teacher,2019-02-04
533,Sneha 0533,Male,1982-06-03,Nashik,Karnataka,Doctor,2019-03-05
534,Kavya 0534,Female,1982-10-18,Nagpur,Delhi,Business Owner,2019-04-03
535,Isha 0535,Male,1983-03-04,Aurangabad,Telangana,Analyst,2019-05-02
536,Neha 0536,Female,1983-07-19,Nanded,Maharashtra,Manager,2019-05-31
537,Pooja 0537,Male,1983-12-03,Parbhani,Gujarat,Accountant,2019-06-29
538,Riya 0538,Female,1984-04-18,Latur,Karnataka,Developer,2019-07-28
539,Meera 0539,Male,1984-09-02,Kolhapur,Delhi,Consultant,2019-08-26
540,Aditi 0540,Female,1985-01-17,Solapur,Telangana,Student,2019-09-24
541,Aarav 0541,Male,1985-06-03,Mumbai,Maharashtra,Engineer,2019-10-23
542,Vihaan 0542,Female,1985-10-18,Pune,Gujarat,Teacher,2019-11-21
543,Aditya 0543,Male,1986-03-04,Nashik,Karnataka,Doctor,2019-12-20
544,Arjun 0544,Female,1986-07-19,Nagpur,Delhi,Business Owner,2020-01-18
545,Rahul 0545,Male,1986-12-03,Aurangabad,Telangana,Analyst,2020-02-16
546,Rohan 0546,Female,1987-04-19,Nanded,Maharashtra,Manager,2020-03-16
547,Karan 0547,Male,1987-09-03,Parbhani,Gujarat,Accountant,2020-04-14
548,Vivek 0548,Female,1988-01-18,Latur,Karnataka,Developer,2020-05-13
549,Akash 0549,Male,1988-06-03,Kolhapur,Delhi,Consultant,2020-06-11
550,Siddharth 0550,Female,1988-10-18,Solapur,Telangana,Student,2020-07-10
551,Ananya 0551,Male,1989-03-04,Mumbai,Maharashtra,Engineer,2020-08-08
552,Priya 0552,Female,1989-07-19,Pune,Gujarat,Teacher,2020-09-06
553,Sneha 0553,Male,1989-12-03,Nashik,Karnataka,Doctor,2020-10-05
554,Kavya 0554,Female,1990-04-19,Nagpur,Delhi,Business Owner,2020-11-03
555,Isha 0555,Male,1990-09-03,Aurangabad,Telangana,Analyst,2020-12-02
556,Neha 0556,Female,1991-01-18,Nanded,Maharashtra,Manager,2020-12-31
557,Pooja 0557,Male,1991-06-04,Parbhani,Gujarat,Accountant,2021-01-29
558,Riya 0558,Female,1991-10-19,Latur,Karnataka,Developer,2021-02-27
559,Meera 0559,Male,1992-03-04,Kolhapur,Delhi,Consultant,2021-03-28
560,Aditi 0560,Female,1992-07-19,Solapur,Telangana,Student,2021-04-26
561,Aarav 0561,Male,1992-12-03,Mumbai,Maharashtra,Engineer,2021-05-25
562,Vihaan 0562,Female,1993-04-19,Pune,Gujarat,Teacher,2021-06-23
563,Aditya 0563,Male,1993-09-03,Nashik,Karnataka,Doctor,2021-07-22
564,Arjun 0564,Female,1994-01-18,Nagpur,Delhi,Business Owner,2021-08-20
565,Rahul 0565,Male,1994-06-04,Aurangabad,Telangana,Analyst,2021-09-18
566,Rohan 0566,Female,1994-10-19,Nanded,Maharashtra,Manager,2021-10-17
567,Karan 0567,Male,1995-03-05,Parbhani,Gujarat,Accountant,2021-11-15
568,Vivek 0568,Female,1995-07-20,Latur,Karnataka,Developer,2021-12-14
569,Akash 0569,Male,1995-12-04,Kolhapur,Delhi,Consultant,2022-01-12
570,Siddharth 0570,Female,1996-04-19,Solapur,Telangana,Student,2022-02-10
571,Ananya 0571,Male,1996-09-03,Mumbai,Maharashtra,Engineer,2022-03-11
572,Priya 0572,Female,1997-01-18,Pune,Gujarat,Teacher,2022-04-09
573,Sneha 0573,Male,1997-06-04,Nashik,Karnataka,Doctor,2022-05-08
574,Kavya 0574,Female,1997-10-19,Nagpur,Delhi,Business Owner,2022-06-06
575,Isha 0575,Male,1998-03-05,Aurangabad,Telangana,Analyst,2022-07-05
576,Neha 0576,Female,1998-07-20,Nanded,Maharashtra,Manager,2022-08-03
577,Pooja 0577,Male,1998-12-04,Parbhani,Gujarat,Accountant,2022-09-01
578,Riya 0578,Female,1999-04-20,Latur,Karnataka,Developer,2022-09-30
579,Meera 0579,Male,1999-09-04,Kolhapur,Delhi,Consultant,2022-10-29
580,Aditi 0580,Female,2000-01-19,Solapur,Telangana,Student,2022-11-27
581,Aarav 0581,Male,2000-06-04,Mumbai,Maharashtra,Engineer,2022-12-26
582,Vihaan 0582,Female,2000-10-19,Pune,Gujarat,Teacher,2023-01-24
583,Aditya 0583,Male,2001-03-05,Nashik,Karnataka,Doctor,2023-02-22
584,Arjun 0584,Female,2001-07-20,Nagpur,Delhi,Business Owner,2023-03-23
585,Rahul 0585,Male,2001-12-04,Aurangabad,Telangana,Analyst,2023-04-21
586,Rohan 0586,Female,2002-04-20,Nanded,Maharashtra,Manager,2023-05-20
587,Karan 0587,Male,2002-09-04,Parbhani,Gujarat,Accountant,2023-06-18
588,Vivek 0588,Female,2003-01-19,Latur,Karnataka,Developer,2023-07-17
589,Akash 0589,Male,2003-06-05,Kolhapur,Delhi,Consultant,2023-08-15
590,Siddharth 0590,Female,2003-10-20,Solapur,Telangana,Student,2023-09-13
591,Ananya 0591,Male,2004-03-05,Mumbai,Maharashtra,Engineer,2023-10-12
592,Priya 0592,Female,2004-07-20,Pune,Gujarat,Teacher,2023-11-10
593,Sneha 0593,Male,2004-12-04,Nashik,Karnataka,Doctor,2023-12-09
594,Kavya 0594,Female,2005-04-20,Nagpur,Delhi,Business Owner,2024-01-07
595,Isha 0595,Male,2005-09-04,Aurangabad,Telangana,Analyst,2024-02-05
596,Neha 0596,Female,2006-01-19,Nanded,Maharashtra,Manager,2024-03-05
597,Pooja 0597,Male,2006-06-05,Parbhani,Gujarat,Accountant,2024-04-03
598,Riya 0598,Female,2006-10-20,Latur,Karnataka,Developer,2024-05-02
599,Meera 0599,Male,2007-03-06,Kolhapur,Delhi,Consultant,2024-05-31
600,Aditi 0600,Female,2007-07-21,Solapur,Telangana,Student,2024-06-29
601,Aarav 0601,Male,2007-12-05,Mumbai,Maharashtra,Engineer,2024-07-28
602,Vihaan 0602,Female,2008-04-20,Pune,Gujarat,Teacher,2024-08-26
603,Aditya 0603,Male,2008-09-04,Nashik,Karnataka,Doctor,2024-09-24
604,Arjun 0604,Female,2009-01-19,Nagpur,Delhi,Business Owner,2024-10-23
605,Rahul 0605,Male,2009-06-05,Aurangabad,Telangana,Analyst,2024-11-21
606,Rohan 0606,Female,2009-10-20,Nanded,Maharashtra,Manager,2024-12-20
607,Karan 0607,Male,2010-03-06,Parbhani,Gujarat,Accountant,2025-01-18
608,Vivek 0608,Female,2010-07-21,Latur,Karnataka,Developer,2025-02-16
609,Akash 0609,Male,2010-12-05,Kolhapur,Delhi,Consultant,2025-03-17
610,Siddharth 0610,Female,2011-04-21,Solapur,Telangana,Student,2025-04-15
611,Ananya 0611,Male,2011-09-05,Mumbai,Maharashtra,Engineer,2025-05-14
612,Priya 0612,Female,2012-01-20,Pune,Gujarat,Teacher,2025-06-12
613,Sneha 0613,Male,2012-06-05,Nashik,Karnataka,Doctor,2025-07-11
614,Kavya 0614,Female,2012-10-20,Nagpur,Delhi,Business Owner,2025-08-09
615,Isha 0615,Male,1980-04-28,Aurangabad,Telangana,Analyst,2025-09-07
616,Neha 0616,Female,1980-09-12,Nanded,Maharashtra,Manager,2025-10-06
617,Pooja 0617,Male,1981-01-27,Parbhani,Gujarat,Accountant,2025-11-04
618,Riya 0618,Female,1981-06-13,Latur,Karnataka,Developer,2025-12-03
619,Meera 0619,Male,1981-10-28,Kolhapur,Delhi,Consultant,2026-01-01
620,Aditi 0620,Female,1982-03-14,Solapur,Telangana,Student,2026-01-30
621,Aarav 0621,Male,1982-07-29,Mumbai,Maharashtra,Engineer,2026-02-28
622,Vihaan 0622,Female,1982-12-13,Pune,Gujarat,Teacher,2018-01-10
623,Aditya 0623,Male,1983-04-29,Nashik,Karnataka,Doctor,2018-02-08
624,Arjun 0624,Female,1983-09-13,Nagpur,Delhi,Business Owner,2018-03-09
625,Rahul 0625,Male,1984-01-28,Aurangabad,Telangana,Analyst,2018-04-07
626,Rohan 0626,Female,1984-06-13,Nanded,Maharashtra,Manager,2018-05-06
627,Karan 0627,Male,1984-10-28,Parbhani,Gujarat,Accountant,2018-06-04
628,Vivek 0628,Female,1985-03-14,Latur,Karnataka,Developer,2018-07-03
629,Akash 0629,Male,1985-07-29,Kolhapur,Delhi,Consultant,2018-08-01
630,Siddharth 0630,Female,1985-12-13,Solapur,Telangana,Student,2018-08-30
631,Ananya 0631,Male,1986-04-29,Mumbai,Maharashtra,Engineer,2018-09-28
632,Priya 0632,Female,1986-09-13,Pune,Gujarat,Teacher,2018-10-27
633,Sneha 0633,Male,1987-01-28,Nashik,Karnataka,Doctor,2018-11-25
634,Kavya 0634,Female,1987-06-14,Nagpur,Delhi,Business Owner,2018-12-24
635,Isha 0635,Male,1987-10-29,Aurangabad,Telangana,Analyst,2019-01-22
636,Neha 0636,Female,1988-03-14,Nanded,Maharashtra,Manager,2019-02-20
637,Pooja 0637,Male,1988-07-29,Parbhani,Gujarat,Accountant,2019-03-21
638,Riya 0638,Female,1988-12-13,Latur,Karnataka,Developer,2019-04-19
639,Meera 0639,Male,1989-04-29,Kolhapur,Delhi,Consultant,2019-05-18
640,Aditi 0640,Female,1989-09-13,Solapur,Telangana,Student,2019-06-16
641,Aarav 0641,Male,1990-01-28,Mumbai,Maharashtra,Engineer,2019-07-15
642,Vihaan 0642,Female,1990-06-14,Pune,Gujarat,Teacher,2019-08-13
643,Aditya 0643,Male,1990-10-29,Nashik,Karnataka,Doctor,2019-09-11
644,Arjun 0644,Female,1991-03-15,Nagpur,Delhi,Business Owner,2019-10-10
645,Rahul 0645,Male,1991-07-30,Aurangabad,Telangana,Analyst,2019-11-08
646,Rohan 0646,Female,1991-12-14,Nanded,Maharashtra,Manager,2019-12-07
647,Karan 0647,Male,1992-04-29,Parbhani,Gujarat,Accountant,2020-01-05
648,Vivek 0648,Female,1992-09-13,Latur,Karnataka,Developer,2020-02-03
649,Akash 0649,Male,1993-01-28,Kolhapur,Delhi,Consultant,2020-03-03
650,Siddharth 0650,Female,1993-06-14,Solapur,Telangana,Student,2020-04-01
651,Ananya 0651,Male,1993-10-29,Mumbai,Maharashtra,Engineer,2020-04-30
652,Priya 0652,Female,1994-03-15,Pune,Gujarat,Teacher,2020-05-29
653,Sneha 0653,Male,1994-07-30,Nashik,Karnataka,Doctor,2020-06-27
654,Kavya 0654,Female,1994-12-14,Nagpur,Delhi,Business Owner,2020-07-26
655,Isha 0655,Male,1995-04-30,Aurangabad,Telangana,Analyst,2020-08-24
656,Neha 0656,Female,1995-09-14,Nanded,Maharashtra,Manager,2020-09-22
657,Pooja 0657,Male,1996-01-29,Parbhani,Gujarat,Accountant,2020-10-21
658,Riya 0658,Female,1996-06-14,Latur,Karnataka,Developer,2020-11-19
659,Meera 0659,Male,1996-10-29,Kolhapur,Delhi,Consultant,2020-12-18
660,Aditi 0660,Female,1997-03-15,Solapur,Telangana,Student,2021-01-16
661,Aarav 0661,Male,1997-07-30,Mumbai,Maharashtra,Engineer,2021-02-14
662,Vihaan 0662,Female,1997-12-14,Pune,Gujarat,Teacher,2021-03-15
663,Aditya 0663,Male,1998-04-30,Nashik,Karnataka,Doctor,2021-04-13
664,Arjun 0664,Female,1998-09-14,Nagpur,Delhi,Business Owner,2021-05-12
665,Rahul 0665,Male,1999-01-29,Aurangabad,Telangana,Analyst,2021-06-10
666,Rohan 0666,Female,1999-06-15,Nanded,Maharashtra,Manager,2021-07-09
667,Karan 0667,Male,1999-10-30,Parbhani,Gujarat,Accountant,2021-08-07
668,Vivek 0668,Female,2000-03-15,Latur,Karnataka,Developer,2021-09-05
669,Akash 0669,Male,2000-07-30,Kolhapur,Delhi,Consultant,2021-10-04
670,Siddharth 0670,Female,2000-12-14,Solapur,Telangana,Student,2021-11-02
671,Ananya 0671,Male,2001-04-30,Mumbai,Maharashtra,Engineer,2021-12-01
672,Priya 0672,Female,2001-09-14,Pune,Gujarat,Teacher,2021-12-30
673,Sneha 0673,Male,2002-01-29,Nashik,Karnataka,Doctor,2022-01-28
674,Kavya 0674,Female,2002-06-15,Nagpur,Delhi,Business Owner,2022-02-26
675,Isha 0675,Male,2002-10-30,Aurangabad,Telangana,Analyst,2022-03-27
676,Neha 0676,Female,2003-03-16,Nanded,Maharashtra,Manager,2022-04-25
677,Pooja 0677,Male,2003-07-31,Parbhani,Gujarat,Accountant,2022-05-24
678,Riya 0678,Female,2003-12-15,Latur,Karnataka,Developer,2022-06-22
679,Meera 0679,Male,2004-04-30,Kolhapur,Delhi,Consultant,2022-07-21
680,Aditi 0680,Female,2004-09-14,Solapur,Telangana,Student,2022-08-19
681,Aarav 0681,Male,2005-01-29,Mumbai,Maharashtra,Engineer,2022-09-17
682,Vihaan 0682,Female,2005-06-15,Pune,Gujarat,Teacher,2022-10-16
683,Aditya 0683,Male,2005-10-30,Nashik,Karnataka,Doctor,2022-11-14
684,Arjun 0684,Female,2006-03-16,Nagpur,Delhi,Business Owner,2022-12-13
685,Rahul 0685,Male,2006-07-31,Aurangabad,Telangana,Analyst,2023-01-11
686,Rohan 0686,Female,2006-12-15,Nanded,Maharashtra,Manager,2023-02-09
687,Karan 0687,Male,2007-05-01,Parbhani,Gujarat,Accountant,2023-03-10
688,Vivek 0688,Female,2007-09-15,Latur,Karnataka,Developer,2023-04-08
689,Akash 0689,Male,2008-01-30,Kolhapur,Delhi,Consultant,2023-05-07
690,Siddharth 0690,Female,2008-06-15,Solapur,Telangana,Student,2023-06-05
691,Ananya 0691,Male,2008-10-30,Mumbai,Maharashtra,Engineer,2023-07-04
692,Priya 0692,Female,2009-03-16,Pune,Gujarat,Teacher,2023-08-02
693,Sneha 0693,Male,2009-07-31,Nashik,Karnataka,Doctor,2023-08-31
694,Kavya 0694,Female,2009-12-15,Nagpur,Delhi,Business Owner,2023-09-29
695,Isha 0695,Male,2010-05-01,Aurangabad,Telangana,Analyst,2023-10-28
696,Neha 0696,Female,2010-09-15,Nanded,Maharashtra,Manager,2023-11-26
697,Pooja 0697,Male,2011-01-30,Parbhani,Gujarat,Accountant,2023-12-25
698,Riya 0698,Female,2011-06-16,Latur,Karnataka,Developer,2024-01-23
699,Meera 0699,Male,2011-10-31,Kolhapur,Delhi,Consultant,2024-02-21
700,Aditi 0700,Female,2012-03-16,Solapur,Telangana,Student,2024-03-21
701,Aarav 0701,Male,2012-07-31,Mumbai,Maharashtra,Engineer,2024-04-19
702,Vihaan 0702,Female,1980-02-07,Pune,Gujarat,Teacher,2024-05-18
703,Aditya 0703,Male,1980-06-23,Nashik,Karnataka,Doctor,2024-06-16
704,Arjun 0704,Female,1980-11-07,Nagpur,Delhi,Business Owner,2024-07-15
705,Rahul 0705,Male,1981-03-24,Aurangabad,Telangana,Analyst,2024-08-13
706,Rohan 0706,Female,1981-08-08,Nanded,Maharashtra,Manager,2024-09-11
707,Karan 0707,Male,1981-12-23,Parbhani,Gujarat,Accountant,2024-10-10
708,Vivek 0708,Female,1982-05-09,Latur,Karnataka,Developer,2024-11-08
709,Akash 0709,Male,1982-09-23,Kolhapur,Delhi,Consultant,2024-12-07
710,Siddharth 0710,Female,1983-02-07,Solapur,Telangana,Student,2025-01-05
711,Ananya 0711,Male,1983-06-24,Mumbai,Maharashtra,Engineer,2025-02-03
712,Priya 0712,Female,1983-11-08,Pune,Gujarat,Teacher,2025-03-04
713,Sneha 0713,Male,1984-03-24,Nashik,Karnataka,Doctor,2025-04-02
714,Kavya 0714,Female,1984-08-08,Nagpur,Delhi,Business Owner,2025-05-01
715,Isha 0715,Male,1984-12-23,Aurangabad,Telangana,Analyst,2025-05-30
716,Neha 0716,Female,1985-05-09,Nanded,Maharashtra,Manager,2025-06-28
717,Pooja 0717,Male,1985-09-23,Parbhani,Gujarat,Accountant,2025-07-27
718,Riya 0718,Female,1986-02-07,Latur,Karnataka,Developer,2025-08-25
719,Meera 0719,Male,1986-06-24,Kolhapur,Delhi,Consultant,2025-09-23
720,Aditi 0720,Female,1986-11-08,Solapur,Telangana,Student,2025-10-22
721,Aarav 0721,Male,1987-03-25,Mumbai,Maharashtra,Engineer,2025-11-20
722,Vihaan 0722,Female,1987-08-09,Pune,Gujarat,Teacher,2025-12-19
723,Aditya 0723,Male,1987-12-24,Nashik,Karnataka,Doctor,2026-01-17
724,Arjun 0724,Female,1988-05-09,Nagpur,Delhi,Business Owner,2026-02-15
725,Rahul 0725,Male,1988-09-23,Aurangabad,Telangana,Analyst,2026-03-16
726,Rohan 0726,Female,1989-02-07,Nanded,Maharashtra,Manager,2018-01-26
727,Karan 0727,Male,1989-06-24,Parbhani,Gujarat,Accountant,2018-02-24
728,Vivek 0728,Female,1989-11-08,Latur,Karnataka,Developer,2018-03-25
729,Akash 0729,Male,1990-03-25,Kolhapur,Delhi,Consultant,2018-04-23
730,Siddharth 0730,Female,1990-08-09,Solapur,Telangana,Student,2018-05-22
731,Ananya 0731,Male,1990-12-24,Mumbai,Maharashtra,Engineer,2018-06-20
732,Priya 0732,Female,1991-05-10,Pune,Gujarat,Teacher,2018-07-19
733,Sneha 0733,Male,1991-09-24,Nashik,Karnataka,Doctor,2018-08-17
734,Kavya 0734,Female,1992-02-08,Nagpur,Delhi,Business Owner,2018-09-15
735,Isha 0735,Male,1992-06-24,Aurangabad,Telangana,Analyst,2018-10-14
736,Neha 0736,Female,1992-11-08,Nanded,Maharashtra,Manager,2018-11-12
737,Pooja 0737,Male,1993-03-25,Parbhani,Gujarat,Accountant,2018-12-11
738,Riya 0738,Female,1993-08-09,Latur,Karnataka,Developer,2019-01-09
739,Meera 0739,Male,1993-12-24,Kolhapur,Delhi,Consultant,2019-02-07
740,Aditi 0740,Female,1994-05-10,Solapur,Telangana,Student,2019-03-08
741,Aarav 0741,Male,1994-09-24,Mumbai,Maharashtra,Engineer,2019-04-06
742,Vihaan 0742,Female,1995-02-08,Pune,Gujarat,Teacher,2019-05-05
743,Aditya 0743,Male,1995-06-25,Nashik,Karnataka,Doctor,2019-06-03
744,Arjun 0744,Female,1995-11-09,Nagpur,Delhi,Business Owner,2019-07-02
745,Rahul 0745,Male,1996-03-25,Aurangabad,Telangana,Analyst,2019-07-31
746,Rohan 0746,Female,1996-08-09,Nanded,Maharashtra,Manager,2019-08-29
747,Karan 0747,Male,1996-12-24,Parbhani,Gujarat,Accountant,2019-09-27
748,Vivek 0748,Female,1997-05-10,Latur,Karnataka,Developer,2019-10-26
749,Akash 0749,Male,1997-09-24,Kolhapur,Delhi,Consultant,2019-11-24
750,Siddharth 0750,Female,1998-02-08,Solapur,Telangana,Student,2019-12-23
751,Ananya 0751,Male,1998-06-25,Mumbai,Maharashtra,Engineer,2020-01-21
752,Priya 0752,Female,1998-11-09,Pune,Gujarat,Teacher,2020-02-19
753,Sneha 0753,Male,1999-03-26,Nashik,Karnataka,Doctor,2020-03-19
754,Kavya 0754,Female,1999-08-10,Nagpur,Delhi,Business Owner,2020-04-17
755,Isha 0755,Male,1999-12-25,Aurangabad,Telangana,Analyst,2020-05-16
756,Neha 0756,Female,2000-05-10,Nanded,Maharashtra,Manager,2020-06-14
757,Pooja 0757,Male,2000-09-24,Parbhani,Gujarat,Accountant,2020-07-13
758,Riya 0758,Female,2001-02-08,Latur,Karnataka,Developer,2020-08-11
759,Meera 0759,Male,2001-06-25,Kolhapur,Delhi,Consultant,2020-09-09
760,Aditi 0760,Female,2001-11-09,Solapur,Telangana,Student,2020-10-08
761,Aarav 0761,Male,2002-03-26,Mumbai,Maharashtra,Engineer,2020-11-06
762,Vihaan 0762,Female,2002-08-10,Pune,Gujarat,Teacher,2020-12-05
763,Aditya 0763,Male,2002-12-25,Nashik,Karnataka,Doctor,2021-01-03
764,Arjun 0764,Female,2003-05-11,Nagpur,Delhi,Business Owner,2021-02-01
765,Rahul 0765,Male,2003-09-25,Aurangabad,Telangana,Analyst,2021-03-02
766,Rohan 0766,Female,2004-02-09,Nanded,Maharashtra,Manager,2021-03-31
767,Karan 0767,Male,2004-06-25,Parbhani,Gujarat,Accountant,2021-04-29
768,Vivek 0768,Female,2004-11-09,Latur,Karnataka,Developer,2021-05-28
769,Akash 0769,Male,2005-03-26,Kolhapur,Delhi,Consultant,2021-06-26
770,Siddharth 0770,Female,2005-08-10,Solapur,Telangana,Student,2021-07-25
771,Ananya 0771,Male,2005-12-25,Mumbai,Maharashtra,Engineer,2021-08-23
772,Priya 0772,Female,2006-05-11,Pune,Gujarat,Teacher,2021-09-21
773,Sneha 0773,Male,2006-09-25,Nashik,Karnataka,Doctor,2021-10-20
774,Kavya 0774,Female,2007-02-09,Nagpur,Delhi,Business Owner,2021-11-18
775,Isha 0775,Male,2007-06-26,Aurangabad,Telangana,Analyst,2021-12-17
776,Neha 0776,Female,2007-11-10,Nanded,Maharashtra,Manager,2022-01-15
777,Pooja 0777,Male,2008-03-26,Parbhani,Gujarat,Accountant,2022-02-13
778,Riya 0778,Female,2008-08-10,Latur,Karnataka,Developer,2022-03-14
779,Meera 0779,Male,2008-12-25,Kolhapur,Delhi,Consultant,2022-04-12
780,Aditi 0780,Female,2009-05-11,Solapur,Telangana,Student,2022-05-11
781,Aarav 0781,Male,2009-09-25,Mumbai,Maharashtra,Engineer,2022-06-09
782,Vihaan 0782,Female,2010-02-09,Pune,Gujarat,Teacher,2022-07-08
783,Aditya 0783,Male,2010-06-26,Nashik,Karnataka,Doctor,2022-08-06
784,Arjun 0784,Female,2010-11-10,Nagpur,Delhi,Business Owner,2022-09-04
785,Rahul 0785,Male,2011-03-27,Aurangabad,Telangana,Analyst,2022-10-03
786,Rohan 0786,Female,2011-08-11,Nanded,Maharashtra,Manager,2022-11-01
787,Karan 0787,Male,2011-12-26,Parbhani,Gujarat,Accountant,2022-11-30
788,Vivek 0788,Female,2012-05-11,Latur,Karnataka,Developer,2022-12-29
789,Akash 0789,Male,2012-09-25,Kolhapur,Delhi,Consultant,2023-01-27
790,Siddharth 0790,Female,1980-04-03,Solapur,Telangana,Student,2023-02-25
791,Ananya 0791,Male,1980-08-18,Mumbai,Maharashtra,Engineer,2023-03-26
792,Priya 0792,Female,1981-01-02,Pune,Gujarat,Teacher,2023-04-24
793,Sneha 0793,Male,1981-05-19,Nashik,Karnataka,Doctor,2023-05-23
794,Kavya 0794,Female,1981-10-03,Nagpur,Delhi,Business Owner,2023-06-21
795,Isha 0795,Male,1982-02-17,Aurangabad,Telangana,Analyst,2023-07-20
796,Neha 0796,Female,1982-07-04,Nanded,Maharashtra,Manager,2023-08-18
797,Pooja 0797,Male,1982-11-18,Parbhani,Gujarat,Accountant,2023-09-16
798,Riya 0798,Female,1983-04-04,Latur,Karnataka,Developer,2023-10-15
799,Meera 0799,Male,1983-08-19,Kolhapur,Delhi,Consultant,2023-11-13
800,Aditi 0800,Female,1984-01-03,Solapur,Telangana,Student,2023-12-12
801,Aarav 0801,Male,1984-05-19,Mumbai,Maharashtra,Engineer,2024-01-10
802,Vihaan 0802,Female,1984-10-03,Pune,Gujarat,Teacher,2024-02-08
803,Aditya 0803,Male,1985-02-17,Nashik,Karnataka,Doctor,2024-03-08
804,Arjun 0804,Female,1985-07-04,Nagpur,Delhi,Business Owner,2024-04-06
805,Rahul 0805,Male,1985-11-18,Aurangabad,Telangana,Analyst,2024-05-05
806,Rohan 0806,Female,1986-04-04,Nanded,Maharashtra,Manager,2024-06-03
807,Karan 0807,Male,1986-08-19,Parbhani,Gujarat,Accountant,2024-07-02
808,Vivek 0808,Female,1987-01-03,Latur,Karnataka,Developer,2024-07-31
809,Akash 0809,Male,1987-05-20,Kolhapur,Delhi,Consultant,2024-08-29
810,Siddharth 0810,Female,1987-10-04,Solapur,Telangana,Student,2024-09-27
811,Ananya 0811,Male,1988-02-18,Mumbai,Maharashtra,Engineer,2024-10-26
812,Priya 0812,Female,1988-07-04,Pune,Gujarat,Teacher,2024-11-24
813,Sneha 0813,Male,1988-11-18,Nashik,Karnataka,Doctor,2024-12-23
814,Kavya 0814,Female,1989-04-04,Nagpur,Delhi,Business Owner,2025-01-21
815,Isha 0815,Male,1989-08-19,Aurangabad,Telangana,Analyst,2025-02-19
816,Neha 0816,Female,1990-01-03,Nanded,Maharashtra,Manager,2025-03-20
817,Pooja 0817,Male,1990-05-20,Parbhani,Gujarat,Accountant,2025-04-18
818,Riya 0818,Female,1990-10-04,Latur,Karnataka,Developer,2025-05-17
819,Meera 0819,Male,1991-02-18,Kolhapur,Delhi,Consultant,2025-06-15
820,Aditi 0820,Female,1991-07-05,Solapur,Telangana,Student,2025-07-14
821,Aarav 0821,Male,1991-11-19,Mumbai,Maharashtra,Engineer,2025-08-12
822,Vihaan 0822,Female,1992-04-04,Pune,Gujarat,Teacher,2025-09-10
823,Aditya 0823,Male,1992-08-19,Nashik,Karnataka,Doctor,2025-10-09
824,Arjun 0824,Female,1993-01-03,Nagpur,Delhi,Business Owner,2025-11-07
825,Rahul 0825,Male,1993-05-20,Aurangabad,Telangana,Analyst,2025-12-06
826,Rohan 0826,Female,1993-10-04,Nanded,Maharashtra,Manager,2026-01-04
827,Karan 0827,Male,1994-02-18,Parbhani,Gujarat,Accountant,2026-02-02
828,Vivek 0828,Female,1994-07-05,Latur,Karnataka,Developer,2026-03-03
829,Akash 0829,Male,1994-11-19,Kolhapur,Delhi,Consultant,2018-01-13
830,Siddharth 0830,Female,1995-04-05,Solapur,Telangana,Student,2018-02-11
831,Ananya 0831,Male,1995-08-20,Mumbai,Maharashtra,Engineer,2018-03-12
832,Priya 0832,Female,1996-01-04,Pune,Gujarat,Teacher,2018-04-10
833,Sneha 0833,Male,1996-05-20,Nashik,Karnataka,Doctor,2018-05-09
834,Kavya 0834,Female,1996-10-04,Nagpur,Delhi,Business Owner,2018-06-07
835,Isha 0835,Male,1997-02-18,Aurangabad,Telangana,Analyst,2018-07-06
836,Neha 0836,Female,1997-07-05,Nanded,Maharashtra,Manager,2018-08-04
837,Pooja 0837,Male,1997-11-19,Parbhani,Gujarat,Accountant,2018-09-02
838,Riya 0838,Female,1998-04-05,Latur,Karnataka,Developer,2018-10-01
839,Meera 0839,Male,1998-08-20,Kolhapur,Delhi,Consultant,2018-10-30
840,Aditi 0840,Female,1999-01-04,Solapur,Telangana,Student,2018-11-28
841,Aarav 0841,Male,1999-05-21,Mumbai,Maharashtra,Engineer,2018-12-27
842,Vihaan 0842,Female,1999-10-05,Pune,Gujarat,Teacher,2019-01-25
843,Aditya 0843,Male,2000-02-19,Nashik,Karnataka,Doctor,2019-02-23
844,Arjun 0844,Female,2000-07-05,Nagpur,Delhi,Business Owner,2019-03-24
845,Rahul 0845,Male,2000-11-19,Aurangabad,Telangana,Analyst,2019-04-22
846,Rohan 0846,Female,2001-04-05,Nanded,Maharashtra,Manager,2019-05-21
847,Karan 0847,Male,2001-08-20,Parbhani,Gujarat,Accountant,2019-06-19
848,Vivek 0848,Female,2002-01-04,Latur,Karnataka,Developer,2019-07-18
849,Akash 0849,Male,2002-05-21,Kolhapur,Delhi,Consultant,2019-08-16
850,Siddharth 0850,Female,2002-10-05,Solapur,Telangana,Student,2019-09-14
851,Ananya 0851,Male,2003-02-19,Mumbai,Maharashtra,Engineer,2019-10-13
852,Priya 0852,Female,2003-07-06,Pune,Gujarat,Teacher,2019-11-11
853,Sneha 0853,Male,2003-11-20,Nashik,Karnataka,Doctor,2019-12-10
854,Kavya 0854,Female,2004-04-05,Nagpur,Delhi,Business Owner,2020-01-08
855,Isha 0855,Male,2004-08-20,Aurangabad,Telangana,Analyst,2020-02-06
856,Neha 0856,Female,2005-01-04,Nanded,Maharashtra,Manager,2020-03-06
857,Pooja 0857,Male,2005-05-21,Parbhani,Gujarat,Accountant,2020-04-04
858,Riya 0858,Female,2005-10-05,Latur,Karnataka,Developer,2020-05-03
859,Meera 0859,Male,2006-02-19,Kolhapur,Delhi,Consultant,2020-06-01
860,Aditi 0860,Female,2006-07-06,Solapur,Telangana,Student,2020-06-30
861,Aarav 0861,Male,2006-11-20,Mumbai,Maharashtra,Engineer,2020-07-29
862,Vihaan 0862,Female,2007-04-06,Pune,Gujarat,Teacher,2020-08-27
863,Aditya 0863,Male,2007-08-21,Nashik,Karnataka,Doctor,2020-09-25
864,Arjun 0864,Female,2008-01-05,Nagpur,Delhi,Business Owner,2020-10-24
865,Rahul 0865,Male,2008-05-21,Aurangabad,Telangana,Analyst,2020-11-22
866,Rohan 0866,Female,2008-10-05,Nanded,Maharashtra,Manager,2020-12-21
867,Karan 0867,Male,2009-02-19,Parbhani,Gujarat,Accountant,2021-01-19
868,Vivek 0868,Female,2009-07-06,Latur,Karnataka,Developer,2021-02-17
869,Akash 0869,Male,2009-11-20,Kolhapur,Delhi,Consultant,2021-03-18
870,Siddharth 0870,Female,2010-04-06,Solapur,Telangana,Student,2021-04-16
871,Ananya 0871,Male,2010-08-21,Mumbai,Maharashtra,Engineer,2021-05-15
872,Priya 0872,Female,2011-01-05,Pune,Gujarat,Teacher,2021-06-13
873,Sneha 0873,Male,2011-05-22,Nashik,Karnataka,Doctor,2021-07-12
874,Kavya 0874,Female,2011-10-06,Nagpur,Delhi,Business Owner,2021-08-10
875,Isha 0875,Male,2012-02-20,Aurangabad,Telangana,Analyst,2021-09-08
876,Neha 0876,Female,2012-07-06,Nanded,Maharashtra,Manager,2021-10-07
877,Pooja 0877,Male,1980-01-13,Parbhani,Gujarat,Accountant,2021-11-05
878,Riya 0878,Female,1980-05-29,Latur,Karnataka,Developer,2021-12-04
879,Meera 0879,Male,1980-10-13,Kolhapur,Delhi,Consultant,2022-01-02
880,Aditi 0880,Female,1981-02-27,Solapur,Telangana,Student,2022-01-31
881,Aarav 0881,Male,1981-07-14,Mumbai,Maharashtra,Engineer,2022-03-01
882,Vihaan 0882,Female,1981-11-28,Pune,Gujarat,Teacher,2022-03-30
883,Aditya 0883,Male,1982-04-14,Nashik,Karnataka,Doctor,2022-04-28
884,Arjun 0884,Female,1982-08-29,Nagpur,Delhi,Business Owner,2022-05-27
885,Rahul 0885,Male,1983-01-13,Aurangabad,Telangana,Analyst,2022-06-25
886,Rohan 0886,Female,1983-05-30,Nanded,Maharashtra,Manager,2022-07-24
887,Karan 0887,Male,1983-10-14,Parbhani,Gujarat,Accountant,2022-08-22
888,Vivek 0888,Female,1984-02-28,Latur,Karnataka,Developer,2022-09-20
889,Akash 0889,Male,1984-07-14,Kolhapur,Delhi,Consultant,2022-10-19
890,Siddharth 0890,Female,1984-11-28,Solapur,Telangana,Student,2022-11-17
891,Ananya 0891,Male,1985-04-14,Mumbai,Maharashtra,Engineer,2022-12-16
892,Priya 0892,Female,1985-08-29,Pune,Gujarat,Teacher,2023-01-14
893,Sneha 0893,Male,1986-01-13,Nashik,Karnataka,Doctor,2023-02-12
894,Kavya 0894,Female,1986-05-30,Nagpur,Delhi,Business Owner,2023-03-13
895,Isha 0895,Male,1986-10-14,Aurangabad,Telangana,Analyst,2023-04-11
896,Neha 0896,Female,1987-02-28,Nanded,Maharashtra,Manager,2023-05-10
897,Pooja 0897,Male,1987-07-15,Parbhani,Gujarat,Accountant,2023-06-08
898,Riya 0898,Female,1987-11-29,Latur,Karnataka,Developer,2023-07-07
899,Meera 0899,Male,1988-04-14,Kolhapur,Delhi,Consultant,2023-08-05
900,Aditi 0900,Female,1988-08-29,Solapur,Telangana,Student,2023-09-03
901,Aarav 0901,Male,1989-01-13,Mumbai,Maharashtra,Engineer,2023-10-02
902,Vihaan 0902,Female,1989-05-30,Pune,Gujarat,Teacher,2023-10-31
903,Aditya 0903,Male,1989-10-14,Nashik,Karnataka,Doctor,2023-11-29
904,Arjun 0904,Female,1990-02-28,Nagpur,Delhi,Business Owner,2023-12-28
905,Rahul 0905,Male,1990-07-15,Aurangabad,Telangana,Analyst,2024-01-26
906,Rohan 0906,Female,1990-11-29,Nanded,Maharashtra,Manager,2024-02-24
907,Karan 0907,Male,1991-04-15,Parbhani,Gujarat,Accountant,2024-03-24
908,Vivek 0908,Female,1991-08-30,Latur,Karnataka,Developer,2024-04-22
909,Akash 0909,Male,1992-01-14,Kolhapur,Delhi,Consultant,2024-05-21
910,Siddharth 0910,Female,1992-05-30,Solapur,Telangana,Student,2024-06-19
911,Ananya 0911,Male,1992-10-14,Mumbai,Maharashtra,Engineer,2024-07-18
912,Priya 0912,Female,1993-02-28,Pune,Gujarat,Teacher,2024-08-16
913,Sneha 0913,Male,1993-07-15,Nashik,Karnataka,Doctor,2024-09-14
914,Kavya 0914,Female,1993-11-29,Nagpur,Delhi,Business Owner,2024-10-13
915,Isha 0915,Male,1994-04-15,Aurangabad,Telangana,Analyst,2024-11-11
916,Neha 0916,Female,1994-08-30,Nanded,Maharashtra,Manager,2024-12-10
917,Pooja 0917,Male,1995-01-14,Parbhani,Gujarat,Accountant,2025-01-08
918,Riya 0918,Female,1995-05-31,Latur,Karnataka,Developer,2025-02-06
919,Meera 0919,Male,1995-10-15,Kolhapur,Delhi,Consultant,2025-03-07
920,Aditi 0920,Female,1996-02-29,Solapur,Telangana,Student,2025-04-05
921,Aarav 0921,Male,1996-07-15,Mumbai,Maharashtra,Engineer,2025-05-04
922,Vihaan 0922,Female,1996-11-29,Pune,Gujarat,Teacher,2025-06-02
923,Aditya 0923,Male,1997-04-15,Nashik,Karnataka,Doctor,2025-07-01
924,Arjun 0924,Female,1997-08-30,Nagpur,Delhi,Business Owner,2025-07-30
925,Rahul 0925,Male,1998-01-14,Aurangabad,Telangana,Analyst,2025-08-28
926,Rohan 0926,Female,1998-05-31,Nanded,Maharashtra,Manager,2025-09-26
927,Karan 0927,Male,1998-10-15,Parbhani,Gujarat,Accountant,2025-10-25
928,Vivek 0928,Female,1999-03-01,Latur,Karnataka,Developer,2025-11-23
929,Akash 0929,Male,1999-07-16,Kolhapur,Delhi,Consultant,2025-12-22
930,Siddharth 0930,Female,1999-11-30,Solapur,Telangana,Student,2026-01-20
931,Ananya 0931,Male,2000-04-15,Mumbai,Maharashtra,Engineer,2026-02-18
932,Priya 0932,Female,2000-08-30,Pune,Gujarat,Teacher,2026-03-19
933,Sneha 0933,Male,2001-01-14,Nashik,Karnataka,Doctor,2018-01-29
934,Kavya 0934,Female,2001-05-31,Nagpur,Delhi,Business Owner,2018-02-27
935,Isha 0935,Male,2001-10-15,Aurangabad,Telangana,Analyst,2018-03-28
936,Neha 0936,Female,2002-03-01,Nanded,Maharashtra,Manager,2018-04-26
937,Pooja 0937,Male,2002-07-16,Parbhani,Gujarat,Accountant,2018-05-25
938,Riya 0938,Female,2002-11-30,Latur,Karnataka,Developer,2018-06-23
939,Meera 0939,Male,2003-04-16,Kolhapur,Delhi,Consultant,2018-07-22
940,Aditi 0940,Female,2003-08-31,Solapur,Telangana,Student,2018-08-20
941,Aarav 0941,Male,2004-01-15,Mumbai,Maharashtra,Engineer,2018-09-18
942,Vihaan 0942,Female,2004-05-31,Pune,Gujarat,Teacher,2018-10-17
943,Aditya 0943,Male,2004-10-15,Nashik,Karnataka,Doctor,2018-11-15
944,Arjun 0944,Female,2005-03-01,Nagpur,Delhi,Business Owner,2018-12-14
945,Rahul 0945,Male,2005-07-16,Aurangabad,Telangana,Analyst,2019-01-12
946,Rohan 0946,Female,2005-11-30,Nanded,Maharashtra,Manager,2019-02-10
947,Karan 0947,Male,2006-04-16,Parbhani,Gujarat,Accountant,2019-03-11
948,Vivek 0948,Female,2006-08-31,Latur,Karnataka,Developer,2019-04-09
949,Akash 0949,Male,2007-01-15,Kolhapur,Delhi,Consultant,2019-05-08
950,Siddharth 0950,Female,2007-06-01,Solapur,Telangana,Student,2019-06-06
951,Ananya 0951,Male,2007-10-16,Mumbai,Maharashtra,Engineer,2019-07-05
952,Priya 0952,Female,2008-03-01,Pune,Gujarat,Teacher,2019-08-03
953,Sneha 0953,Male,2008-07-16,Nashik,Karnataka,Doctor,2019-09-01
954,Kavya 0954,Female,2008-11-30,Nagpur,Delhi,Business Owner,2019-09-30
955,Isha 0955,Male,2009-04-16,Aurangabad,Telangana,Analyst,2019-10-29
956,Neha 0956,Female,2009-08-31,Nanded,Maharashtra,Manager,2019-11-27
957,Pooja 0957,Male,2010-01-15,Parbhani,Gujarat,Accountant,2019-12-26
958,Riya 0958,Female,2010-06-01,Latur,Karnataka,Developer,2020-01-24
959,Meera 0959,Male,2010-10-16,Kolhapur,Delhi,Consultant,2020-02-22
960,Aditi 0960,Female,2011-03-02,Solapur,Telangana,Student,2020-03-22
961,Aarav 0961,Male,2011-07-17,Mumbai,Maharashtra,Engineer,2020-04-20
962,Vihaan 0962,Female,2011-12-01,Pune,Gujarat,Teacher,2020-05-19
963,Aditya 0963,Male,2012-04-16,Nashik,Karnataka,Doctor,2020-06-17
964,Arjun 0964,Female,2012-08-31,Nagpur,Delhi,Business Owner,2020-07-16
965,Rahul 0965,Male,1980-03-09,Aurangabad,Telangana,Analyst,2020-08-14
966,Rohan 0966,Female,1980-07-24,Nanded,Maharashtra,Manager,2020-09-12
967,Karan 0967,Male,1980-12-08,Parbhani,Gujarat,Accountant,2020-10-11
968,Vivek 0968,Female,1981-04-24,Latur,Karnataka,Developer,2020-11-09
969,Akash 0969,Male,1981-09-08,Kolhapur,Delhi,Consultant,2020-12-08
970,Siddharth 0970,Female,1982-01-23,Solapur,Telangana,Student,2021-01-06
971,Ananya 0971,Male,1982-06-09,Mumbai,Maharashtra,Engineer,2021-02-04
972,Priya 0972,Female,1982-10-24,Pune,Gujarat,Teacher,2021-03-05
973,Sneha 0973,Male,1983-03-10,Nashik,Karnataka,Doctor,2021-04-03
974,Kavya 0974,Female,1983-07-25,Nagpur,Delhi,Business Owner,2021-05-02
975,Isha 0975,Male,1983-12-09,Aurangabad,Telangana,Analyst,2021-05-31
976,Neha 0976,Female,1984-04-24,Nanded,Maharashtra,Manager,2021-06-29
977,Pooja 0977,Male,1984-09-08,Parbhani,Gujarat,Accountant,2021-07-28
978,Riya 0978,Female,1985-01-23,Latur,Karnataka,Developer,2021-08-26
979,Meera 0979,Male,1985-06-09,Kolhapur,Delhi,Consultant,2021-09-24
980,Aditi 0980,Female,1985-10-24,Solapur,Telangana,Student,2021-10-23
981,Aarav 0981,Male,1986-03-10,Mumbai,Maharashtra,Engineer,2021-11-21
982,Vihaan 0982,Female,1986-07-25,Pune,Gujarat,Teacher,2021-12-20
983,Aditya 0983,Male,1986-12-09,Nashik,Karnataka,Doctor,2022-01-18
984,Arjun 0984,Female,1987-04-25,Nagpur,Delhi,Business Owner,2022-02-16
985,Rahul 0985,Male,1987-09-09,Aurangabad,Telangana,Analyst,2022-03-17
986,Rohan 0986,Female,1988-01-24,Nanded,Maharashtra,Manager,2022-04-15
987,Karan 0987,Male,1988-06-09,Parbhani,Gujarat,Accountant,2022-05-14
988,Vivek 0988,Female,1988-10-24,Latur,Karnataka,Developer,2022-06-12
989,Akash 0989,Male,1989-03-10,Kolhapur,Delhi,Consultant,2022-07-11
990,Siddharth 0990,Female,1989-07-25,Solapur,Telangana,Student,2022-08-09
991,Ananya 0991,Male,1989-12-09,Mumbai,Maharashtra,Engineer,2022-09-07
992,Priya 0992,Female,1990-04-25,Pune,Gujarat,Teacher,2022-10-06
993,Sneha 0993,Male,1990-09-09,Nashik,Karnataka,Doctor,2022-11-04
994,Kavya 0994,Female,1991-01-24,Nagpur,Delhi,Business Owner,2022-12-03
995,Isha 0995,Male,1991-06-10,Aurangabad,Telangana,Analyst,2023-01-01
996,Neha 0996,Female,1991-10-25,Nanded,Maharashtra,Manager,2023-01-30
997,Pooja 0997,Male,1992-03-10,Parbhani,Gujarat,Accountant,2023-02-28
998,Riya 0998,Female,1992-07-25,Latur,Karnataka,Developer,2023-03-29
999,Meera 0999,Male,1992-12-09,Kolhapur,Delhi,Consultant,2023-04-27
1000,Aditi 1000,Female,1993-04-25,Solapur,Telangana,Student,2023-05-26
1001,Aarav 1001,Male,1993-09-09,Mumbai,Maharashtra,Engineer,2023-06-24
1002,Vihaan 1002,Female,1994-01-24,Pune,Gujarat,Teacher,2023-07-23
1003,Aditya 1003,Male,1994-06-10,Nashik,Karnataka,Doctor,2023-08-21
1004,Arjun 1004,Female,1994-10-25,Nagpur,Delhi,Business Owner,2023-09-19
1005,Rahul 1005,Male,1995-03-11,Aurangabad,Telangana,Analyst,2023-10-18
1006,Rohan 1006,Female,1995-07-26,Nanded,Maharashtra,Manager,2023-11-16
1007,Karan 1007,Male,1995-12-10,Parbhani,Gujarat,Accountant,2023-12-15
1008,Vivek 1008,Female,1996-04-25,Latur,Karnataka,Developer,2024-01-13
1009,Akash 1009,Male,1996-09-09,Kolhapur,Delhi,Consultant,2024-02-11
1010,Siddharth 1010,Female,1997-01-24,Solapur,Telangana,Student,2024-03-11
1011,Ananya 1011,Male,1997-06-10,Mumbai,Maharashtra,Engineer,2024-04-09
1012,Priya 1012,Female,1997-10-25,Pune,Gujarat,Teacher,2024-05-08
1013,Sneha 1013,Male,1998-03-11,Nashik,Karnataka,Doctor,2024-06-06
1014,Kavya 1014,Female,1998-07-26,Nagpur,Delhi,Business Owner,2024-07-05
1015,Isha 1015,Male,1998-12-10,Aurangabad,Telangana,Analyst,2024-08-03
1016,Neha 1016,Female,1999-04-26,Nanded,Maharashtra,Manager,2024-09-01
1017,Pooja 1017,Male,1999-09-10,Parbhani,Gujarat,Accountant,2024-09-30
1018,Riya 1018,Female,2000-01-25,Latur,Karnataka,Developer,2024-10-29
1019,Meera 1019,Male,2000-06-10,Kolhapur,Delhi,Consultant,2024-11-27
1020,Aditi 1020,Female,2000-10-25,Solapur,Telangana,Student,2024-12-26
1021,Aarav 1021,Male,2001-03-11,Mumbai,Maharashtra,Engineer,2025-01-24
1022,Vihaan 1022,Female,2001-07-26,Pune,Gujarat,Teacher,2025-02-22
1023,Aditya 1023,Male,2001-12-10,Nashik,Karnataka,Doctor,2025-03-23
1024,Arjun 1024,Female,2002-04-26,Nagpur,Delhi,Business Owner,2025-04-21
1025,Rahul 1025,Male,2002-09-10,Aurangabad,Telangana,Analyst,2025-05-20
1026,Rohan 1026,Female,2003-01-25,Nanded,Maharashtra,Manager,2025-06-18
1027,Karan 1027,Male,2003-06-11,Parbhani,Gujarat,Accountant,2025-07-17
1028,Vivek 1028,Female,2003-10-26,Latur,Karnataka,Developer,2025-08-15
1029,Akash 1029,Male,2004-03-11,Kolhapur,Delhi,Consultant,2025-09-13
1030,Siddharth 1030,Female,2004-07-26,Solapur,Telangana,Student,2025-10-12
1031,Ananya 1031,Male,2004-12-10,Mumbai,Maharashtra,Engineer,2025-11-10
1032,Priya 1032,Female,2005-04-26,Pune,Gujarat,Teacher,2025-12-09
1033,Sneha 1033,Male,2005-09-10,Nashik,Karnataka,Doctor,2026-01-07
1034,Kavya 1034,Female,2006-01-25,Nagpur,Delhi,Business Owner,2026-02-05
1035,Isha 1035,Male,2006-06-11,Aurangabad,Telangana,Analyst,2026-03-06
1036,Neha 1036,Female,2006-10-26,Nanded,Maharashtra,Manager,2018-01-16
1037,Pooja 1037,Male,2007-03-12,Parbhani,Gujarat,Accountant,2018-02-14
1038,Riya 1038,Female,2007-07-27,Latur,Karnataka,Developer,2018-03-15
1039,Meera 1039,Male,2007-12-11,Kolhapur,Delhi,Consultant,2018-04-13
1040,Aditi 1040,Female,2008-04-26,Solapur,Telangana,Student,2018-05-12
1041,Aarav 1041,Male,2008-09-10,Mumbai,Maharashtra,Engineer,2018-06-10
1042,Vihaan 1042,Female,2009-01-25,Pune,Gujarat,Teacher,2018-07-09
1043,Aditya 1043,Male,2009-06-11,Nashik,Karnataka,Doctor,2018-08-07
1044,Arjun 1044,Female,2009-10-26,Nagpur,Delhi,Business Owner,2018-09-05
1045,Rahul 1045,Male,2010-03-12,Aurangabad,Telangana,Analyst,2018-10-04
1046,Rohan 1046,Female,2010-07-27,Nanded,Maharashtra,Manager,2018-11-02
1047,Karan 1047,Male,2010-12-11,Parbhani,Gujarat,Accountant,2018-12-01
1048,Vivek 1048,Female,2011-04-27,Latur,Karnataka,Developer,2018-12-30
1049,Akash 1049,Male,2011-09-11,Kolhapur,Delhi,Consultant,2019-01-28
1050,Siddharth 1050,Female,2012-01-26,Solapur,Telangana,Student,2019-02-26
1051,Ananya 1051,Male,2012-06-11,Mumbai,Maharashtra,Engineer,2019-03-27
1052,Priya 1052,Female,2012-10-26,Pune,Gujarat,Teacher,2019-04-25
1053,Sneha 1053,Male,1980-05-04,Nashik,Karnataka,Doctor,2019-05-24
1054,Kavya 1054,Female,1980-09-18,Nagpur,Delhi,Business Owner,2019-06-22
1055,Isha 1055,Male,1981-02-02,Aurangabad,Telangana,Analyst,2019-07-21
1056,Neha 1056,Female,1981-06-19,Nanded,Maharashtra,Manager,2019-08-19
1057,Pooja 1057,Male,1981-11-03,Parbhani,Gujarat,Accountant,2019-09-17
1058,Riya 1058,Female,1982-03-20,Latur,Karnataka,Developer,2019-10-16
1059,Meera 1059,Male,1982-08-04,Kolhapur,Delhi,Consultant,2019-11-14
1060,Aditi 1060,Female,1982-12-19,Solapur,Telangana,Student,2019-12-13
1061,Aarav 1061,Male,1983-05-05,Mumbai,Maharashtra,Engineer,2020-01-11
1062,Vihaan 1062,Female,1983-09-19,Pune,Gujarat,Teacher,2020-02-09
1063,Aditya 1063,Male,1984-02-03,Nashik,Karnataka,Doctor,2020-03-09
1064,Arjun 1064,Female,1984-06-19,Nagpur,Delhi,Business Owner,2020-04-07
1065,Rahul 1065,Male,1984-11-03,Aurangabad,Telangana,Analyst,2020-05-06
1066,Rohan 1066,Female,1985-03-20,Nanded,Maharashtra,Manager,2020-06-04
1067,Karan 1067,Male,1985-08-04,Parbhani,Gujarat,Accountant,2020-07-03
1068,Vivek 1068,Female,1985-12-19,Latur,Karnataka,Developer,2020-08-01
1069,Akash 1069,Male,1986-05-05,Kolhapur,Delhi,Consultant,2020-08-30
1070,Siddharth 1070,Female,1986-09-19,Solapur,Telangana,Student,2020-09-28
1071,Ananya 1071,Male,1987-02-03,Mumbai,Maharashtra,Engineer,2020-10-27
1072,Priya 1072,Female,1987-06-20,Pune,Gujarat,Teacher,2020-11-25
1073,Sneha 1073,Male,1987-11-04,Nashik,Karnataka,Doctor,2020-12-24
1074,Kavya 1074,Female,1988-03-20,Nagpur,Delhi,Business Owner,2021-01-22
1075,Isha 1075,Male,1988-08-04,Aurangabad,Telangana,Analyst,2021-02-20
1076,Neha 1076,Female,1988-12-19,Nanded,Maharashtra,Manager,2021-03-21
1077,Pooja 1077,Male,1989-05-05,Parbhani,Gujarat,Accountant,2021-04-19
1078,Riya 1078,Female,1989-09-19,Latur,Karnataka,Developer,2021-05-18
1079,Meera 1079,Male,1990-02-03,Kolhapur,Delhi,Consultant,2021-06-16
1080,Aditi 1080,Female,1990-06-20,Solapur,Telangana,Student,2021-07-15
1081,Aarav 1081,Male,1990-11-04,Mumbai,Maharashtra,Engineer,2021-08-13
1082,Vihaan 1082,Female,1991-03-21,Pune,Gujarat,Teacher,2021-09-11
1083,Aditya 1083,Male,1991-08-05,Nashik,Karnataka,Doctor,2021-10-10
1084,Arjun 1084,Female,1991-12-20,Nagpur,Delhi,Business Owner,2021-11-08
1085,Rahul 1085,Male,1992-05-05,Aurangabad,Telangana,Analyst,2021-12-07
1086,Rohan 1086,Female,1992-09-19,Nanded,Maharashtra,Manager,2022-01-05
1087,Karan 1087,Male,1993-02-03,Parbhani,Gujarat,Accountant,2022-02-03
1088,Vivek 1088,Female,1993-06-20,Latur,Karnataka,Developer,2022-03-04
1089,Akash 1089,Male,1993-11-04,Kolhapur,Delhi,Consultant,2022-04-02
1090,Siddharth 1090,Female,1994-03-21,Solapur,Telangana,Student,2022-05-01
1091,Ananya 1091,Male,1994-08-05,Mumbai,Maharashtra,Engineer,2022-05-30
1092,Priya 1092,Female,1994-12-20,Pune,Gujarat,Teacher,2022-06-28
1093,Sneha 1093,Male,1995-05-06,Nashik,Karnataka,Doctor,2022-07-27
1094,Kavya 1094,Female,1995-09-20,Nagpur,Delhi,Business Owner,2022-08-25
1095,Isha 1095,Male,1996-02-04,Aurangabad,Telangana,Analyst,2022-09-23
1096,Neha 1096,Female,1996-06-20,Nanded,Maharashtra,Manager,2022-10-22
1097,Pooja 1097,Male,1996-11-04,Parbhani,Gujarat,Accountant,2022-11-20
1098,Riya 1098,Female,1997-03-21,Latur,Karnataka,Developer,2022-12-19
1099,Meera 1099,Male,1997-08-05,Kolhapur,Delhi,Consultant,2023-01-17
1100,Aditi 1100,Female,1997-12-20,Solapur,Telangana,Student,2023-02-15
1101,Aarav 1101,Male,1998-05-06,Mumbai,Maharashtra,Engineer,2023-03-16
1102,Vihaan 1102,Female,1998-09-20,Pune,Gujarat,Teacher,2023-04-14
1103,Aditya 1103,Male,1999-02-04,Nashik,Karnataka,Doctor,2023-05-13
1104,Arjun 1104,Female,1999-06-21,Nagpur,Delhi,Business Owner,2023-06-11
1105,Rahul 1105,Male,1999-11-05,Aurangabad,Telangana,Analyst,2023-07-10
1106,Rohan 1106,Female,2000-03-21,Nanded,Maharashtra,Manager,2023-08-08
1107,Karan 1107,Male,2000-08-05,Parbhani,Gujarat,Accountant,2023-09-06
1108,Vivek 1108,Female,2000-12-20,Latur,Karnataka,Developer,2023-10-05
1109,Akash 1109,Male,2001-05-06,Kolhapur,Delhi,Consultant,2023-11-03
1110,Siddharth 1110,Female,2001-09-20,Solapur,Telangana,Student,2023-12-02
1111,Ananya 1111,Male,2002-02-04,Mumbai,Maharashtra,Engineer,2023-12-31
1112,Priya 1112,Female,2002-06-21,Pune,Gujarat,Teacher,2024-01-29
1113,Sneha 1113,Male,2002-11-05,Nashik,Karnataka,Doctor,2024-02-27
1114,Kavya 1114,Female,2003-03-22,Nagpur,Delhi,Business Owner,2024-03-27
1115,Isha 1115,Male,2003-08-06,Aurangabad,Telangana,Analyst,2024-04-25
1116,Neha 1116,Female,2003-12-21,Nanded,Maharashtra,Manager,2024-05-24
1117,Pooja 1117,Male,2004-05-06,Parbhani,Gujarat,Accountant,2024-06-22
1118,Riya 1118,Female,2004-09-20,Latur,Karnataka,Developer,2024-07-21
1119,Meera 1119,Male,2005-02-04,Kolhapur,Delhi,Consultant,2024-08-19
1120,Aditi 1120,Female,2005-06-21,Solapur,Telangana,Student,2024-09-17
1121,Aarav 1121,Male,2005-11-05,Mumbai,Maharashtra,Engineer,2024-10-16
1122,Vihaan 1122,Female,2006-03-22,Pune,Gujarat,Teacher,2024-11-14
1123,Aditya 1123,Male,2006-08-06,Nashik,Karnataka,Doctor,2024-12-13
1124,Arjun 1124,Female,2006-12-21,Nagpur,Delhi,Business Owner,2025-01-11
1125,Rahul 1125,Male,2007-05-07,Aurangabad,Telangana,Analyst,2025-02-09
1126,Rohan 1126,Female,2007-09-21,Nanded,Maharashtra,Manager,2025-03-10
1127,Karan 1127,Male,2008-02-05,Parbhani,Gujarat,Accountant,2025-04-08
1128,Vivek 1128,Female,2008-06-21,Latur,Karnataka,Developer,2025-05-07
1129,Akash 1129,Male,2008-11-05,Kolhapur,Delhi,Consultant,2025-06-05
1130,Siddharth 1130,Female,2009-03-22,Solapur,Telangana,Student,2025-07-04
1131,Ananya 1131,Male,2009-08-06,Mumbai,Maharashtra,Engineer,2025-08-02
1132,Priya 1132,Female,2009-12-21,Pune,Gujarat,Teacher,2025-08-31
1133,Sneha 1133,Male,2010-05-07,Nashik,Karnataka,Doctor,2025-09-29
1134,Kavya 1134,Female,2010-09-21,Nagpur,Delhi,Business Owner,2025-10-28
1135,Isha 1135,Male,2011-02-05,Aurangabad,Telangana,Analyst,2025-11-26
1136,Neha 1136,Female,2011-06-22,Nanded,Maharashtra,Manager,2025-12-25
1137,Pooja 1137,Male,2011-11-06,Parbhani,Gujarat,Accountant,2026-01-23
1138,Riya 1138,Female,2012-03-22,Latur,Karnataka,Developer,2026-02-21
1139,Meera 1139,Male,2012-08-06,Kolhapur,Delhi,Consultant,2018-01-03
1140,Aditi 1140,Female,1980-02-13,Solapur,Telangana,Student,2018-02-01
1141,Aarav 1141,Male,1980-06-29,Mumbai,Maharashtra,Engineer,2018-03-02
1142,Vihaan 1142,Female,1980-11-13,Pune,Gujarat,Teacher,2018-03-31
1143,Aditya 1143,Male,1981-03-30,Nashik,Karnataka,Doctor,2018-04-29
1144,Arjun 1144,Female,1981-08-14,Nagpur,Delhi,Business Owner,2018-05-28
1145,Rahul 1145,Male,1981-12-29,Aurangabad,Telangana,Analyst,2018-06-26
1146,Rohan 1146,Female,1982-05-15,Nanded,Maharashtra,Manager,2018-07-25
1147,Karan 1147,Male,1982-09-29,Parbhani,Gujarat,Accountant,2018-08-23
1148,Vivek 1148,Female,1983-02-13,Latur,Karnataka,Developer,2018-09-21
1149,Akash 1149,Male,1983-06-30,Kolhapur,Delhi,Consultant,2018-10-20
1150,Siddharth 1150,Female,1983-11-14,Solapur,Telangana,Student,2018-11-18
1151,Ananya 1151,Male,1984-03-30,Mumbai,Maharashtra,Engineer,2018-12-17
1152,Priya 1152,Female,1984-08-14,Pune,Gujarat,Teacher,2019-01-15
1153,Sneha 1153,Male,1984-12-29,Nashik,Karnataka,Doctor,2019-02-13
1154,Kavya 1154,Female,1985-05-15,Nagpur,Delhi,Business Owner,2019-03-14
1155,Isha 1155,Male,1985-09-29,Aurangabad,Telangana,Analyst,2019-04-12
1156,Neha 1156,Female,1986-02-13,Nanded,Maharashtra,Manager,2019-05-11
1157,Pooja 1157,Male,1986-06-30,Parbhani,Gujarat,Accountant,2019-06-09
1158,Riya 1158,Female,1986-11-14,Latur,Karnataka,Developer,2019-07-08
1159,Meera 1159,Male,1987-03-31,Kolhapur,Delhi,Consultant,2019-08-06
1160,Aditi 1160,Female,1987-08-15,Solapur,Telangana,Student,2019-09-04
1161,Aarav 1161,Male,1987-12-30,Mumbai,Maharashtra,Engineer,2019-10-03
1162,Vihaan 1162,Female,1988-05-15,Pune,Gujarat,Teacher,2019-11-01
1163,Aditya 1163,Male,1988-09-29,Nashik,Karnataka,Doctor,2019-11-30
1164,Arjun 1164,Female,1989-02-13,Nagpur,Delhi,Business Owner,2019-12-29
1165,Rahul 1165,Male,1989-06-30,Aurangabad,Telangana,Analyst,2020-01-27
1166,Rohan 1166,Female,1989-11-14,Nanded,Maharashtra,Manager,2020-02-25
1167,Karan 1167,Male,1990-03-31,Parbhani,Gujarat,Accountant,2020-03-25
1168,Vivek 1168,Female,1990-08-15,Latur,Karnataka,Developer,2020-04-23
1169,Akash 1169,Male,1990-12-30,Kolhapur,Delhi,Consultant,2020-05-22
1170,Siddharth 1170,Female,1991-05-16,Solapur,Telangana,Student,2020-06-20
1171,Ananya 1171,Male,1991-09-30,Mumbai,Maharashtra,Engineer,2020-07-19
1172,Priya 1172,Female,1992-02-14,Pune,Gujarat,Teacher,2020-08-17
1173,Sneha 1173,Male,1992-06-30,Nashik,Karnataka,Doctor,2020-09-15
1174,Kavya 1174,Female,1992-11-14,Nagpur,Delhi,Business Owner,2020-10-14
1175,Isha 1175,Male,1993-03-31,Aurangabad,Telangana,Analyst,2020-11-12
1176,Neha 1176,Female,1993-08-15,Nanded,Maharashtra,Manager,2020-12-11
1177,Pooja 1177,Male,1993-12-30,Parbhani,Gujarat,Accountant,2021-01-09
1178,Riya 1178,Female,1994-05-16,Latur,Karnataka,Developer,2021-02-07
1179,Meera 1179,Male,1994-09-30,Kolhapur,Delhi,Consultant,2021-03-08
1180,Aditi 1180,Female,1995-02-14,Solapur,Telangana,Student,2021-04-06
1181,Aarav 1181,Male,1995-07-01,Mumbai,Maharashtra,Engineer,2021-05-05
1182,Vihaan 1182,Female,1995-11-15,Pune,Gujarat,Teacher,2021-06-03
1183,Aditya 1183,Male,1996-03-31,Nashik,Karnataka,Doctor,2021-07-02
1184,Arjun 1184,Female,1996-08-15,Nagpur,Delhi,Business Owner,2021-07-31
1185,Rahul 1185,Male,1996-12-30,Aurangabad,Telangana,Analyst,2021-08-29
1186,Rohan 1186,Female,1997-05-16,Nanded,Maharashtra,Manager,2021-09-27
1187,Karan 1187,Male,1997-09-30,Parbhani,Gujarat,Accountant,2021-10-26
1188,Vivek 1188,Female,1998-02-14,Latur,Karnataka,Developer,2021-11-24
1189,Akash 1189,Male,1998-07-01,Kolhapur,Delhi,Consultant,2021-12-23
1190,Siddharth 1190,Female,1998-11-15,Solapur,Telangana,Student,2022-01-21
1191,Ananya 1191,Male,1999-04-01,Mumbai,Maharashtra,Engineer,2022-02-19
1192,Priya 1192,Female,1999-08-16,Pune,Gujarat,Teacher,2022-03-20
1193,Sneha 1193,Male,1999-12-31,Nashik,Karnataka,Doctor,2022-04-18
1194,Kavya 1194,Female,2000-05-16,Nagpur,Delhi,Business Owner,2022-05-17
1195,Isha 1195,Male,2000-09-30,Aurangabad,Telangana,Analyst,2022-06-15
1196,Neha 1196,Female,2001-02-14,Nanded,Maharashtra,Manager,2022-07-14
1197,Pooja 1197,Male,2001-07-01,Parbhani,Gujarat,Accountant,2022-08-12
1198,Riya 1198,Female,2001-11-15,Latur,Karnataka,Developer,2022-09-10
1199,Meera 1199,Male,2002-04-01,Kolhapur,Delhi,Consultant,2022-10-09
1200,Aditi 1200,Female,2002-08-16,Solapur,Telangana,Student,2022-11-07
1201,Aarav 1201,Male,2002-12-31,Mumbai,Maharashtra,Engineer,2022-12-06
1202,Vihaan 1202,Female,2003-05-17,Pune,Gujarat,Teacher,2023-01-04
1203,Aditya 1203,Male,2003-10-01,Nashik,Karnataka,Doctor,2023-02-02
1204,Arjun 1204,Female,2004-02-15,Nagpur,Delhi,Business Owner,2023-03-03
1205,Rahul 1205,Male,2004-07-01,Aurangabad,Telangana,Analyst,2023-04-01
1206,Rohan 1206,Female,2004-11-15,Nanded,Maharashtra,Manager,2023-04-30
1207,Karan 1207,Male,2005-04-01,Parbhani,Gujarat,Accountant,2023-05-29
1208,Vivek 1208,Female,2005-08-16,Latur,Karnataka,Developer,2023-06-27
1209,Akash 1209,Male,2005-12-31,Kolhapur,Delhi,Consultant,2023-07-26
1210,Siddharth 1210,Female,2006-05-17,Solapur,Telangana,Student,2023-08-24
1211,Ananya 1211,Male,2006-10-01,Mumbai,Maharashtra,Engineer,2023-09-22
1212,Priya 1212,Female,2007-02-15,Pune,Gujarat,Teacher,2023-10-21
1213,Sneha 1213,Male,2007-07-02,Nashik,Karnataka,Doctor,2023-11-19
1214,Kavya 1214,Female,2007-11-16,Nagpur,Delhi,Business Owner,2023-12-18
1215,Isha 1215,Male,2008-04-01,Aurangabad,Telangana,Analyst,2024-01-16
1216,Neha 1216,Female,2008-08-16,Nanded,Maharashtra,Manager,2024-02-14
1217,Pooja 1217,Male,2008-12-31,Parbhani,Gujarat,Accountant,2024-03-14
1218,Riya 1218,Female,2009-05-17,Latur,Karnataka,Developer,2024-04-12
1219,Meera 1219,Male,2009-10-01,Kolhapur,Delhi,Consultant,2024-05-11
1220,Aditi 1220,Female,2010-02-15,Solapur,Telangana,Student,2024-06-09
1221,Aarav 1221,Male,2010-07-02,Mumbai,Maharashtra,Engineer,2024-07-08
1222,Vihaan 1222,Female,2010-11-16,Pune,Gujarat,Teacher,2024-08-06
1223,Aditya 1223,Male,2011-04-02,Nashik,Karnataka,Doctor,2024-09-04
1224,Arjun 1224,Female,2011-08-17,Nagpur,Delhi,Business Owner,2024-10-03
1225,Rahul 1225,Male,2012-01-01,Aurangabad,Telangana,Analyst,2024-11-01
1226,Rohan 1226,Female,2012-05-17,Nanded,Maharashtra,Manager,2024-11-30
1227,Karan 1227,Male,2012-10-01,Parbhani,Gujarat,Accountant,2024-12-29
1228,Vivek 1228,Female,1980-04-09,Latur,Karnataka,Developer,2025-01-27
1229,Akash 1229,Male,1980-08-24,Kolhapur,Delhi,Consultant,2025-02-25
1230,Siddharth 1230,Female,1981-01-08,Solapur,Telangana,Student,2025-03-26
1231,Ananya 1231,Male,1981-05-25,Mumbai,Maharashtra,Engineer,2025-04-24
1232,Priya 1232,Female,1981-10-09,Pune,Gujarat,Teacher,2025-05-23
1233,Sneha 1233,Male,1982-02-23,Nashik,Karnataka,Doctor,2025-06-21
1234,Kavya 1234,Female,1982-07-10,Nagpur,Delhi,Business Owner,2025-07-20
1235,Isha 1235,Male,1982-11-24,Aurangabad,Telangana,Analyst,2025-08-18
1236,Neha 1236,Female,1983-04-10,Nanded,Maharashtra,Manager,2025-09-16
1237,Pooja 1237,Male,1983-08-25,Parbhani,Gujarat,Accountant,2025-10-15
1238,Riya 1238,Female,1984-01-09,Latur,Karnataka,Developer,2025-11-13
1239,Meera 1239,Male,1984-05-25,Kolhapur,Delhi,Consultant,2025-12-12
1240,Aditi 1240,Female,1984-10-09,Solapur,Telangana,Student,2026-01-10
1241,Aarav 1241,Male,1985-02-23,Mumbai,Maharashtra,Engineer,2026-02-08
1242,Vihaan 1242,Female,1985-07-10,Pune,Gujarat,Teacher,2026-03-09
1243,Aditya 1243,Male,1985-11-24,Nashik,Karnataka,Doctor,2018-01-19
1244,Arjun 1244,Female,1986-04-10,Nagpur,Delhi,Business Owner,2018-02-17
1245,Rahul 1245,Male,1986-08-25,Aurangabad,Telangana,Analyst,2018-03-18
1246,Rohan 1246,Female,1987-01-09,Nanded,Maharashtra,Manager,2018-04-16
1247,Karan 1247,Male,1987-05-26,Parbhani,Gujarat,Accountant,2018-05-15
1248,Vivek 1248,Female,1987-10-10,Latur,Karnataka,Developer,2018-06-13
1249,Akash 1249,Male,1988-02-24,Kolhapur,Delhi,Consultant,2018-07-12
1250,Siddharth 1250,Female,1988-07-10,Solapur,Telangana,Student,2018-08-10
1251,Ananya 1251,Male,1988-11-24,Mumbai,Maharashtra,Engineer,2018-09-08
1252,Priya 1252,Female,1989-04-10,Pune,Gujarat,Teacher,2018-10-07
1253,Sneha 1253,Male,1989-08-25,Nashik,Karnataka,Doctor,2018-11-05
1254,Kavya 1254,Female,1990-01-09,Nagpur,Delhi,Business Owner,2018-12-04
1255,Isha 1255,Male,1990-05-26,Aurangabad,Telangana,Analyst,2019-01-02
1256,Neha 1256,Female,1990-10-10,Nanded,Maharashtra,Manager,2019-01-31
1257,Pooja 1257,Male,1991-02-24,Parbhani,Gujarat,Accountant,2019-03-01
1258,Riya 1258,Female,1991-07-11,Latur,Karnataka,Developer,2019-03-30
1259,Meera 1259,Male,1991-11-25,Kolhapur,Delhi,Consultant,2019-04-28
1260,Aditi 1260,Female,1992-04-10,Solapur,Telangana,Student,2019-05-27
1261,Aarav 1261,Male,1992-08-25,Mumbai,Maharashtra,Engineer,2019-06-25
1262,Vihaan 1262,Female,1993-01-09,Pune,Gujarat,Teacher,2019-07-24
1263,Aditya 1263,Male,1993-05-26,Nashik,Karnataka,Doctor,2019-08-22
1264,Arjun 1264,Female,1993-10-10,Nagpur,Delhi,Business Owner,2019-09-20
1265,Rahul 1265,Male,1994-02-24,Aurangabad,Telangana,Analyst,2019-10-19
1266,Rohan 1266,Female,1994-07-11,Nanded,Maharashtra,Manager,2019-11-17
1267,Karan 1267,Male,1994-11-25,Parbhani,Gujarat,Accountant,2019-12-16
1268,Vivek 1268,Female,1995-04-11,Latur,Karnataka,Developer,2020-01-14
1269,Akash 1269,Male,1995-08-26,Kolhapur,Delhi,Consultant,2020-02-12
1270,Siddharth 1270,Female,1996-01-10,Solapur,Telangana,Student,2020-03-12
1271,Ananya 1271,Male,1996-05-26,Mumbai,Maharashtra,Engineer,2020-04-10
1272,Priya 1272,Female,1996-10-10,Pune,Gujarat,Teacher,2020-05-09
1273,Sneha 1273,Male,1997-02-24,Nashik,Karnataka,Doctor,2020-06-07
1274,Kavya 1274,Female,1997-07-11,Nagpur,Delhi,Business Owner,2020-07-06
1275,Isha 1275,Male,1997-11-25,Aurangabad,Telangana,Analyst,2020-08-04
1276,Neha 1276,Female,1998-04-11,Nanded,Maharashtra,Manager,2020-09-02
1277,Pooja 1277,Male,1998-08-26,Parbhani,Gujarat,Accountant,2020-10-01
1278,Riya 1278,Female,1999-01-10,Latur,Karnataka,Developer,2020-10-30
1279,Meera 1279,Male,1999-05-27,Kolhapur,Delhi,Consultant,2020-11-28
1280,Aditi 1280,Female,1999-10-11,Solapur,Telangana,Student,2020-12-27
1281,Aarav 1281,Male,2000-02-25,Mumbai,Maharashtra,Engineer,2021-01-25
1282,Vihaan 1282,Female,2000-07-11,Pune,Gujarat,Teacher,2021-02-23
1283,Aditya 1283,Male,2000-11-25,Nashik,Karnataka,Doctor,2021-03-24
1284,Arjun 1284,Female,2001-04-11,Nagpur,Delhi,Business Owner,2021-04-22
1285,Rahul 1285,Male,2001-08-26,Aurangabad,Telangana,Analyst,2021-05-21
1286,Rohan 1286,Female,2002-01-10,Nanded,Maharashtra,Manager,2021-06-19
1287,Karan 1287,Male,2002-05-27,Parbhani,Gujarat,Accountant,2021-07-18
1288,Vivek 1288,Female,2002-10-11,Latur,Karnataka,Developer,2021-08-16
1289,Akash 1289,Male,2003-02-25,Kolhapur,Delhi,Consultant,2021-09-14
1290,Siddharth 1290,Female,2003-07-12,Solapur,Telangana,Student,2021-10-13
1291,Ananya 1291,Male,2003-11-26,Mumbai,Maharashtra,Engineer,2021-11-11
1292,Priya 1292,Female,2004-04-11,Pune,Gujarat,Teacher,2021-12-10
1293,Sneha 1293,Male,2004-08-26,Nashik,Karnataka,Doctor,2022-01-08
1294,Kavya 1294,Female,2005-01-10,Nagpur,Delhi,Business Owner,2022-02-06
1295,Isha 1295,Male,2005-05-27,Aurangabad,Telangana,Analyst,2022-03-07
1296,Neha 1296,Female,2005-10-11,Nanded,Maharashtra,Manager,2022-04-05
1297,Pooja 1297,Male,2006-02-25,Parbhani,Gujarat,Accountant,2022-05-04
1298,Riya 1298,Female,2006-07-12,Latur,Karnataka,Developer,2022-06-02
1299,Meera 1299,Male,2006-11-26,Kolhapur,Delhi,Consultant,2022-07-01
1300,Aditi 1300,Female,2007-04-12,Solapur,Telangana,Student,2022-07-30
1301,Aarav 1301,Male,2007-08-27,Mumbai,Maharashtra,Engineer,2022-08-28
1302,Vihaan 1302,Female,2008-01-11,Pune,Gujarat,Teacher,2022-09-26
1303,Aditya 1303,Male,2008-05-27,Nashik,Karnataka,Doctor,2022-10-25
1304,Arjun 1304,Female,2008-10-11,Nagpur,Delhi,Business Owner,2022-11-23
1305,Rahul 1305,Male,2009-02-25,Aurangabad,Telangana,Analyst,2022-12-22
1306,Rohan 1306,Female,2009-07-12,Nanded,Maharashtra,Manager,2023-01-20
1307,Karan 1307,Male,2009-11-26,Parbhani,Gujarat,Accountant,2023-02-18
1308,Vivek 1308,Female,2010-04-12,Latur,Karnataka,Developer,2023-03-19
1309,Akash 1309,Male,2010-08-27,Kolhapur,Delhi,Consultant,2023-04-17
1310,Siddharth 1310,Female,2011-01-11,Solapur,Telangana,Student,2023-05-16
1311,Ananya 1311,Male,2011-05-28,Mumbai,Maharashtra,Engineer,2023-06-14
1312,Priya 1312,Female,2011-10-12,Pune,Gujarat,Teacher,2023-07-13
1313,Sneha 1313,Male,2012-02-26,Nashik,Karnataka,Doctor,2023-08-11
1314,Kavya 1314,Female,2012-07-12,Nagpur,Delhi,Business Owner,2023-09-09
1315,Isha 1315,Male,1980-01-19,Aurangabad,Telangana,Analyst,2023-10-08
1316,Neha 1316,Female,1980-06-04,Nanded,Maharashtra,Manager,2023-11-06
1317,Pooja 1317,Male,1980-10-19,Parbhani,Gujarat,Accountant,2023-12-05
1318,Riya 1318,Female,1981-03-05,Latur,Karnataka,Developer,2024-01-03
1319,Meera 1319,Male,1981-07-20,Kolhapur,Delhi,Consultant,2024-02-01
1320,Aditi 1320,Female,1981-12-04,Solapur,Telangana,Student,2024-03-01
1321,Aarav 1321,Male,1982-04-20,Mumbai,Maharashtra,Engineer,2024-03-30
1322,Vihaan 1322,Female,1982-09-04,Pune,Gujarat,Teacher,2024-04-28
1323,Aditya 1323,Male,1983-01-19,Nashik,Karnataka,Doctor,2024-05-27
1324,Arjun 1324,Female,1983-06-05,Nagpur,Delhi,Business Owner,2024-06-25
1325,Rahul 1325,Male,1983-10-20,Aurangabad,Telangana,Analyst,2024-07-24
1326,Rohan 1326,Female,1984-03-05,Nanded,Maharashtra,Manager,2024-08-22
1327,Karan 1327,Male,1984-07-20,Parbhani,Gujarat,Accountant,2024-09-20
1328,Vivek 1328,Female,1984-12-04,Latur,Karnataka,Developer,2024-10-19
1329,Akash 1329,Male,1985-04-20,Kolhapur,Delhi,Consultant,2024-11-17
1330,Siddharth 1330,Female,1985-09-04,Solapur,Telangana,Student,2024-12-16
1331,Ananya 1331,Male,1986-01-19,Mumbai,Maharashtra,Engineer,2025-01-14
1332,Priya 1332,Female,1986-06-05,Pune,Gujarat,Teacher,2025-02-12
1333,Sneha 1333,Male,1986-10-20,Nashik,Karnataka,Doctor,2025-03-13
1334,Kavya 1334,Female,1987-03-06,Nagpur,Delhi,Business Owner,2025-04-11
1335,Isha 1335,Male,1987-07-21,Aurangabad,Telangana,Analyst,2025-05-10
1336,Neha 1336,Female,1987-12-05,Nanded,Maharashtra,Manager,2025-06-08
1337,Pooja 1337,Male,1988-04-20,Parbhani,Gujarat,Accountant,2025-07-07
1338,Riya 1338,Female,1988-09-04,Latur,Karnataka,Developer,2025-08-05
1339,Meera 1339,Male,1989-01-19,Kolhapur,Delhi,Consultant,2025-09-03
1340,Aditi 1340,Female,1989-06-05,Solapur,Telangana,Student,2025-10-02
1341,Aarav 1341,Male,1989-10-20,Mumbai,Maharashtra,Engineer,2025-10-31
1342,Vihaan 1342,Female,1990-03-06,Pune,Gujarat,Teacher,2025-11-29
1343,Aditya 1343,Male,1990-07-21,Nashik,Karnataka,Doctor,2025-12-28
1344,Arjun 1344,Female,1990-12-05,Nagpur,Delhi,Business Owner,2026-01-26
1345,Rahul 1345,Male,1991-04-21,Aurangabad,Telangana,Analyst,2026-02-24
1346,Rohan 1346,Female,1991-09-05,Nanded,Maharashtra,Manager,2018-01-06
1347,Karan 1347,Male,1992-01-20,Parbhani,Gujarat,Accountant,2018-02-04
1348,Vivek 1348,Female,1992-06-05,Latur,Karnataka,Developer,2018-03-05
1349,Akash 1349,Male,1992-10-20,Kolhapur,Delhi,Consultant,2018-04-03
1350,Siddharth 1350,Female,1993-03-06,Solapur,Telangana,Student,2018-05-02
1351,Ananya 1351,Male,1993-07-21,Mumbai,Maharashtra,Engineer,2018-05-31
1352,Priya 1352,Female,1993-12-05,Pune,Gujarat,Teacher,2018-06-29
1353,Sneha 1353,Male,1994-04-21,Nashik,Karnataka,Doctor,2018-07-28
1354,Kavya 1354,Female,1994-09-05,Nagpur,Delhi,Business Owner,2018-08-26
1355,Isha 1355,Male,1995-01-20,Aurangabad,Telangana,Analyst,2018-09-24
1356,Neha 1356,Female,1995-06-06,Nanded,Maharashtra,Manager,2018-10-23
1357,Pooja 1357,Male,1995-10-21,Parbhani,Gujarat,Accountant,2018-11-21
1358,Riya 1358,Female,1996-03-06,Latur,Karnataka,Developer,2018-12-20
1359,Meera 1359,Male,1996-07-21,Kolhapur,Delhi,Consultant,2019-01-18
1360,Aditi 1360,Female,1996-12-05,Solapur,Telangana,Student,2019-02-16
1361,Aarav 1361,Male,1997-04-21,Mumbai,Maharashtra,Engineer,2019-03-17
1362,Vihaan 1362,Female,1997-09-05,Pune,Gujarat,Teacher,2019-04-15
1363,Aditya 1363,Male,1998-01-20,Nashik,Karnataka,Doctor,2019-05-14
1364,Arjun 1364,Female,1998-06-06,Nagpur,Delhi,Business Owner,2019-06-12
1365,Rahul 1365,Male,1998-10-21,Aurangabad,Telangana,Analyst,2019-07-11
1366,Rohan 1366,Female,1999-03-07,Nanded,Maharashtra,Manager,2019-08-09
1367,Karan 1367,Male,1999-07-22,Parbhani,Gujarat,Accountant,2019-09-07
1368,Vivek 1368,Female,1999-12-06,Latur,Karnataka,Developer,2019-10-06
1369,Akash 1369,Male,2000-04-21,Kolhapur,Delhi,Consultant,2019-11-04
1370,Siddharth 1370,Female,2000-09-05,Solapur,Telangana,Student,2019-12-03
1371,Ananya 1371,Male,2001-01-20,Mumbai,Maharashtra,Engineer,2020-01-01
1372,Priya 1372,Female,2001-06-06,Pune,Gujarat,Teacher,2020-01-30
1373,Sneha 1373,Male,2001-10-21,Nashik,Karnataka,Doctor,2020-02-28
1374,Kavya 1374,Female,2002-03-07,Nagpur,Delhi,Business Owner,2020-03-28
1375,Isha 1375,Male,2002-07-22,Aurangabad,Telangana,Analyst,2020-04-26
1376,Neha 1376,Female,2002-12-06,Nanded,Maharashtra,Manager,2020-05-25
1377,Pooja 1377,Male,2003-04-22,Parbhani,Gujarat,Accountant,2020-06-23
1378,Riya 1378,Female,2003-09-06,Latur,Karnataka,Developer,2020-07-22
1379,Meera 1379,Male,2004-01-21,Kolhapur,Delhi,Consultant,2020-08-20
1380,Aditi 1380,Female,2004-06-06,Solapur,Telangana,Student,2020-09-18
1381,Aarav 1381,Male,2004-10-21,Mumbai,Maharashtra,Engineer,2020-10-17
1382,Vihaan 1382,Female,2005-03-07,Pune,Gujarat,Teacher,2020-11-15
1383,Aditya 1383,Male,2005-07-22,Nashik,Karnataka,Doctor,2020-12-14
1384,Arjun 1384,Female,2005-12-06,Nagpur,Delhi,Business Owner,2021-01-12
1385,Rahul 1385,Male,2006-04-22,Aurangabad,Telangana,Analyst,2021-02-10
1386,Rohan 1386,Female,2006-09-06,Nanded,Maharashtra,Manager,2021-03-11
1387,Karan 1387,Male,2007-01-21,Parbhani,Gujarat,Accountant,2021-04-09
1388,Vivek 1388,Female,2007-06-07,Latur,Karnataka,Developer,2021-05-08
1389,Akash 1389,Male,2007-10-22,Kolhapur,Delhi,Consultant,2021-06-06
1390,Siddharth 1390,Female,2008-03-07,Solapur,Telangana,Student,2021-07-05
1391,Ananya 1391,Male,2008-07-22,Mumbai,Maharashtra,Engineer,2021-08-03
1392,Priya 1392,Female,2008-12-06,Pune,Gujarat,Teacher,2021-09-01
1393,Sneha 1393,Male,2009-04-22,Nashik,Karnataka,Doctor,2021-09-30
1394,Kavya 1394,Female,2009-09-06,Nagpur,Delhi,Business Owner,2021-10-29
1395,Isha 1395,Male,2010-01-21,Aurangabad,Telangana,Analyst,2021-11-27
1396,Neha 1396,Female,2010-06-07,Nanded,Maharashtra,Manager,2021-12-26
1397,Pooja 1397,Male,2010-10-22,Parbhani,Gujarat,Accountant,2022-01-24
1398,Riya 1398,Female,2011-03-08,Latur,Karnataka,Developer,2022-02-22
1399,Meera 1399,Male,2011-07-23,Kolhapur,Delhi,Consultant,2022-03-23
1400,Aditi 1400,Female,2011-12-07,Solapur,Telangana,Student,2022-04-21
1401,Aarav 1401,Male,2012-04-22,Mumbai,Maharashtra,Engineer,2022-05-20
1402,Vihaan 1402,Female,2012-09-06,Pune,Gujarat,Teacher,2022-06-18
1403,Aditya 1403,Male,1980-03-15,Nashik,Karnataka,Doctor,2022-07-17
1404,Arjun 1404,Female,1980-07-30,Nagpur,Delhi,Business Owner,2022-08-15
1405,Rahul 1405,Male,1980-12-14,Aurangabad,Telangana,Analyst,2022-09-13
1406,Rohan 1406,Female,1981-04-30,Nanded,Maharashtra,Manager,2022-10-12
1407,Karan 1407,Male,1981-09-14,Parbhani,Gujarat,Accountant,2022-11-10
1408,Vivek 1408,Female,1982-01-29,Latur,Karnataka,Developer,2022-12-09
1409,Akash 1409,Male,1982-06-15,Kolhapur,Delhi,Consultant,2023-01-07
1410,Siddharth 1410,Female,1982-10-30,Solapur,Telangana,Student,2023-02-05
1411,Ananya 1411,Male,1983-03-16,Mumbai,Maharashtra,Engineer,2023-03-06
1412,Priya 1412,Female,1983-07-31,Pune,Gujarat,Teacher,2023-04-04
1413,Sneha 1413,Male,1983-12-15,Nashik,Karnataka,Doctor,2023-05-03
1414,Kavya 1414,Female,1984-04-30,Nagpur,Delhi,Business Owner,2023-06-01
1415,Isha 1415,Male,1984-09-14,Aurangabad,Telangana,Analyst,2023-06-30
1416,Neha 1416,Female,1985-01-29,Nanded,Maharashtra,Manager,2023-07-29
1417,Pooja 1417,Male,1985-06-15,Parbhani,Gujarat,Accountant,2023-08-27
1418,Riya 1418,Female,1985-10-30,Latur,Karnataka,Developer,2023-09-25
1419,Meera 1419,Male,1986-03-16,Kolhapur,Delhi,Consultant,2023-10-24
1420,Aditi 1420,Female,1986-07-31,Solapur,Telangana,Student,2023-11-22
1421,Aarav 1421,Male,1986-12-15,Mumbai,Maharashtra,Engineer,2023-12-21
1422,Vihaan 1422,Female,1987-05-01,Pune,Gujarat,Teacher,2024-01-19
1423,Aditya 1423,Male,1987-09-15,Nashik,Karnataka,Doctor,2024-02-17
1424,Arjun 1424,Female,1988-01-30,Nagpur,Delhi,Business Owner,2024-03-17
1425,Rahul 1425,Male,1988-06-15,Aurangabad,Telangana,Analyst,2024-04-15
1426,Rohan 1426,Female,1988-10-30,Nanded,Maharashtra,Manager,2024-05-14
1427,Karan 1427,Male,1989-03-16,Parbhani,Gujarat,Accountant,2024-06-12
1428,Vivek 1428,Female,1989-07-31,Latur,Karnataka,Developer,2024-07-11
1429,Akash 1429,Male,1989-12-15,Kolhapur,Delhi,Consultant,2024-08-09
1430,Siddharth 1430,Female,1990-05-01,Solapur,Telangana,Student,2024-09-07
1431,Ananya 1431,Male,1990-09-15,Mumbai,Maharashtra,Engineer,2024-10-06
1432,Priya 1432,Female,1991-01-30,Pune,Gujarat,Teacher,2024-11-04
1433,Sneha 1433,Male,1991-06-16,Nashik,Karnataka,Doctor,2024-12-03
1434,Kavya 1434,Female,1991-10-31,Nagpur,Delhi,Business Owner,2025-01-01
1435,Isha 1435,Male,1992-03-16,Aurangabad,Telangana,Analyst,2025-01-30
1436,Neha 1436,Female,1992-07-31,Nanded,Maharashtra,Manager,2025-02-28
1437,Pooja 1437,Male,1992-12-15,Parbhani,Gujarat,Accountant,2025-03-29
1438,Riya 1438,Female,1993-05-01,Latur,Karnataka,Developer,2025-04-27
1439,Meera 1439,Male,1993-09-15,Kolhapur,Delhi,Consultant,2025-05-26
1440,Aditi 1440,Female,1994-01-30,Solapur,Telangana,Student,2025-06-24
1441,Aarav 1441,Male,1994-06-16,Mumbai,Maharashtra,Engineer,2025-07-23
1442,Vihaan 1442,Female,1994-10-31,Pune,Gujarat,Teacher,2025-08-21
1443,Aditya 1443,Male,1995-03-17,Nashik,Karnataka,Doctor,2025-09-19
1444,Arjun 1444,Female,1995-08-01,Nagpur,Delhi,Business Owner,2025-10-18
1445,Rahul 1445,Male,1995-12-16,Aurangabad,Telangana,Analyst,2025-11-16
1446,Rohan 1446,Female,1996-05-01,Nanded,Maharashtra,Manager,2025-12-15
1447,Karan 1447,Male,1996-09-15,Parbhani,Gujarat,Accountant,2026-01-13
1448,Vivek 1448,Female,1997-01-30,Latur,Karnataka,Developer,2026-02-11
1449,Akash 1449,Male,1997-06-16,Kolhapur,Delhi,Consultant,2026-03-12
1450,Siddharth 1450,Female,1997-10-31,Solapur,Telangana,Student,2018-01-22
1451,Ananya 1451,Male,1998-03-17,Mumbai,Maharashtra,Engineer,2018-02-20
1452,Priya 1452,Female,1998-08-01,Pune,Gujarat,Teacher,2018-03-21
1453,Sneha 1453,Male,1998-12-16,Nashik,Karnataka,Doctor,2018-04-19
1454,Kavya 1454,Female,1999-05-02,Nagpur,Delhi,Business Owner,2018-05-18
1455,Isha 1455,Male,1999-09-16,Aurangabad,Telangana,Analyst,2018-06-16
1456,Neha 1456,Female,2000-01-31,Nanded,Maharashtra,Manager,2018-07-15
1457,Pooja 1457,Male,2000-06-16,Parbhani,Gujarat,Accountant,2018-08-13
1458,Riya 1458,Female,2000-10-31,Latur,Karnataka,Developer,2018-09-11
1459,Meera 1459,Male,2001-03-17,Kolhapur,Delhi,Consultant,2018-10-10
1460,Aditi 1460,Female,2001-08-01,Solapur,Telangana,Student,2018-11-08
1461,Aarav 1461,Male,2001-12-16,Mumbai,Maharashtra,Engineer,2018-12-07
1462,Vihaan 1462,Female,2002-05-02,Pune,Gujarat,Teacher,2019-01-05
1463,Aditya 1463,Male,2002-09-16,Nashik,Karnataka,Doctor,2019-02-03
1464,Arjun 1464,Female,2003-01-31,Nagpur,Delhi,Business Owner,2019-03-04
1465,Rahul 1465,Male,2003-06-17,Aurangabad,Telangana,Analyst,2019-04-02
1466,Rohan 1466,Female,2003-11-01,Nanded,Maharashtra,Manager,2019-05-01
1467,Karan 1467,Male,2004-03-17,Parbhani,Gujarat,Accountant,2019-05-30
1468,Vivek 1468,Female,2004-08-01,Latur,Karnataka,Developer,2019-06-28
1469,Akash 1469,Male,2004-12-16,Kolhapur,Delhi,Consultant,2019-07-27
1470,Siddharth 1470,Female,2005-05-02,Solapur,Telangana,Student,2019-08-25
1471,Ananya 1471,Male,2005-09-16,Mumbai,Maharashtra,Engineer,2019-09-23
1472,Priya 1472,Female,2006-01-31,Pune,Gujarat,Teacher,2019-10-22
1473,Sneha 1473,Male,2006-06-17,Nashik,Karnataka,Doctor,2019-11-20
1474,Kavya 1474,Female,2006-11-01,Nagpur,Delhi,Business Owner,2019-12-19
1475,Isha 1475,Male,2007-03-18,Aurangabad,Telangana,Analyst,2020-01-17
1476,Neha 1476,Female,2007-08-02,Nanded,Maharashtra,Manager,2020-02-15
1477,Pooja 1477,Male,2007-12-17,Parbhani,Gujarat,Accountant,2020-03-15
1478,Riya 1478,Female,2008-05-02,Latur,Karnataka,Developer,2020-04-13
1479,Meera 1479,Male,2008-09-16,Kolhapur,Delhi,Consultant,2020-05-12
1480,Aditi 1480,Female,2009-01-31,Solapur,Telangana,Student,2020-06-10
1481,Aarav 1481,Male,2009-06-17,Mumbai,Maharashtra,Engineer,2020-07-09
1482,Vihaan 1482,Female,2009-11-01,Pune,Gujarat,Teacher,2020-08-07
1483,Aditya 1483,Male,2010-03-18,Nashik,Karnataka,Doctor,2020-09-05
1484,Arjun 1484,Female,2010-08-02,Nagpur,Delhi,Business Owner,2020-10-04
1485,Rahul 1485,Male,2010-12-17,Aurangabad,Telangana,Analyst,2020-11-02
1486,Rohan 1486,Female,2011-05-03,Nanded,Maharashtra,Manager,2020-12-01
1487,Karan 1487,Male,2011-09-17,Parbhani,Gujarat,Accountant,2020-12-30
1488,Vivek 1488,Female,2012-02-01,Latur,Karnataka,Developer,2021-01-28
1489,Akash 1489,Male,2012-06-17,Kolhapur,Delhi,Consultant,2021-02-26
1490,Siddharth 1490,Female,2012-11-01,Solapur,Telangana,Student,2021-03-27
1491,Ananya 1491,Male,1980-05-10,Mumbai,Maharashtra,Engineer,2021-04-25
1492,Priya 1492,Female,1980-09-24,Pune,Gujarat,Teacher,2021-05-24
1493,Sneha 1493,Male,1981-02-08,Nashik,Karnataka,Doctor,2021-06-22
1494,Kavya 1494,Female,1981-06-25,Nagpur,Delhi,Business Owner,2021-07-21
1495,Isha 1495,Male,1981-11-09,Aurangabad,Telangana,Analyst,2021-08-19
1496,Neha 1496,Female,1982-03-26,Nanded,Maharashtra,Manager,2021-09-17
1497,Pooja 1497,Male,1982-08-10,Parbhani,Gujarat,Accountant,2021-10-16
1498,Riya 1498,Female,1982-12-25,Latur,Karnataka,Developer,2021-11-14
1499,Meera 1499,Male,1983-05-11,Kolhapur,Delhi,Consultant,2021-12-13
1500,Aditi 1500,Female,1983-09-25,Solapur,Telangana,Student,2022-01-11
1501,Aarav 1501,Male,1984-02-09,Mumbai,Maharashtra,Engineer,2022-02-09
1502,Vihaan 1502,Female,1984-06-25,Pune,Gujarat,Teacher,2022-03-10
1503,Aditya 1503,Male,1984-11-09,Nashik,Karnataka,Doctor,2022-04-08
1504,Arjun 1504,Female,1985-03-26,Nagpur,Delhi,Business Owner,2022-05-07
1505,Rahul 1505,Male,1985-08-10,Aurangabad,Telangana,Analyst,2022-06-05
1506,Rohan 1506,Female,1985-12-25,Nanded,Maharashtra,Manager,2022-07-04
1507,Karan 1507,Male,1986-05-11,Parbhani,Gujarat,Accountant,2022-08-02
1508,Vivek 1508,Female,1986-09-25,Latur,Karnataka,Developer,2022-08-31
1509,Akash 1509,Male,1987-02-09,Kolhapur,Delhi,Consultant,2022-09-29
1510,Siddharth 1510,Female,1987-06-26,Solapur,Telangana,Student,2022-10-28
1511,Ananya 1511,Male,1987-11-10,Mumbai,Maharashtra,Engineer,2022-11-26
1512,Priya 1512,Female,1988-03-26,Pune,Gujarat,Teacher,2022-12-25
1513,Sneha 1513,Male,1988-08-10,Nashik,Karnataka,Doctor,2023-01-23
1514,Kavya 1514,Female,1988-12-25,Nagpur,Delhi,Business Owner,2023-02-21
1515,Isha 1515,Male,1989-05-11,Aurangabad,Telangana,Analyst,2023-03-22
1516,Neha 1516,Female,1989-09-25,Nanded,Maharashtra,Manager,2023-04-20
1517,Pooja 1517,Male,1990-02-09,Parbhani,Gujarat,Accountant,2023-05-19
1518,Riya 1518,Female,1990-06-26,Latur,Karnataka,Developer,2023-06-17
1519,Meera 1519,Male,1990-11-10,Kolhapur,Delhi,Consultant,2023-07-16
1520,Aditi 1520,Female,1991-03-27,Solapur,Telangana,Student,2023-08-14
1521,Aarav 1521,Male,1991-08-11,Mumbai,Maharashtra,Engineer,2023-09-12
1522,Vihaan 1522,Female,1991-12-26,Pune,Gujarat,Teacher,2023-10-11
1523,Aditya 1523,Male,1992-05-11,Nashik,Karnataka,Doctor,2023-11-09
1524,Arjun 1524,Female,1992-09-25,Nagpur,Delhi,Business Owner,2023-12-08
1525,Rahul 1525,Male,1993-02-09,Aurangabad,Telangana,Analyst,2024-01-06
1526,Rohan 1526,Female,1993-06-26,Nanded,Maharashtra,Manager,2024-02-04
1527,Karan 1527,Male,1993-11-10,Parbhani,Gujarat,Accountant,2024-03-04
1528,Vivek 1528,Female,1994-03-27,Latur,Karnataka,Developer,2024-04-02
1529,Akash 1529,Male,1994-08-11,Kolhapur,Delhi,Consultant,2024-05-01
1530,Siddharth 1530,Female,1994-12-26,Solapur,Telangana,Student,2024-05-30
1531,Ananya 1531,Male,1995-05-12,Mumbai,Maharashtra,Engineer,2024-06-28
1532,Priya 1532,Female,1995-09-26,Pune,Gujarat,Teacher,2024-07-27
1533,Sneha 1533,Male,1996-02-10,Nashik,Karnataka,Doctor,2024-08-25
1534,Kavya 1534,Female,1996-06-26,Nagpur,Delhi,Business Owner,2024-09-23
1535,Isha 1535,Male,1996-11-10,Aurangabad,Telangana,Analyst,2024-10-22
1536,Neha 1536,Female,1997-03-27,Nanded,Maharashtra,Manager,2024-11-20
1537,Pooja 1537,Male,1997-08-11,Parbhani,Gujarat,Accountant,2024-12-19
1538,Riya 1538,Female,1997-12-26,Latur,Karnataka,Developer,2025-01-17
1539,Meera 1539,Male,1998-05-12,Kolhapur,Delhi,Consultant,2025-02-15
1540,Aditi 1540,Female,1998-09-26,Solapur,Telangana,Student,2025-03-16
1541,Aarav 1541,Male,1999-02-10,Mumbai,Maharashtra,Engineer,2025-04-14
1542,Vihaan 1542,Female,1999-06-27,Pune,Gujarat,Teacher,2025-05-13
1543,Aditya 1543,Male,1999-11-11,Nashik,Karnataka,Doctor,2025-06-11
1544,Arjun 1544,Female,2000-03-27,Nagpur,Delhi,Business Owner,2025-07-10
1545,Rahul 1545,Male,2000-08-11,Aurangabad,Telangana,Analyst,2025-08-08
1546,Rohan 1546,Female,2000-12-26,Nanded,Maharashtra,Manager,2025-09-06
1547,Karan 1547,Male,2001-05-12,Parbhani,Gujarat,Accountant,2025-10-05
1548,Vivek 1548,Female,2001-09-26,Latur,Karnataka,Developer,2025-11-03
1549,Akash 1549,Male,2002-02-10,Kolhapur,Delhi,Consultant,2025-12-02
1550,Siddharth 1550,Female,2002-06-27,Solapur,Telangana,Student,2025-12-31
1551,Ananya 1551,Male,2002-11-11,Mumbai,Maharashtra,Engineer,2026-01-29
1552,Priya 1552,Female,2003-03-28,Pune,Gujarat,Teacher,2026-02-27
1553,Sneha 1553,Male,2003-08-12,Nashik,Karnataka,Doctor,2018-01-09
1554,Kavya 1554,Female,2003-12-27,Nagpur,Delhi,Business Owner,2018-02-07
1555,Isha 1555,Male,2004-05-12,Aurangabad,Telangana,Analyst,2018-03-08
1556,Neha 1556,Female,2004-09-26,Nanded,Maharashtra,Manager,2018-04-06
1557,Pooja 1557,Male,2005-02-10,Parbhani,Gujarat,Accountant,2018-05-05
1558,Riya 1558,Female,2005-06-27,Latur,Karnataka,Developer,2018-06-03
1559,Meera 1559,Male,2005-11-11,Kolhapur,Delhi,Consultant,2018-07-02
1560,Aditi 1560,Female,2006-03-28,Solapur,Telangana,Student,2018-07-31
1561,Aarav 1561,Male,2006-08-12,Mumbai,Maharashtra,Engineer,2018-08-29
1562,Vihaan 1562,Female,2006-12-27,Pune,Gujarat,Teacher,2018-09-27
1563,Aditya 1563,Male,2007-05-13,Nashik,Karnataka,Doctor,2018-10-26
1564,Arjun 1564,Female,2007-09-27,Nagpur,Delhi,Business Owner,2018-11-24
1565,Rahul 1565,Male,2008-02-11,Aurangabad,Telangana,Analyst,2018-12-23
1566,Rohan 1566,Female,2008-06-27,Nanded,Maharashtra,Manager,2019-01-21
1567,Karan 1567,Male,2008-11-11,Parbhani,Gujarat,Accountant,2019-02-19
1568,Vivek 1568,Female,2009-03-28,Latur,Karnataka,Developer,2019-03-20
1569,Akash 1569,Male,2009-08-12,Kolhapur,Delhi,Consultant,2019-04-18
1570,Siddharth 1570,Female,2009-12-27,Solapur,Telangana,Student,2019-05-17
1571,Ananya 1571,Male,2010-05-13,Mumbai,Maharashtra,Engineer,2019-06-15
1572,Priya 1572,Female,2010-09-27,Pune,Gujarat,Teacher,2019-07-14
1573,Sneha 1573,Male,2011-02-11,Nashik,Karnataka,Doctor,2019-08-12
1574,Kavya 1574,Female,2011-06-28,Nagpur,Delhi,Business Owner,2019-09-10
1575,Isha 1575,Male,2011-11-12,Aurangabad,Telangana,Analyst,2019-10-09
1576,Neha 1576,Female,2012-03-28,Nanded,Maharashtra,Manager,2019-11-07
1577,Pooja 1577,Male,2012-08-12,Parbhani,Gujarat,Accountant,2019-12-06
1578,Riya 1578,Female,1980-02-19,Latur,Karnataka,Developer,2020-01-04
1579,Meera 1579,Male,1980-07-05,Kolhapur,Delhi,Consultant,2020-02-02
1580,Aditi 1580,Female,1980-11-19,Solapur,Telangana,Student,2020-03-02
1581,Aarav 1581,Male,1981-04-05,Mumbai,Maharashtra,Engineer,2020-03-31
1582,Vihaan 1582,Female,1981-08-20,Pune,Gujarat,Teacher,2020-04-29
1583,Aditya 1583,Male,1982-01-04,Nashik,Karnataka,Doctor,2020-05-28
1584,Arjun 1584,Female,1982-05-21,Nagpur,Delhi,Business Owner,2020-06-26
1585,Rahul 1585,Male,1982-10-05,Aurangabad,Telangana,Analyst,2020-07-25
1586,Rohan 1586,Female,1983-02-19,Nanded,Maharashtra,Manager,2020-08-23
1587,Karan 1587,Male,1983-07-06,Parbhani,Gujarat,Accountant,2020-09-21
1588,Vivek 1588,Female,1983-11-20,Latur,Karnataka,Developer,2020-10-20
1589,Akash 1589,Male,1984-04-05,Kolhapur,Delhi,Consultant,2020-11-18
1590,Siddharth 1590,Female,1984-08-20,Solapur,Telangana,Student,2020-12-17
1591,Ananya 1591,Male,1985-01-04,Mumbai,Maharashtra,Engineer,2021-01-15
1592,Priya 1592,Female,1985-05-21,Pune,Gujarat,Teacher,2021-02-13
1593,Sneha 1593,Male,1985-10-05,Nashik,Karnataka,Doctor,2021-03-14
1594,Kavya 1594,Female,1986-02-19,Nagpur,Delhi,Business Owner,2021-04-12
1595,Isha 1595,Male,1986-07-06,Aurangabad,Telangana,Analyst,2021-05-11
1596,Neha 1596,Female,1986-11-20,Nanded,Maharashtra,Manager,2021-06-09
1597,Pooja 1597,Male,1987-04-06,Parbhani,Gujarat,Accountant,2021-07-08
1598,Riya 1598,Female,1987-08-21,Latur,Karnataka,Developer,2021-08-06
1599,Meera 1599,Male,1988-01-05,Kolhapur,Delhi,Consultant,2021-09-04
1600,Aditi 1600,Female,1988-05-21,Solapur,Telangana,Student,2021-10-03
1601,Aarav 1601,Male,1988-10-05,Mumbai,Maharashtra,Engineer,2021-11-01
1602,Vihaan 1602,Female,1989-02-19,Pune,Gujarat,Teacher,2021-11-30
1603,Aditya 1603,Male,1989-07-06,Nashik,Karnataka,Doctor,2021-12-29
1604,Arjun 1604,Female,1989-11-20,Nagpur,Delhi,Business Owner,2022-01-27
1605,Rahul 1605,Male,1990-04-06,Aurangabad,Telangana,Analyst,2022-02-25
1606,Rohan 1606,Female,1990-08-21,Nanded,Maharashtra,Manager,2022-03-26
1607,Karan 1607,Male,1991-01-05,Parbhani,Gujarat,Accountant,2022-04-24
1608,Vivek 1608,Female,1991-05-22,Latur,Karnataka,Developer,2022-05-23
1609,Akash 1609,Male,1991-10-06,Kolhapur,Delhi,Consultant,2022-06-21
1610,Siddharth 1610,Female,1992-02-20,Solapur,Telangana,Student,2022-07-20
1611,Ananya 1611,Male,1992-07-06,Mumbai,Maharashtra,Engineer,2022-08-18
1612,Priya 1612,Female,1992-11-20,Pune,Gujarat,Teacher,2022-09-16
1613,Sneha 1613,Male,1993-04-06,Nashik,Karnataka,Doctor,2022-10-15
1614,Kavya 1614,Female,1993-08-21,Nagpur,Delhi,Business Owner,2022-11-13
1615,Isha 1615,Male,1994-01-05,Aurangabad,Telangana,Analyst,2022-12-12
1616,Neha 1616,Female,1994-05-22,Nanded,Maharashtra,Manager,2023-01-10
1617,Pooja 1617,Male,1994-10-06,Parbhani,Gujarat,Accountant,2023-02-08
1618,Riya 1618,Female,1995-02-20,Latur,Karnataka,Developer,2023-03-09
1619,Meera 1619,Male,1995-07-07,Kolhapur,Delhi,Consultant,2023-04-07
1620,Aditi 1620,Female,1995-11-21,Solapur,Telangana,Student,2023-05-06
1621,Aarav 1621,Male,1996-04-06,Mumbai,Maharashtra,Engineer,2023-06-04
1622,Vihaan 1622,Female,1996-08-21,Pune,Gujarat,Teacher,2023-07-03
1623,Aditya 1623,Male,1997-01-05,Nashik,Karnataka,Doctor,2023-08-01
1624,Arjun 1624,Female,1997-05-22,Nagpur,Delhi,Business Owner,2023-08-30
1625,Rahul 1625,Male,1997-10-06,Aurangabad,Telangana,Analyst,2023-09-28
1626,Rohan 1626,Female,1998-02-20,Nanded,Maharashtra,Manager,2023-10-27
1627,Karan 1627,Male,1998-07-07,Parbhani,Gujarat,Accountant,2023-11-25
1628,Vivek 1628,Female,1998-11-21,Latur,Karnataka,Developer,2023-12-24
1629,Akash 1629,Male,1999-04-07,Kolhapur,Delhi,Consultant,2024-01-22
1630,Siddharth 1630,Female,1999-08-22,Solapur,Telangana,Student,2024-02-20
1631,Ananya 1631,Male,2000-01-06,Mumbai,Maharashtra,Engineer,2024-03-20
1632,Priya 1632,Female,2000-05-22,Pune,Gujarat,Teacher,2024-04-18
1633,Sneha 1633,Male,2000-10-06,Nashik,Karnataka,Doctor,2024-05-17
1634,Kavya 1634,Female,2001-02-20,Nagpur,Delhi,Business Owner,2024-06-15
1635,Isha 1635,Male,2001-07-07,Aurangabad,Telangana,Analyst,2024-07-14
1636,Neha 1636,Female,2001-11-21,Nanded,Maharashtra,Manager,2024-08-12
1637,Pooja 1637,Male,2002-04-07,Parbhani,Gujarat,Accountant,2024-09-10
1638,Riya 1638,Female,2002-08-22,Latur,Karnataka,Developer,2024-10-09
1639,Meera 1639,Male,2003-01-06,Kolhapur,Delhi,Consultant,2024-11-07
1640,Aditi 1640,Female,2003-05-23,Solapur,Telangana,Student,2024-12-06
1641,Aarav 1641,Male,2003-10-07,Mumbai,Maharashtra,Engineer,2025-01-04
1642,Vihaan 1642,Female,2004-02-21,Pune,Gujarat,Teacher,2025-02-02
1643,Aditya 1643,Male,2004-07-07,Nashik,Karnataka,Doctor,2025-03-03
1644,Arjun 1644,Female,2004-11-21,Nagpur,Delhi,Business Owner,2025-04-01
1645,Rahul 1645,Male,2005-04-07,Aurangabad,Telangana,Analyst,2025-04-30
1646,Rohan 1646,Female,2005-08-22,Nanded,Maharashtra,Manager,2025-05-29
1647,Karan 1647,Male,2006-01-06,Parbhani,Gujarat,Accountant,2025-06-27
1648,Vivek 1648,Female,2006-05-23,Latur,Karnataka,Developer,2025-07-26
1649,Akash 1649,Male,2006-10-07,Kolhapur,Delhi,Consultant,2025-08-24
1650,Siddharth 1650,Female,2007-02-21,Solapur,Telangana,Student,2025-09-22
1651,Ananya 1651,Male,2007-07-08,Mumbai,Maharashtra,Engineer,2025-10-21
1652,Priya 1652,Female,2007-11-22,Pune,Gujarat,Teacher,2025-11-19
1653,Sneha 1653,Male,2008-04-07,Nashik,Karnataka,Doctor,2025-12-18
1654,Kavya 1654,Female,2008-08-22,Nagpur,Delhi,Business Owner,2026-01-16
1655,Isha 1655,Male,2009-01-06,Aurangabad,Telangana,Analyst,2026-02-14
1656,Neha 1656,Female,2009-05-23,Nanded,Maharashtra,Manager,2026-03-15
1657,Pooja 1657,Male,2009-10-07,Parbhani,Gujarat,Accountant,2018-01-25
1658,Riya 1658,Female,2010-02-21,Latur,Karnataka,Developer,2018-02-23
1659,Meera 1659,Male,2010-07-08,Kolhapur,Delhi,Consultant,2018-03-24
1660,Aditi 1660,Female,2010-11-22,Solapur,Telangana,Student,2018-04-22
1661,Aarav 1661,Male,2011-04-08,Mumbai,Maharashtra,Engineer,2018-05-21
1662,Vihaan 1662,Female,2011-08-23,Pune,Gujarat,Teacher,2018-06-19
1663,Aditya 1663,Male,2012-01-07,Nashik,Karnataka,Doctor,2018-07-18
1664,Arjun 1664,Female,2012-05-23,Nagpur,Delhi,Business Owner,2018-08-16
1665,Rahul 1665,Male,2012-10-07,Aurangabad,Telangana,Analyst,2018-09-14
1666,Rohan 1666,Female,1980-04-15,Nanded,Maharashtra,Manager,2018-10-13
1667,Karan 1667,Male,1980-08-30,Parbhani,Gujarat,Accountant,2018-11-11
1668,Vivek 1668,Female,1981-01-14,Latur,Karnataka,Developer,2018-12-10
1669,Akash 1669,Male,1981-05-31,Kolhapur,Delhi,Consultant,2019-01-08
1670,Siddharth 1670,Female,1981-10-15,Solapur,Telangana,Student,2019-02-06
1671,Ananya 1671,Male,1982-03-01,Mumbai,Maharashtra,Engineer,2019-03-07
1672,Priya 1672,Female,1982-07-16,Pune,Gujarat,Teacher,2019-04-05
1673,Sneha 1673,Male,1982-11-30,Nashik,Karnataka,Doctor,2019-05-04
1674,Kavya 1674,Female,1983-04-16,Nagpur,Delhi,Business Owner,2019-06-02
1675,Isha 1675,Male,1983-08-31,Aurangabad,Telangana,Analyst,2019-07-01
1676,Neha 1676,Female,1984-01-15,Nanded,Maharashtra,Manager,2019-07-30
1677,Pooja 1677,Male,1984-05-31,Parbhani,Gujarat,Accountant,2019-08-28
1678,Riya 1678,Female,1984-10-15,Latur,Karnataka,Developer,2019-09-26
1679,Meera 1679,Male,1985-03-01,Kolhapur,Delhi,Consultant,2019-10-25
1680,Aditi 1680,Female,1985-07-16,Solapur,Telangana,Student,2019-11-23
1681,Aarav 1681,Male,1985-11-30,Mumbai,Maharashtra,Engineer,2019-12-22
1682,Vihaan 1682,Female,1986-04-16,Pune,Gujarat,Teacher,2020-01-20
1683,Aditya 1683,Male,1986-08-31,Nashik,Karnataka,Doctor,2020-02-18
1684,Arjun 1684,Female,1987-01-15,Nagpur,Delhi,Business Owner,2020-03-18
1685,Rahul 1685,Male,1987-06-01,Aurangabad,Telangana,Analyst,2020-04-16
1686,Rohan 1686,Female,1987-10-16,Nanded,Maharashtra,Manager,2020-05-15
1687,Karan 1687,Male,1988-03-01,Parbhani,Gujarat,Accountant,2020-06-13
1688,Vivek 1688,Female,1988-07-16,Latur,Karnataka,Developer,2020-07-12
1689,Akash 1689,Male,1988-11-30,Kolhapur,Delhi,Consultant,2020-08-10
1690,Siddharth 1690,Female,1989-04-16,Solapur,Telangana,Student,2020-09-08
1691,Ananya 1691,Male,1989-08-31,Mumbai,Maharashtra,Engineer,2020-10-07
1692,Priya 1692,Female,1990-01-15,Pune,Gujarat,Teacher,2020-11-05
1693,Sneha 1693,Male,1990-06-01,Nashik,Karnataka,Doctor,2020-12-04
1694,Kavya 1694,Female,1990-10-16,Nagpur,Delhi,Business Owner,2021-01-02
1695,Isha 1695,Male,1991-03-02,Aurangabad,Telangana,Analyst,2021-01-31
1696,Neha 1696,Female,1991-07-17,Nanded,Maharashtra,Manager,2021-03-01
1697,Pooja 1697,Male,1991-12-01,Parbhani,Gujarat,Accountant,2021-03-30
1698,Riya 1698,Female,1992-04-16,Latur,Karnataka,Developer,2021-04-28
1699,Meera 1699,Male,1992-08-31,Kolhapur,Delhi,Consultant,2021-05-27
1700,Aditi 1700,Female,1993-01-15,Solapur,Telangana,Student,2021-06-25
1701,Aarav 1701,Male,1993-06-01,Mumbai,Maharashtra,Engineer,2021-07-24
1702,Vihaan 1702,Female,1993-10-16,Pune,Gujarat,Teacher,2021-08-22
1703,Aditya 1703,Male,1994-03-02,Nashik,Karnataka,Doctor,2021-09-20
1704,Arjun 1704,Female,1994-07-17,Nagpur,Delhi,Business Owner,2021-10-19
1705,Rahul 1705,Male,1994-12-01,Aurangabad,Telangana,Analyst,2021-11-17
1706,Rohan 1706,Female,1995-04-17,Nanded,Maharashtra,Manager,2021-12-16
1707,Karan 1707,Male,1995-09-01,Parbhani,Gujarat,Accountant,2022-01-14
1708,Vivek 1708,Female,1996-01-16,Latur,Karnataka,Developer,2022-02-12
1709,Akash 1709,Male,1996-06-01,Kolhapur,Delhi,Consultant,2022-03-13
1710,Siddharth 1710,Female,1996-10-16,Solapur,Telangana,Student,2022-04-11
1711,Ananya 1711,Male,1997-03-02,Mumbai,Maharashtra,Engineer,2022-05-10
1712,Priya 1712,Female,1997-07-17,Pune,Gujarat,Teacher,2022-06-08
1713,Sneha 1713,Male,1997-12-01,Nashik,Karnataka,Doctor,2022-07-07
1714,Kavya 1714,Female,1998-04-17,Nagpur,Delhi,Business Owner,2022-08-05
1715,Isha 1715,Male,1998-09-01,Aurangabad,Telangana,Analyst,2022-09-03
1716,Neha 1716,Female,1999-01-16,Nanded,Maharashtra,Manager,2022-10-02
1717,Pooja 1717,Male,1999-06-02,Parbhani,Gujarat,Accountant,2022-10-31
1718,Riya 1718,Female,1999-10-17,Latur,Karnataka,Developer,2022-11-29
1719,Meera 1719,Male,2000-03-02,Kolhapur,Delhi,Consultant,2022-12-28
1720,Aditi 1720,Female,2000-07-17,Solapur,Telangana,Student,2023-01-26
1721,Aarav 1721,Male,2000-12-01,Mumbai,Maharashtra,Engineer,2023-02-24
1722,Vihaan 1722,Female,2001-04-17,Pune,Gujarat,Teacher,2023-03-25
1723,Aditya 1723,Male,2001-09-01,Nashik,Karnataka,Doctor,2023-04-23
1724,Arjun 1724,Female,2002-01-16,Nagpur,Delhi,Business Owner,2023-05-22
1725,Rahul 1725,Male,2002-06-02,Aurangabad,Telangana,Analyst,2023-06-20
1726,Rohan 1726,Female,2002-10-17,Nanded,Maharashtra,Manager,2023-07-19
1727,Karan 1727,Male,2003-03-03,Parbhani,Gujarat,Accountant,2023-08-17
1728,Vivek 1728,Female,2003-07-18,Latur,Karnataka,Developer,2023-09-15
1729,Akash 1729,Male,2003-12-02,Kolhapur,Delhi,Consultant,2023-10-14
1730,Siddharth 1730,Female,2004-04-17,Solapur,Telangana,Student,2023-11-12
1731,Ananya 1731,Male,2004-09-01,Mumbai,Maharashtra,Engineer,2023-12-11
1732,Priya 1732,Female,2005-01-16,Pune,Gujarat,Teacher,2024-01-09
1733,Sneha 1733,Male,2005-06-02,Nashik,Karnataka,Doctor,2024-02-07
1734,Kavya 1734,Female,2005-10-17,Nagpur,Delhi,Business Owner,2024-03-07
1735,Isha 1735,Male,2006-03-03,Aurangabad,Telangana,Analyst,2024-04-05
1736,Neha 1736,Female,2006-07-18,Nanded,Maharashtra,Manager,2024-05-04
1737,Pooja 1737,Male,2006-12-02,Parbhani,Gujarat,Accountant,2024-06-02
1738,Riya 1738,Female,2007-04-18,Latur,Karnataka,Developer,2024-07-01
1739,Meera 1739,Male,2007-09-02,Kolhapur,Delhi,Consultant,2024-07-30
1740,Aditi 1740,Female,2008-01-17,Solapur,Telangana,Student,2024-08-28
1741,Aarav 1741,Male,2008-06-02,Mumbai,Maharashtra,Engineer,2024-09-26
1742,Vihaan 1742,Female,2008-10-17,Pune,Gujarat,Teacher,2024-10-25
1743,Aditya 1743,Male,2009-03-03,Nashik,Karnataka,Doctor,2024-11-23
1744,Arjun 1744,Female,2009-07-18,Nagpur,Delhi,Business Owner,2024-12-22
1745,Rahul 1745,Male,2009-12-02,Aurangabad,Telangana,Analyst,2025-01-20
1746,Rohan 1746,Female,2010-04-18,Nanded,Maharashtra,Manager,2025-02-18
1747,Karan 1747,Male,2010-09-02,Parbhani,Gujarat,Accountant,2025-03-19
1748,Vivek 1748,Female,2011-01-17,Latur,Karnataka,Developer,2025-04-17
1749,Akash 1749,Male,2011-06-03,Kolhapur,Delhi,Consultant,2025-05-16
1750,Siddharth 1750,Female,2011-10-18,Solapur,Telangana,Student,2025-06-14
1751,Ananya 1751,Male,2012-03-03,Mumbai,Maharashtra,Engineer,2025-07-13
1752,Priya 1752,Female,2012-07-18,Pune,Gujarat,Teacher,2025-08-11
1753,Sneha 1753,Male,1980-01-25,Nashik,Karnataka,Doctor,2025-09-09
1754,Kavya 1754,Female,1980-06-10,Nagpur,Delhi,Business Owner,2025-10-08
1755,Isha 1755,Male,1980-10-25,Aurangabad,Telangana,Analyst,2025-11-06
1756,Neha 1756,Female,1981-03-11,Nanded,Maharashtra,Manager,2025-12-05
1757,Pooja 1757,Male,1981-07-26,Parbhani,Gujarat,Accountant,2026-01-03
1758,Riya 1758,Female,1981-12-10,Latur,Karnataka,Developer,2026-02-01
1759,Meera 1759,Male,1982-04-26,Kolhapur,Delhi,Consultant,2026-03-02
1760,Aditi 1760,Female,1982-09-10,Solapur,Telangana,Student,2018-01-12
1761,Aarav 1761,Male,1983-01-25,Mumbai,Maharashtra,Engineer,2018-02-10
1762,Vihaan 1762,Female,1983-06-11,Pune,Gujarat,Teacher,2018-03-11
1763,Aditya 1763,Male,1983-10-26,Nashik,Karnataka,Doctor,2018-04-09
1764,Arjun 1764,Female,1984-03-11,Nagpur,Delhi,Business Owner,2018-05-08
1765,Rahul 1765,Male,1984-07-26,Aurangabad,Telangana,Analyst,2018-06-06
1766,Rohan 1766,Female,1984-12-10,Nanded,Maharashtra,Manager,2018-07-05
1767,Karan 1767,Male,1985-04-26,Parbhani,Gujarat,Accountant,2018-08-03
1768,Vivek 1768,Female,1985-09-10,Latur,Karnataka,Developer,2018-09-01
1769,Akash 1769,Male,1986-01-25,Kolhapur,Delhi,Consultant,2018-09-30
1770,Siddharth 1770,Female,1986-06-11,Solapur,Telangana,Student,2018-10-29
1771,Ananya 1771,Male,1986-10-26,Mumbai,Maharashtra,Engineer,2018-11-27
1772,Priya 1772,Female,1987-03-12,Pune,Gujarat,Teacher,2018-12-26
1773,Sneha 1773,Male,1987-07-27,Nashik,Karnataka,Doctor,2019-01-24
1774,Kavya 1774,Female,1987-12-11,Nagpur,Delhi,Business Owner,2019-02-22
1775,Isha 1775,Male,1988-04-26,Aurangabad,Telangana,Analyst,2019-03-23
1776,Neha 1776,Female,1988-09-10,Nanded,Maharashtra,Manager,2019-04-21
1777,Pooja 1777,Male,1989-01-25,Parbhani,Gujarat,Accountant,2019-05-20
1778,Riya 1778,Female,1989-06-11,Latur,Karnataka,Developer,2019-06-18
1779,Meera 1779,Male,1989-10-26,Kolhapur,Delhi,Consultant,2019-07-17
1780,Aditi 1780,Female,1990-03-12,Solapur,Telangana,Student,2019-08-15
1781,Aarav 1781,Male,1990-07-27,Mumbai,Maharashtra,Engineer,2019-09-13
1782,Vihaan 1782,Female,1990-12-11,Pune,Gujarat,Teacher,2019-10-12
1783,Aditya 1783,Male,1991-04-27,Nashik,Karnataka,Doctor,2019-11-10
1784,Arjun 1784,Female,1991-09-11,Nagpur,Delhi,Business Owner,2019-12-09
1785,Rahul 1785,Male,1992-01-26,Aurangabad,Telangana,Analyst,2020-01-07
1786,Rohan 1786,Female,1992-06-11,Nanded,Maharashtra,Manager,2020-02-05
1787,Karan 1787,Male,1992-10-26,Parbhani,Gujarat,Accountant,2020-03-05
1788,Vivek 1788,Female,1993-03-12,Latur,Karnataka,Developer,2020-04-03
1789,Akash 1789,Male,1993-07-27,Kolhapur,Delhi,Consultant,2020-05-02
1790,Siddharth 1790,Female,1993-12-11,Solapur,Telangana,Student,2020-05-31
1791,Ananya 1791,Male,1994-04-27,Mumbai,Maharashtra,Engineer,2020-06-29
1792,Priya 1792,Female,1994-09-11,Pune,Gujarat,Teacher,2020-07-28
1793,Sneha 1793,Male,1995-01-26,Nashik,Karnataka,Doctor,2020-08-26
1794,Kavya 1794,Female,1995-06-12,Nagpur,Delhi,Business Owner,2020-09-24
1795,Isha 1795,Male,1995-10-27,Aurangabad,Telangana,Analyst,2020-10-23
1796,Neha 1796,Female,1996-03-12,Nanded,Maharashtra,Manager,2020-11-21
1797,Pooja 1797,Male,1996-07-27,Parbhani,Gujarat,Accountant,2020-12-20
1798,Riya 1798,Female,1996-12-11,Latur,Karnataka,Developer,2021-01-18
1799,Meera 1799,Male,1997-04-27,Kolhapur,Delhi,Consultant,2021-02-16
1800,Aditi 1800,Female,1997-09-11,Solapur,Telangana,Student,2021-03-17
1801,Aarav 1801,Male,1998-01-26,Mumbai,Maharashtra,Engineer,2021-04-15
1802,Vihaan 1802,Female,1998-06-12,Pune,Gujarat,Teacher,2021-05-14
1803,Aditya 1803,Male,1998-10-27,Nashik,Karnataka,Doctor,2021-06-12
1804,Arjun 1804,Female,1999-03-13,Nagpur,Delhi,Business Owner,2021-07-11
1805,Rahul 1805,Male,1999-07-28,Aurangabad,Telangana,Analyst,2021-08-09
1806,Rohan 1806,Female,1999-12-12,Nanded,Maharashtra,Manager,2021-09-07
1807,Karan 1807,Male,2000-04-27,Parbhani,Gujarat,Accountant,2021-10-06
1808,Vivek 1808,Female,2000-09-11,Latur,Karnataka,Developer,2021-11-04
1809,Akash 1809,Male,2001-01-26,Kolhapur,Delhi,Consultant,2021-12-03
1810,Siddharth 1810,Female,2001-06-12,Solapur,Telangana,Student,2022-01-01
1811,Ananya 1811,Male,2001-10-27,Mumbai,Maharashtra,Engineer,2022-01-30
1812,Priya 1812,Female,2002-03-13,Pune,Gujarat,Teacher,2022-02-28
1813,Sneha 1813,Male,2002-07-28,Nashik,Karnataka,Doctor,2022-03-29
1814,Kavya 1814,Female,2002-12-12,Nagpur,Delhi,Business Owner,2022-04-27
1815,Isha 1815,Male,2003-04-28,Aurangabad,Telangana,Analyst,2022-05-26
1816,Neha 1816,Female,2003-09-12,Nanded,Maharashtra,Manager,2022-06-24
1817,Pooja 1817,Male,2004-01-27,Parbhani,Gujarat,Accountant,2022-07-23
1818,Riya 1818,Female,2004-06-12,Latur,Karnataka,Developer,2022-08-21
1819,Meera 1819,Male,2004-10-27,Kolhapur,Delhi,Consultant,2022-09-19
1820,Aditi 1820,Female,2005-03-13,Solapur,Telangana,Student,2022-10-18
1821,Aarav 1821,Male,2005-07-28,Mumbai,Maharashtra,Engineer,2022-11-16
1822,Vihaan 1822,Female,2005-12-12,Pune,Gujarat,Teacher,2022-12-15
1823,Aditya 1823,Male,2006-04-28,Nashik,Karnataka,Doctor,2023-01-13
1824,Arjun 1824,Female,2006-09-12,Nagpur,Delhi,Business Owner,2023-02-11
1825,Rahul 1825,Male,2007-01-27,Aurangabad,Telangana,Analyst,2023-03-12
1826,Rohan 1826,Female,2007-06-13,Nanded,Maharashtra,Manager,2023-04-10
1827,Karan 1827,Male,2007-10-28,Parbhani,Gujarat,Accountant,2023-05-09
1828,Vivek 1828,Female,2008-03-13,Latur,Karnataka,Developer,2023-06-07
1829,Akash 1829,Male,2008-07-28,Kolhapur,Delhi,Consultant,2023-07-06
1830,Siddharth 1830,Female,2008-12-12,Solapur,Telangana,Student,2023-08-04
1831,Ananya 1831,Male,2009-04-28,Mumbai,Maharashtra,Engineer,2023-09-02
1832,Priya 1832,Female,2009-09-12,Pune,Gujarat,Teacher,2023-10-01
1833,Sneha 1833,Male,2010-01-27,Nashik,Karnataka,Doctor,2023-10-30
1834,Kavya 1834,Female,2010-06-13,Nagpur,Delhi,Business Owner,2023-11-28
1835,Isha 1835,Male,2010-10-28,Aurangabad,Telangana,Analyst,2023-12-27
1836,Neha 1836,Female,2011-03-14,Nanded,Maharashtra,Manager,2024-01-25
1837,Pooja 1837,Male,2011-07-29,Parbhani,Gujarat,Accountant,2024-02-23
1838,Riya 1838,Female,2011-12-13,Latur,Karnataka,Developer,2024-03-23
1839,Meera 1839,Male,2012-04-28,Kolhapur,Delhi,Consultant,2024-04-21
1840,Aditi 1840,Female,2012-09-12,Solapur,Telangana,Student,2024-05-20
1841,Aarav 1841,Male,1980-03-21,Mumbai,Maharashtra,Engineer,2024-06-18
1842,Vihaan 1842,Female,1980-08-05,Pune,Gujarat,Teacher,2024-07-17
1843,Aditya 1843,Male,1980-12-20,Nashik,Karnataka,Doctor,2024-08-15
1844,Arjun 1844,Female,1981-05-06,Nagpur,Delhi,Business Owner,2024-09-13
1845,Rahul 1845,Male,1981-09-20,Aurangabad,Telangana,Analyst,2024-10-12
1846,Rohan 1846,Female,1982-02-04,Nanded,Maharashtra,Manager,2024-11-10
1847,Karan 1847,Male,1982-06-21,Parbhani,Gujarat,Accountant,2024-12-09
1848,Vivek 1848,Female,1982-11-05,Latur,Karnataka,Developer,2025-01-07
1849,Akash 1849,Male,1983-03-22,Kolhapur,Delhi,Consultant,2025-02-05
1850,Siddharth 1850,Female,1983-08-06,Solapur,Telangana,Student,2025-03-06
1851,Ananya 1851,Male,1983-12-21,Mumbai,Maharashtra,Engineer,2025-04-04
1852,Priya 1852,Female,1984-05-06,Pune,Gujarat,Teacher,2025-05-03
1853,Sneha 1853,Male,1984-09-20,Nashik,Karnataka,Doctor,2025-06-01
1854,Kavya 1854,Female,1985-02-04,Nagpur,Delhi,Business Owner,2025-06-30
1855,Isha 1855,Male,1985-06-21,Aurangabad,Telangana,Analyst,2025-07-29
1856,Neha 1856,Female,1985-11-05,Nanded,Maharashtra,Manager,2025-08-27
1857,Pooja 1857,Male,1986-03-22,Parbhani,Gujarat,Accountant,2025-09-25
1858,Riya 1858,Female,1986-08-06,Latur,Karnataka,Developer,2025-10-24
1859,Meera 1859,Male,1986-12-21,Kolhapur,Delhi,Consultant,2025-11-22
1860,Aditi 1860,Female,1987-05-07,Solapur,Telangana,Student,2025-12-21
1861,Aarav 1861,Male,1987-09-21,Mumbai,Maharashtra,Engineer,2026-01-19
1862,Vihaan 1862,Female,1988-02-05,Pune,Gujarat,Teacher,2026-02-17
1863,Aditya 1863,Male,1988-06-21,Nashik,Karnataka,Doctor,2026-03-18
1864,Arjun 1864,Female,1988-11-05,Nagpur,Delhi,Business Owner,2018-01-28
1865,Rahul 1865,Male,1989-03-22,Aurangabad,Telangana,Analyst,2018-02-26
1866,Rohan 1866,Female,1989-08-06,Nanded,Maharashtra,Manager,2018-03-27
1867,Karan 1867,Male,1989-12-21,Parbhani,Gujarat,Accountant,2018-04-25
1868,Vivek 1868,Female,1990-05-07,Latur,Karnataka,Developer,2018-05-24
1869,Akash 1869,Male,1990-09-21,Kolhapur,Delhi,Consultant,2018-06-22
1870,Siddharth 1870,Female,1991-02-05,Solapur,Telangana,Student,2018-07-21
1871,Ananya 1871,Male,1991-06-22,Mumbai,Maharashtra,Engineer,2018-08-19
1872,Priya 1872,Female,1991-11-06,Pune,Gujarat,Teacher,2018-09-17
1873,Sneha 1873,Male,1992-03-22,Nashik,Karnataka,Doctor,2018-10-16
1874,Kavya 1874,Female,1992-08-06,Nagpur,Delhi,Business Owner,2018-11-14
1875,Isha 1875,Male,1992-12-21,Aurangabad,Telangana,Analyst,2018-12-13
1876,Neha 1876,Female,1993-05-07,Nanded,Maharashtra,Manager,2019-01-11
1877,Pooja 1877,Male,1993-09-21,Parbhani,Gujarat,Accountant,2019-02-09
1878,Riya 1878,Female,1994-02-05,Latur,Karnataka,Developer,2019-03-10
1879,Meera 1879,Male,1994-06-22,Kolhapur,Delhi,Consultant,2019-04-08
1880,Aditi 1880,Female,1994-11-06,Solapur,Telangana,Student,2019-05-07
1881,Aarav 1881,Male,1995-03-23,Mumbai,Maharashtra,Engineer,2019-06-05
1882,Vihaan 1882,Female,1995-08-07,Pune,Gujarat,Teacher,2019-07-04
1883,Aditya 1883,Male,1995-12-22,Nashik,Karnataka,Doctor,2019-08-02
1884,Arjun 1884,Female,1996-05-07,Nagpur,Delhi,Business Owner,2019-08-31
1885,Rahul 1885,Male,1996-09-21,Aurangabad,Telangana,Analyst,2019-09-29
1886,Rohan 1886,Female,1997-02-05,Nanded,Maharashtra,Manager,2019-10-28
1887,Karan 1887,Male,1997-06-22,Parbhani,Gujarat,Accountant,2019-11-26
1888,Vivek 1888,Female,1997-11-06,Latur,Karnataka,Developer,2019-12-25
1889,Akash 1889,Male,1998-03-23,Kolhapur,Delhi,Consultant,2020-01-23
1890,Siddharth 1890,Female,1998-08-07,Solapur,Telangana,Student,2020-02-21
1891,Ananya 1891,Male,1998-12-22,Mumbai,Maharashtra,Engineer,2020-03-21
1892,Priya 1892,Female,1999-05-08,Pune,Gujarat,Teacher,2020-04-19
1893,Sneha 1893,Male,1999-09-22,Nashik,Karnataka,Doctor,2020-05-18
1894,Kavya 1894,Female,2000-02-06,Nagpur,Delhi,Business Owner,2020-06-16
1895,Isha 1895,Male,2000-06-22,Aurangabad,Telangana,Analyst,2020-07-15
1896,Neha 1896,Female,2000-11-06,Nanded,Maharashtra,Manager,2020-08-13
1897,Pooja 1897,Male,2001-03-23,Parbhani,Gujarat,Accountant,2020-09-11
1898,Riya 1898,Female,2001-08-07,Latur,Karnataka,Developer,2020-10-10
1899,Meera 1899,Male,2001-12-22,Kolhapur,Delhi,Consultant,2020-11-08
1900,Aditi 1900,Female,2002-05-08,Solapur,Telangana,Student,2020-12-07
1901,Aarav 1901,Male,2002-09-22,Mumbai,Maharashtra,Engineer,2021-01-05
1902,Vihaan 1902,Female,2003-02-06,Pune,Gujarat,Teacher,2021-02-03
1903,Aditya 1903,Male,2003-06-23,Nashik,Karnataka,Doctor,2021-03-04
1904,Arjun 1904,Female,2003-11-07,Nagpur,Delhi,Business Owner,2021-04-02
1905,Rahul 1905,Male,2004-03-23,Aurangabad,Telangana,Analyst,2021-05-01
1906,Rohan 1906,Female,2004-08-07,Nanded,Maharashtra,Manager,2021-05-30
1907,Karan 1907,Male,2004-12-22,Parbhani,Gujarat,Accountant,2021-06-28
1908,Vivek 1908,Female,2005-05-08,Latur,Karnataka,Developer,2021-07-27
1909,Akash 1909,Male,2005-09-22,Kolhapur,Delhi,Consultant,2021-08-25
1910,Siddharth 1910,Female,2006-02-06,Solapur,Telangana,Student,2021-09-23
1911,Ananya 1911,Male,2006-06-23,Mumbai,Maharashtra,Engineer,2021-10-22
1912,Priya 1912,Female,2006-11-07,Pune,Gujarat,Teacher,2021-11-20
1913,Sneha 1913,Male,2007-03-24,Nashik,Karnataka,Doctor,2021-12-19
1914,Kavya 1914,Female,2007-08-08,Nagpur,Delhi,Business Owner,2022-01-17
1915,Isha 1915,Male,2007-12-23,Aurangabad,Telangana,Analyst,2022-02-15
1916,Neha 1916,Female,2008-05-08,Nanded,Maharashtra,Manager,2022-03-16
1917,Pooja 1917,Male,2008-09-22,Parbhani,Gujarat,Accountant,2022-04-14
1918,Riya 1918,Female,2009-02-06,Latur,Karnataka,Developer,2022-05-13
1919,Meera 1919,Male,2009-06-23,Kolhapur,Delhi,Consultant,2022-06-11
1920,Aditi 1920,Female,2009-11-07,Solapur,Telangana,Student,2022-07-10
1921,Aarav 1921,Male,2010-03-24,Mumbai,Maharashtra,Engineer,2022-08-08
1922,Vihaan 1922,Female,2010-08-08,Pune,Gujarat,Teacher,2022-09-06
1923,Aditya 1923,Male,2010-12-23,Nashik,Karnataka,Doctor,2022-10-05
1924,Arjun 1924,Female,2011-05-09,Nagpur,Delhi,Business Owner,2022-11-03
1925,Rahul 1925,Male,2011-09-23,Aurangabad,Telangana,Analyst,2022-12-02
1926,Rohan 1926,Female,2012-02-07,Nanded,Maharashtra,Manager,2022-12-31
1927,Karan 1927,Male,2012-06-23,Parbhani,Gujarat,Accountant,2023-01-29
1928,Vivek 1928,Female,2012-11-07,Latur,Karnataka,Developer,2023-02-27
1929,Akash 1929,Male,1980-05-16,Kolhapur,Delhi,Consultant,2023-03-28
1930,Siddharth 1930,Female,1980-09-30,Solapur,Telangana,Student,2023-04-26
1931,Ananya 1931,Male,1981-02-14,Mumbai,Maharashtra,Engineer,2023-05-25
1932,Priya 1932,Female,1981-07-01,Pune,Gujarat,Teacher,2023-06-23
1933,Sneha 1933,Male,1981-11-15,Nashik,Karnataka,Doctor,2023-07-22
1934,Kavya 1934,Female,1982-04-01,Nagpur,Delhi,Business Owner,2023-08-20
1935,Isha 1935,Male,1982-08-16,Aurangabad,Telangana,Analyst,2023-09-18
1936,Neha 1936,Female,1982-12-31,Nanded,Maharashtra,Manager,2023-10-17
1937,Pooja 1937,Male,1983-05-17,Parbhani,Gujarat,Accountant,2023-11-15
1938,Riya 1938,Female,1983-10-01,Latur,Karnataka,Developer,2023-12-14
1939,Meera 1939,Male,1984-02-15,Kolhapur,Delhi,Consultant,2024-01-12
1940,Aditi 1940,Female,1984-07-01,Solapur,Telangana,Student,2024-02-10
1941,Aarav 1941,Male,1984-11-15,Mumbai,Maharashtra,Engineer,2024-03-10
1942,Vihaan 1942,Female,1985-04-01,Pune,Gujarat,Teacher,2024-04-08
1943,Aditya 1943,Male,1985-08-16,Nashik,Karnataka,Doctor,2024-05-07
1944,Arjun 1944,Female,1985-12-31,Nagpur,Delhi,Business Owner,2024-06-05
1945,Rahul 1945,Male,1986-05-17,Aurangabad,Telangana,Analyst,2024-07-04
1946,Rohan 1946,Female,1986-10-01,Nanded,Maharashtra,Manager,2024-08-02
1947,Karan 1947,Male,1987-02-15,Parbhani,Gujarat,Accountant,2024-08-31
1948,Vivek 1948,Female,1987-07-02,Latur,Karnataka,Developer,2024-09-29
1949,Akash 1949,Male,1987-11-16,Kolhapur,Delhi,Consultant,2024-10-28
1950,Siddharth 1950,Female,1988-04-01,Solapur,Telangana,Student,2024-11-26
1951,Ananya 1951,Male,1988-08-16,Mumbai,Maharashtra,Engineer,2024-12-25
1952,Priya 1952,Female,1988-12-31,Pune,Gujarat,Teacher,2025-01-23
1953,Sneha 1953,Male,1989-05-17,Nashik,Karnataka,Doctor,2025-02-21
1954,Kavya 1954,Female,1989-10-01,Nagpur,Delhi,Business Owner,2025-03-22
1955,Isha 1955,Male,1990-02-15,Aurangabad,Telangana,Analyst,2025-04-20
1956,Neha 1956,Female,1990-07-02,Nanded,Maharashtra,Manager,2025-05-19
1957,Pooja 1957,Male,1990-11-16,Parbhani,Gujarat,Accountant,2025-06-17
1958,Riya 1958,Female,1991-04-02,Latur,Karnataka,Developer,2025-07-16
1959,Meera 1959,Male,1991-08-17,Kolhapur,Delhi,Consultant,2025-08-14
1960,Aditi 1960,Female,1992-01-01,Solapur,Telangana,Student,2025-09-12
1961,Aarav 1961,Male,1992-05-17,Mumbai,Maharashtra,Engineer,2025-10-11
1962,Vihaan 1962,Female,1992-10-01,Pune,Gujarat,Teacher,2025-11-09
1963,Aditya 1963,Male,1993-02-15,Nashik,Karnataka,Doctor,2025-12-08
1964,Arjun 1964,Female,1993-07-02,Nagpur,Delhi,Business Owner,2026-01-06
1965,Rahul 1965,Male,1993-11-16,Aurangabad,Telangana,Analyst,2026-02-04
1966,Rohan 1966,Female,1994-04-02,Nanded,Maharashtra,Manager,2026-03-05
1967,Karan 1967,Male,1994-08-17,Parbhani,Gujarat,Accountant,2018-01-15
1968,Vivek 1968,Female,1995-01-01,Latur,Karnataka,Developer,2018-02-13
1969,Akash 1969,Male,1995-05-18,Kolhapur,Delhi,Consultant,2018-03-14
1970,Siddharth 1970,Female,1995-10-02,Solapur,Telangana,Student,2018-04-12
1971,Ananya 1971,Male,1996-02-16,Mumbai,Maharashtra,Engineer,2018-05-11
1972,Priya 1972,Female,1996-07-02,Pune,Gujarat,Teacher,2018-06-09
1973,Sneha 1973,Male,1996-11-16,Nashik,Karnataka,Doctor,2018-07-08
1974,Kavya 1974,Female,1997-04-02,Nagpur,Delhi,Business Owner,2018-08-06
1975,Isha 1975,Male,1997-08-17,Aurangabad,Telangana,Analyst,2018-09-04
1976,Neha 1976,Female,1998-01-01,Nanded,Maharashtra,Manager,2018-10-03
1977,Pooja 1977,Male,1998-05-18,Parbhani,Gujarat,Accountant,2018-11-01
1978,Riya 1978,Female,1998-10-02,Latur,Karnataka,Developer,2018-11-30
1979,Meera 1979,Male,1999-02-16,Kolhapur,Delhi,Consultant,2018-12-29
1980,Aditi 1980,Female,1999-07-03,Solapur,Telangana,Student,2019-01-27
1981,Aarav 1981,Male,1999-11-17,Mumbai,Maharashtra,Engineer,2019-02-25
1982,Vihaan 1982,Female,2000-04-02,Pune,Gujarat,Teacher,2019-03-26
1983,Aditya 1983,Male,2000-08-17,Nashik,Karnataka,Doctor,2019-04-24
1984,Arjun 1984,Female,2001-01-01,Nagpur,Delhi,Business Owner,2019-05-23
1985,Rahul 1985,Male,2001-05-18,Aurangabad,Telangana,Analyst,2019-06-21
1986,Rohan 1986,Female,2001-10-02,Nanded,Maharashtra,Manager,2019-07-20
1987,Karan 1987,Male,2002-02-16,Parbhani,Gujarat,Accountant,2019-08-18
1988,Vivek 1988,Female,2002-07-03,Latur,Karnataka,Developer,2019-09-16
1989,Akash 1989,Male,2002-11-17,Kolhapur,Delhi,Consultant,2019-10-15
1990,Siddharth 1990,Female,2003-04-03,Solapur,Telangana,Student,2019-11-13
1991,Ananya 1991,Male,2003-08-18,Mumbai,Maharashtra,Engineer,2019-12-12
1992,Priya 1992,Female,2004-01-02,Pune,Gujarat,Teacher,2020-01-10
1993,Sneha 1993,Male,2004-05-18,Nashik,Karnataka,Doctor,2020-02-08
1994,Kavya 1994,Female,2004-10-02,Nagpur,Delhi,Business Owner,2020-03-08
1995,Isha 1995,Male,2005-02-16,Aurangabad,Telangana,Analyst,2020-04-06
1996,Neha 1996,Female,2005-07-03,Nanded,Maharashtra,Manager,2020-05-05
1997,Pooja 1997,Male,2005-11-17,Parbhani,Gujarat,Accountant,2020-06-03
1998,Riya 1998,Female,2006-04-03,Latur,Karnataka,Developer,2020-07-02
1999,Meera 1999,Male,2006-08-18,Kolhapur,Delhi,Consultant,2020-07-31
2000,Aditi 2000,Female,2007-01-02,Solapur,Telangana,Student,2020-08-29
