transaction_id,account_id,transaction_date,transaction_type,amount,location_id,merchant_name,payment_method,transaction_status
500001,100017,2026-01-06 11:59:00,UPI,5931.01,14,Amazon,UPI,Success
500002,100034,2026-01-11 23:58:00,Card Payment,11762.02,27,Flipkart,Debit Card,Success
500003,100051,2026-01-17 11:57:00,ATM Withdrawal,17593.03,40,Swiggy,Credit Card,Success
500004,100068,2026-01-22 23:56:00,Online Transfer,23424.04,3,Zomato,Net Banking,Success
500005,100085,2026-01-28 11:55:00,Cash Withdrawal,29255.05,16,Myntra,ATM,Success
500006,100102,2026-02-02 23:54:00,Deposit,35086.06,29,Uber,UPI,Success
500007,100119,2026-02-08 11:53:00,UPI,40917.07,42,IRCTC,Debit Card,Success
500008,100136,2026-02-13 23:52:00,Card Payment,46748.08,5,Reliance,Credit Card,Success
500009,100153,2026-02-19 11:51:00,ATM Withdrawal,2679.09,18,DMart,Net Banking,Success
500010,100170,2026-02-24 23:50:00,Online Transfer,8510.1,31,Netflix,ATM,Success
500011,100187,2026-03-02 11:49:00,Cash Withdrawal,14341.11,44,PhonePe,UPI,Success
500012,100204,2026-03-07 23:48:00,Deposit,20172.12,7,Google Pay,Debit Card,Success
500013,100221,2026-03-13 11:47:00,UPI,26003.13,20,Amazon,Credit Card,Success
500014,100238,2026-03-18 23:46:00,Card Payment,31834.14,33,Flipkart,Net Banking,Success
500015,100255,2026-03-24 11:45:00,ATM Withdrawal,37665.15,46,Swiggy,ATM,Success
500016,100272,2026-03-29 23:44:00,Online Transfer,43496.16,9,Zomato,UPI,Success
500017,100289,2026-04-04 11:43:00,Cash Withdrawal,49327.17,22,Myntra,Debit Card,Success
500018,100306,2026-04-09 23:42:00,Deposit,5258.18,35,Uber,Credit Card,Success
500019,100323,2026-04-15 11:41:00,UPI,11089.19,48,IRCTC,Net Banking,Success
500020,100340,2026-04-20 23:40:00,Card Payment,16920.2,11,Reliance,ATM,Success
500021,100357,2026-04-26 11:39:00,ATM Withdrawal,22751.21,24,DMart,UPI,Success
500022,100374,2026-05-01 23:38:00,Online Transfer,28582.22,37,Netflix,Debit Card,Success
500023,100391,2026-05-07 11:37:00,Cash Withdrawal,34413.23,50,PhonePe,Credit Card,Success
500024,100408,2026-05-12 23:36:00,Deposit,40244.24,13,Google Pay,Net Banking,Success
500025,100425,2026-05-18 11:35:00,UPI,46075.25,26,Amazon,ATM,Success
500026,100442,2026-05-23 23:34:00,Card Payment,2006.26,39,Flipkart,UPI,Success
500027,100459,2026-05-29 11:33:00,ATM Withdrawal,7837.27,2,Swiggy,Debit Card,Success
500028,100476,2026-06-03 23:32:00,Online Transfer,13668.28,15,Zomato,Credit Card,Success
500029,100493,2026-06-09 11:31:00,Cash Withdrawal,19499.29,28,Myntra,Net Banking,Success
500030,100510,2026-06-14 23:30:00,Deposit,25330.3,41,Uber,ATM,Success
500031,100527,2026-06-20 11:29:00,UPI,31161.31,4,IRCTC,UPI,Success
500032,100544,2026-06-25 23:28:00,Card Payment,36992.32,17,Reliance,Debit Card,Success
500033,100561,2026-07-01 11:27:00,ATM Withdrawal,42823.33,30,DMart,Credit Card,Success
500034,100578,2026-07-06 23:26:00,Online Transfer,48654.34,43,Netflix,Net Banking,Success
500035,100595,2026-07-12 11:25:00,Cash Withdrawal,4585.35,6,PhonePe,ATM,Success
500036,100612,2026-07-17 23:24:00,Deposit,10416.36,19,Google Pay,UPI,Success
500037,100629,2026-07-23 11:23:00,UPI,16247.37,32,Amazon,Debit Card,Success
500038,100646,2026-07-28 23:22:00,Card Payment,22078.38,45,Flipkart,Credit Card,Success
500039,100663,2026-08-03 11:21:00,ATM Withdrawal,27909.39,8,Swiggy,Net Banking,Success
500040,100680,2026-08-08 23:20:00,Online Transfer,33740.4,21,Zomato,ATM,Success
500041,100697,2026-08-14 11:19:00,Cash Withdrawal,39571.41,34,Myntra,UPI,Success
500042,100714,2026-08-19 23:18:00,Deposit,45402.42,47,Uber,Debit Card,Success
500043,100731,2026-08-25 11:17:00,UPI,1333.43,10,IRCTC,Credit Card,Success
500044,100748,2026-08-30 23:16:00,Card Payment,7164.44,23,Reliance,Net Banking,Success
500045,100765,2026-09-05 11:15:00,ATM Withdrawal,12995.45,36,DMart,ATM,Success
500046,100782,2026-09-10 23:14:00,Online Transfer,18826.46,49,Netflix,UPI,Success
500047,100799,2026-09-16 11:13:00,Cash Withdrawal,24657.47,12,PhonePe,Debit Card,Success
500048,100816,2026-09-21 23:12:00,Deposit,30488.48,25,Google Pay,Credit Card,Success
500049,100833,2026-09-27 11:11:00,UPI,36319.49,38,Amazon,Net Banking,Success
500050,100850,2026-10-02 23:10:00,Card Payment,42150.5,1,Flipkart,ATM,Success
500051,100867,2026-10-08 11:09:00,ATM Withdrawal,47981.51,14,Swiggy,UPI,Success
500052,100884,2026-10-13 23:08:00,Online Transfer,3912.52,27,Zomato,Debit Card,Success
500053,100901,2026-10-19 11:07:00,Cash Withdrawal,9743.53,40,Myntra,Credit Card,Success
500054,100918,2026-10-24 23:06:00,Deposit,15574.54,3,Uber,Net Banking,Success
500055,100935,2026-10-30 11:05:00,UPI,21405.55,16,IRCTC,ATM,Success
500056,100952,2026-11-04 23:04:00,Card Payment,27236.56,29,Reliance,UPI,Success
500057,100969,2026-11-10 11:03:00,ATM Withdrawal,33067.57,42,DMart,Debit Card,Success
500058,100986,2026-11-15 23:02:00,Online Transfer,38898.58,5,Netflix,Credit Card,Success
500059,101003,2026-11-21 11:01:00,Cash Withdrawal,44729.59,18,PhonePe,Net Banking,Success
500060,101020,2026-11-26 23:00:00,Deposit,660.6,31,Google Pay,ATM,Success
500061,101037,2026-12-02 10:59:00,UPI,6491.61,44,Amazon,UPI,Success
500062,101054,2026-12-07 22:58:00,Card Payment,12322.62,7,Flipkart,Debit Card,Success
500063,101071,2026-12-13 10:57:00,ATM Withdrawal,18153.63,20,Swiggy,Credit Card,Success
500064,101088,2026-12-18 22:56:00,Online Transfer,23984.64,33,Zomato,Net Banking,Success
500065,101105,2026-12-24 10:55:00,Cash Withdrawal,29815.65,46,Myntra,ATM,Success
500066,101122,2026-12-29 22:54:00,Deposit,35646.66,9,Uber,UPI,Success
500067,101139,2027-01-04 10:53:00,UPI,41477.67,22,IRCTC,Debit Card,Pending
500068,101156,2027-01-09 22:52:00,Card Payment,47308.68,35,Reliance,Credit Card,Success
500069,101173,2027-01-15 10:51:00,ATM Withdrawal,3239.69,48,DMart,Net Banking,Success
500070,101190,2027-01-20 22:50:00,Online Transfer,9070.7,11,Netflix,ATM,Success
500071,101207,2027-01-26 10:49:00,Cash Withdrawal,14901.71,24,PhonePe,UPI,Success
500072,101224,2027-01-31 22:48:00,Deposit,20732.72,37,Google Pay,Debit Card,Success
500073,101241,2027-02-06 10:47:00,UPI,26563.73,50,Amazon,Credit Card,Success
500074,101258,2027-02-11 22:46:00,Card Payment,32394.74,13,Flipkart,Net Banking,Success
500075,101275,2027-02-17 10:45:00,ATM Withdrawal,38225.75,26,Swiggy,ATM,Success
500076,101292,2027-02-22 22:44:00,Online Transfer,44056.76,39,Zomato,UPI,Success
500077,101309,2027-02-28 10:43:00,Cash Withdrawal,49887.77,2,Myntra,Debit Card,Success
500078,101326,2027-03-05 22:42:00,Deposit,5818.78,15,Uber,Credit Card,Success
500079,101343,2027-03-11 10:41:00,UPI,11649.79,28,IRCTC,Net Banking,Success
500080,101360,2027-03-16 22:40:00,Card Payment,17480.8,41,Reliance,ATM,Success
500081,101377,2027-03-22 10:39:00,ATM Withdrawal,23311.81,4,DMart,UPI,Success
500082,101394,2027-03-27 22:38:00,Online Transfer,29142.82,17,Netflix,Debit Card,Success
500083,101411,2027-04-02 10:37:00,Cash Withdrawal,34973.83,30,PhonePe,Credit Card,Success
500084,101428,2027-04-07 22:36:00,Deposit,40804.84,43,Google Pay,Net Banking,Success
500085,101445,2027-04-13 10:35:00,UPI,46635.85,6,Amazon,ATM,Success
500086,101462,2027-04-18 22:34:00,Card Payment,2566.86,19,Flipkart,UPI,Success
500087,101479,2027-04-24 10:33:00,ATM Withdrawal,8397.87,32,Swiggy,Debit Card,Success
500088,101496,2027-04-29 22:32:00,Online Transfer,14228.88,45,Zomato,Credit Card,Success
500089,101513,2027-05-05 10:31:00,Cash Withdrawal,187291.0,8,Myntra,Net Banking,Success
500090,101530,2027-05-10 22:30:00,Deposit,25890.9,21,Uber,ATM,Success
500091,101547,2027-05-16 10:29:00,UPI,31721.91,34,IRCTC,UPI,Success
500092,101564,2027-05-21 22:28:00,Card Payment,37552.92,47,Reliance,Debit Card,Success
500093,101581,2027-05-27 10:27:00,ATM Withdrawal,43383.93,10,DMart,Credit Card,Success
500094,101598,2027-06-01 22:26:00,Online Transfer,49214.94,23,Netflix,Net Banking,Success
500095,101615,2027-06-07 10:25:00,Cash Withdrawal,5145.95,36,PhonePe,ATM,Success
500096,101632,2027-06-12 22:24:00,Deposit,10976.96,49,Google Pay,UPI,Success
500097,101649,2027-06-18 10:23:00,UPI,16807.97,12,Amazon,Debit Card,Success
500098,101666,2027-06-23 22:22:00,Card Payment,22638.98,25,Flipkart,Credit Card,Success
500099,101683,2027-06-29 10:21:00,ATM Withdrawal,28469.99,38,Swiggy,Net Banking,Success
500100,101700,2027-07-04 22:20:00,Online Transfer,34300.0,1,Zomato,ATM,Success
500101,101717,2027-07-10 10:19:00,Cash Withdrawal,40131.01,14,Myntra,UPI,Success
500102,101734,2027-07-15 22:18:00,Deposit,45962.02,27,Uber,Debit Card,Success
500103,101751,2027-07-21 10:17:00,UPI,1893.03,40,IRCTC,Credit Card,Success
500104,101768,2027-07-26 22:16:00,Card Payment,7724.04,3,Reliance,Net Banking,Success
500105,101785,2027-08-01 10:15:00,ATM Withdrawal,13555.05,16,DMart,ATM,Success
500106,101802,2027-08-06 22:14:00,Online Transfer,19386.06,29,Netflix,UPI,Success
500107,101819,2027-08-12 10:13:00,Cash Withdrawal,25217.07,42,PhonePe,Debit Card,Success
500108,101836,2027-08-17 22:12:00,Deposit,31048.08,5,Google Pay,Credit Card,Success
500109,101853,2027-08-23 10:11:00,UPI,36879.09,18,Amazon,Net Banking,Success
500110,101870,2027-08-28 22:10:00,Card Payment,42710.1,31,Flipkart,ATM,Success
500111,101887,2027-09-03 10:09:00,ATM Withdrawal,48541.11,44,Swiggy,UPI,Success
500112,101904,2027-09-08 22:08:00,Online Transfer,4472.12,7,Zomato,Debit Card,Success
500113,101921,2027-09-14 10:07:00,Cash Withdrawal,10303.13,20,Myntra,Credit Card,Failed
500114,101938,2027-09-19 22:06:00,Deposit,16134.14,33,Uber,Net Banking,Success
500115,101955,2027-09-25 10:05:00,UPI,21965.15,46,IRCTC,ATM,Success
500116,101972,2027-09-30 22:04:00,Card Payment,27796.16,9,Reliance,UPI,Success
500117,101989,2027-10-06 10:03:00,ATM Withdrawal,33627.17,22,DMart,Debit Card,Success
500118,102006,2027-10-11 22:02:00,Online Transfer,39458.18,35,Netflix,Credit Card,Success
500119,102023,2027-10-17 10:01:00,Cash Withdrawal,45289.19,48,PhonePe,Net Banking,Success
500120,102040,2027-10-22 22:00:00,Deposit,1220.2,11,Google Pay,ATM,Success
500121,102057,2027-10-28 09:59:00,UPI,7051.21,24,Amazon,UPI,Success
500122,102074,2027-11-02 21:58:00,Card Payment,12882.22,37,Flipkart,Debit Card,Success
500123,102091,2027-11-08 09:57:00,ATM Withdrawal,18713.23,50,Swiggy,Credit Card,Success
500124,102108,2027-11-13 21:56:00,Online Transfer,24544.24,13,Zomato,Net Banking,Success
500125,102125,2027-11-19 09:55:00,Cash Withdrawal,30375.25,26,Myntra,ATM,Success
500126,102142,2027-11-24 21:54:00,Deposit,36206.26,39,Uber,UPI,Success
500127,102159,2027-11-30 09:53:00,UPI,342837.0,2,IRCTC,Debit Card,Success
500128,102176,2027-12-05 21:52:00,Card Payment,47868.28,15,Reliance,Credit Card,Success
500129,102193,2027-12-11 09:51:00,ATM Withdrawal,3799.29,28,DMart,Net Banking,Success
500130,102210,2027-12-16 21:50:00,Online Transfer,9630.3,41,Netflix,ATM,Success
500131,102227,2027-12-22 09:49:00,Cash Withdrawal,15461.31,4,PhonePe,UPI,Success
500132,102244,2027-12-27 21:48:00,Deposit,21292.32,17,Google Pay,Debit Card,Success
500133,102261,2028-01-02 09:47:00,UPI,27123.33,30,Amazon,Credit Card,Success
500134,102278,2028-01-07 21:46:00,Card Payment,32954.34,43,Flipkart,Net Banking,Pending
500135,102295,2028-01-13 09:45:00,ATM Withdrawal,38785.35,6,Swiggy,ATM,Success
500136,102312,2028-01-18 21:44:00,Online Transfer,44616.36,19,Zomato,UPI,Success
500137,102329,2028-01-24 09:43:00,Cash Withdrawal,547.37,32,Myntra,Debit Card,Success
500138,102346,2028-01-29 21:42:00,Deposit,6378.38,45,Uber,Credit Card,Success
500139,102363,2028-02-04 09:41:00,UPI,12209.39,8,IRCTC,Net Banking,Success
500140,102380,2028-02-09 21:40:00,Card Payment,18040.4,21,Reliance,ATM,Success
500141,102397,2028-02-15 09:39:00,ATM Withdrawal,23871.41,34,DMart,UPI,Success
500142,102414,2028-02-20 21:38:00,Online Transfer,29702.42,47,Netflix,Debit Card,Success
500143,102431,2028-02-26 09:37:00,Cash Withdrawal,35533.43,10,PhonePe,Credit Card,Success
500144,102448,2028-03-02 21:36:00,Deposit,41364.44,23,Google Pay,Net Banking,Success
500145,102465,2028-03-08 09:35:00,UPI,47195.45,36,Amazon,ATM,Success
500146,102482,2028-03-13 21:34:00,Card Payment,3126.46,49,Flipkart,UPI,Success
500147,102499,2028-03-19 09:33:00,ATM Withdrawal,8957.47,12,Swiggy,Debit Card,Success
500148,102516,2028-03-24 21:32:00,Online Transfer,14788.48,25,Zomato,Credit Card,Success
500149,102533,2028-03-30 09:31:00,Cash Withdrawal,20619.49,38,Myntra,Net Banking,Success
500150,102550,2028-04-04 21:30:00,Deposit,26450.5,1,Uber,ATM,Success
500151,102567,2028-04-10 09:29:00,UPI,32281.51,14,IRCTC,UPI,Success
500152,102584,2028-04-15 21:28:00,Card Payment,38112.52,27,Reliance,Debit Card,Success
500153,102601,2028-04-21 09:27:00,ATM Withdrawal,43943.53,40,DMart,Credit Card,Success
500154,102618,2028-04-26 21:26:00,Online Transfer,49774.54,3,Netflix,Net Banking,Success
500155,102635,2028-05-02 09:25:00,Cash Withdrawal,5705.55,16,PhonePe,ATM,Success
500156,102652,2028-05-07 21:24:00,Deposit,11536.56,29,Google Pay,UPI,Success
500157,102669,2028-05-13 09:23:00,UPI,17367.57,42,Amazon,Debit Card,Success
500158,102686,2028-05-18 21:22:00,Card Payment,23198.58,5,Flipkart,Credit Card,Success
500159,102703,2028-05-24 09:21:00,ATM Withdrawal,29029.59,18,Swiggy,Net Banking,Success
500160,102720,2028-05-29 21:20:00,Online Transfer,34860.6,31,Zomato,ATM,Success
500161,102737,2028-06-04 09:19:00,Cash Withdrawal,40691.61,44,Myntra,UPI,Success
500162,102754,2028-06-09 21:18:00,Deposit,46522.62,7,Uber,Debit Card,Success
500163,102771,2028-06-15 09:17:00,UPI,2453.63,20,IRCTC,Credit Card,Success
500164,102788,2028-06-20 21:16:00,Card Payment,8284.64,33,Reliance,Net Banking,Success
500165,102805,2028-06-26 09:15:00,ATM Withdrawal,14115.65,46,DMart,ATM,Success
500166,102822,2028-07-01 21:14:00,Online Transfer,19946.66,9,Netflix,UPI,Success
500167,102839,2028-07-07 09:13:00,Cash Withdrawal,25777.67,22,PhonePe,Debit Card,Success
500168,102856,2028-07-12 21:12:00,Deposit,31608.68,35,Google Pay,Credit Card,Success
500169,102873,2028-07-18 09:11:00,UPI,37439.69,48,Amazon,Net Banking,Success
500170,102890,2028-07-23 21:10:00,Card Payment,43270.7,11,Flipkart,ATM,Success
500171,102907,2028-07-29 09:09:00,ATM Withdrawal,49101.71,24,Swiggy,UPI,Success
500172,102924,2028-08-03 21:08:00,Online Transfer,5032.72,37,Zomato,Debit Card,Success
500173,102941,2028-08-09 09:07:00,Cash Withdrawal,10863.73,50,Myntra,Credit Card,Success
500174,102958,2028-08-14 21:06:00,Deposit,16694.74,13,Uber,Net Banking,Success
500175,102975,2028-08-20 09:05:00,UPI,22525.75,26,IRCTC,ATM,Success
500176,102992,2028-08-25 21:04:00,Card Payment,28356.76,39,Reliance,UPI,Success
500177,100009,2028-08-31 09:03:00,ATM Withdrawal,34187.77,2,DMart,Debit Card,Success
500178,100026,2028-09-05 21:02:00,Online Transfer,224582.0,15,Netflix,Credit Card,Success
500179,100043,2028-09-11 09:01:00,Cash Withdrawal,45849.79,28,PhonePe,Net Banking,Success
500180,100060,2028-09-16 21:00:00,Deposit,1780.8,41,Google Pay,ATM,Success
500181,100077,2028-09-22 08:59:00,UPI,7611.81,4,Amazon,UPI,Success
500182,100094,2028-09-27 20:58:00,Card Payment,13442.82,17,Flipkart,Debit Card,Success
500183,100111,2028-10-03 08:57:00,ATM Withdrawal,19273.83,30,Swiggy,Credit Card,Success
500184,100128,2028-10-08 20:56:00,Online Transfer,25104.84,43,Zomato,Net Banking,Success
500185,100145,2028-10-14 08:55:00,Cash Withdrawal,30935.85,6,Myntra,ATM,Success
500186,100162,2028-10-19 20:54:00,Deposit,36766.86,19,Uber,UPI,Success
500187,100179,2028-10-25 08:53:00,UPI,42597.87,32,IRCTC,Debit Card,Success
500188,100196,2028-10-30 20:52:00,Card Payment,48428.88,45,Reliance,Credit Card,Success
500189,100213,2028-11-05 08:51:00,ATM Withdrawal,4359.89,8,DMart,Net Banking,Success
500190,100230,2028-11-10 20:50:00,Online Transfer,10190.9,21,Netflix,ATM,Success
500191,100247,2028-11-16 08:49:00,Cash Withdrawal,16021.91,34,PhonePe,UPI,Success
500192,100264,2028-11-21 20:48:00,Deposit,21852.92,47,Google Pay,Debit Card,Success
500193,100281,2028-11-27 08:47:00,UPI,27683.93,10,Amazon,Credit Card,Success
500194,100298,2028-12-02 20:46:00,Card Payment,33514.94,23,Flipkart,Net Banking,Success
500195,100315,2028-12-08 08:45:00,ATM Withdrawal,39345.95,36,Swiggy,ATM,Success
500196,100332,2028-12-13 20:44:00,Online Transfer,45176.96,49,Zomato,UPI,Success
500197,100349,2028-12-19 08:43:00,Cash Withdrawal,1107.97,12,Myntra,Debit Card,Success
500198,100366,2028-12-24 20:42:00,Deposit,6938.98,25,Uber,Credit Card,Success
500199,100383,2028-12-30 08:41:00,UPI,12769.99,38,IRCTC,Net Banking,Success
500200,100400,2029-01-04 20:40:00,Card Payment,18600.0,1,Reliance,ATM,Success
500201,100417,2029-01-10 08:39:00,ATM Withdrawal,24431.01,14,DMart,UPI,Pending
500202,100434,2029-01-15 20:38:00,Online Transfer,30262.02,27,Netflix,Debit Card,Success
500203,100451,2029-01-21 08:37:00,Cash Withdrawal,36093.03,40,PhonePe,Credit Card,Success
500204,100468,2029-01-26 20:36:00,Deposit,41924.04,3,Google Pay,Net Banking,Success
500205,100485,2029-02-01 08:35:00,UPI,47755.05,16,Amazon,ATM,Success
500206,100502,2029-02-06 20:34:00,Card Payment,3686.06,29,Flipkart,UPI,Success
500207,100519,2029-02-12 08:33:00,ATM Withdrawal,9517.07,42,Swiggy,Debit Card,Success
500208,100536,2029-02-17 20:32:00,Online Transfer,15348.08,5,Zomato,Credit Card,Success
500209,100553,2029-02-23 08:31:00,Cash Withdrawal,21179.09,18,Myntra,Net Banking,Success
500210,100570,2029-02-28 20:30:00,Deposit,27010.1,31,Uber,ATM,Success
500211,100587,2029-03-06 08:29:00,UPI,32841.11,44,IRCTC,UPI,Success
500212,100604,2029-03-11 20:28:00,Card Payment,38672.12,7,Reliance,Debit Card,Success
500213,100621,2029-03-17 08:27:00,ATM Withdrawal,44503.13,20,DMart,Credit Card,Success
500214,100638,2029-03-22 20:26:00,Online Transfer,434.14,33,Netflix,Net Banking,Success
500215,100655,2029-03-28 08:25:00,Cash Withdrawal,6265.15,46,PhonePe,ATM,Success
500216,100672,2029-04-02 20:24:00,Deposit,12096.16,9,Google Pay,UPI,Success
500217,100689,2029-04-08 08:23:00,UPI,17927.17,22,Amazon,Debit Card,Success
500218,100706,2029-04-13 20:22:00,Card Payment,23758.18,35,Flipkart,Credit Card,Success
500219,100723,2029-04-19 08:21:00,ATM Withdrawal,29589.19,48,Swiggy,Net Banking,Success
500220,100740,2029-04-24 20:20:00,Online Transfer,35420.2,11,Zomato,ATM,Success
500221,100757,2029-04-30 08:19:00,Cash Withdrawal,41251.21,24,Myntra,UPI,Success
500222,100774,2029-05-05 20:18:00,Deposit,47082.22,37,Uber,Debit Card,Success
500223,100791,2029-05-11 08:17:00,UPI,3013.23,50,IRCTC,Credit Card,Success
500224,100808,2029-05-16 20:16:00,Card Payment,8844.24,13,Reliance,Net Banking,Success
500225,100825,2029-05-22 08:15:00,ATM Withdrawal,14675.25,26,DMart,ATM,Success
500226,100842,2029-05-27 20:14:00,Online Transfer,20506.26,39,Netflix,UPI,Failed
500227,100859,2029-06-02 08:13:00,Cash Withdrawal,26337.27,2,PhonePe,Debit Card,Success
500228,100876,2029-06-07 20:12:00,Deposit,32168.28,15,Google Pay,Credit Card,Success
500229,100893,2029-06-13 08:11:00,UPI,37999.29,28,Amazon,Net Banking,Success
500230,100910,2029-06-18 20:10:00,Card Payment,43830.3,41,Flipkart,ATM,Success
500231,100927,2029-06-24 08:09:00,ATM Withdrawal,49661.31,4,Swiggy,UPI,Success
500232,100944,2029-06-29 20:08:00,Online Transfer,5592.32,17,Zomato,Debit Card,Success
500233,100961,2029-07-05 08:07:00,Cash Withdrawal,11423.33,30,Myntra,Credit Card,Success
500234,100978,2029-07-10 20:06:00,Deposit,17254.34,43,Uber,Net Banking,Success
500235,100995,2029-07-16 08:05:00,UPI,23085.35,6,IRCTC,ATM,Success
500236,101012,2029-07-21 20:04:00,Card Payment,28916.36,19,Reliance,UPI,Success
500237,101029,2029-07-27 08:03:00,ATM Withdrawal,34747.37,32,DMart,Debit Card,Success
500238,101046,2029-08-01 20:02:00,Online Transfer,40578.38,45,Netflix,Credit Card,Success
500239,101063,2029-08-07 08:01:00,Cash Withdrawal,46409.39,8,PhonePe,Net Banking,Success
500240,101080,2029-08-12 20:00:00,Deposit,2340.4,21,Google Pay,ATM,Success
500241,101097,2029-08-18 07:59:00,UPI,8171.41,34,Amazon,UPI,Success
500242,101114,2029-08-23 19:58:00,Card Payment,14002.42,47,Flipkart,Debit Card,Success
500243,101131,2029-08-29 07:57:00,ATM Withdrawal,19833.43,10,Swiggy,Credit Card,Success
500244,101148,2029-09-03 19:56:00,Online Transfer,25664.44,23,Zomato,Net Banking,Success
500245,101165,2029-09-09 07:55:00,Cash Withdrawal,31495.45,36,Myntra,ATM,Success
500246,101182,2029-09-14 19:54:00,Deposit,37326.46,49,Uber,UPI,Success
500247,101199,2029-09-20 07:53:00,UPI,43157.47,12,IRCTC,Debit Card,Success
500248,101216,2029-09-25 19:52:00,Card Payment,48988.48,25,Reliance,Credit Card,Success
500249,101233,2029-10-01 07:51:00,ATM Withdrawal,4919.49,38,DMart,Net Banking,Success
500250,101250,2029-10-06 19:50:00,Online Transfer,10750.5,1,Netflix,ATM,Success
500251,101267,2029-10-12 07:49:00,Cash Withdrawal,16581.51,14,PhonePe,UPI,Success
500252,101284,2029-10-17 19:48:00,Deposit,22412.52,27,Google Pay,Debit Card,Success
500253,101301,2029-10-23 07:47:00,UPI,28243.53,40,Amazon,Credit Card,Success
500254,101318,2029-10-28 19:46:00,Card Payment,435674.0,3,Flipkart,Net Banking,Success
500255,101335,2029-11-03 07:45:00,ATM Withdrawal,39905.55,16,Swiggy,ATM,Success
500256,101352,2029-11-08 19:44:00,Online Transfer,45736.56,29,Zomato,UPI,Success
500257,101369,2029-11-14 07:43:00,Cash Withdrawal,1667.57,42,Myntra,Debit Card,Success
500258,101386,2029-11-19 19:42:00,Deposit,7498.58,5,Uber,Credit Card,Success
500259,101403,2029-11-25 07:41:00,UPI,13329.59,18,IRCTC,Net Banking,Success
500260,101420,2029-11-30 19:40:00,Card Payment,19160.6,31,Reliance,ATM,Success
500261,101437,2029-12-06 07:39:00,ATM Withdrawal,24991.61,44,DMart,UPI,Success
500262,101454,2029-12-11 19:38:00,Online Transfer,30822.62,7,Netflix,Debit Card,Success
500263,101471,2029-12-17 07:37:00,Cash Withdrawal,36653.63,20,PhonePe,Credit Card,Success
500264,101488,2029-12-22 19:36:00,Deposit,42484.64,33,Google Pay,Net Banking,Success
500265,101505,2029-12-28 07:35:00,UPI,48315.65,46,Amazon,ATM,Success
500266,101522,2030-01-02 19:34:00,Card Payment,4246.66,9,Flipkart,UPI,Success
500267,101539,2030-01-08 07:33:00,ATM Withdrawal,261873.0,22,Swiggy,Debit Card,Success
500268,101556,2030-01-13 19:32:00,Online Transfer,15908.68,35,Zomato,Credit Card,Pending
500269,101573,2030-01-19 07:31:00,Cash Withdrawal,21739.69,48,Myntra,Net Banking,Success
500270,101590,2030-01-24 19:30:00,Deposit,27570.7,11,Uber,ATM,Success
500271,101607,2030-01-30 07:29:00,UPI,33401.71,24,IRCTC,UPI,Success
500272,101624,2030-02-04 19:28:00,Card Payment,39232.72,37,Reliance,Debit Card,Success
500273,101641,2030-02-10 07:27:00,ATM Withdrawal,45063.73,50,DMart,Credit Card,Success
500274,101658,2030-02-15 19:26:00,Online Transfer,994.74,13,Netflix,Net Banking,Success
500275,101675,2030-02-21 07:25:00,Cash Withdrawal,6825.75,26,PhonePe,ATM,Success
500276,101692,2030-02-26 19:24:00,Deposit,12656.76,39,Google Pay,UPI,Success
500277,101709,2030-03-04 07:23:00,UPI,18487.77,2,Amazon,Debit Card,Success
500278,101726,2030-03-09 19:22:00,Card Payment,24318.78,15,Flipkart,Credit Card,Success
500279,101743,2026-01-05 07:21:00,ATM Withdrawal,30149.79,28,Swiggy,Net Banking,Success
500280,101760,2026-01-10 19:20:00,Online Transfer,35980.8,41,Zomato,ATM,Success
500281,101777,2026-01-16 07:19:00,Cash Withdrawal,41811.81,4,Myntra,UPI,Success
500282,101794,2026-01-21 19:18:00,Deposit,47642.82,17,Uber,Debit Card,Success
500283,101811,2026-01-27 07:17:00,UPI,3573.83,30,IRCTC,Credit Card,Success
500284,101828,2026-02-01 19:16:00,Card Payment,9404.84,43,Reliance,Net Banking,Success
500285,101845,2026-02-07 07:15:00,ATM Withdrawal,15235.85,6,DMart,ATM,Success
500286,101862,2026-02-12 19:14:00,Online Transfer,21066.86,19,Netflix,UPI,Success
500287,101879,2026-02-18 07:13:00,Cash Withdrawal,26897.87,32,PhonePe,Debit Card,Success
500288,101896,2026-02-23 19:12:00,Deposit,32728.88,45,Google Pay,Credit Card,Success
500289,101913,2026-03-01 07:11:00,UPI,38559.89,8,Amazon,Net Banking,Success
500290,101930,2026-03-06 19:10:00,Card Payment,44390.9,21,Flipkart,ATM,Success
500291,101947,2026-03-12 07:09:00,ATM Withdrawal,321.91,34,Swiggy,UPI,Success
500292,101964,2026-03-17 19:08:00,Online Transfer,6152.92,47,Zomato,Debit Card,Success
500293,101981,2026-03-23 07:07:00,Cash Withdrawal,11983.93,10,Myntra,Credit Card,Success
500294,101998,2026-03-28 19:06:00,Deposit,17814.94,23,Uber,Net Banking,Success
500295,102015,2026-04-03 07:05:00,UPI,23645.95,36,IRCTC,ATM,Success
500296,102032,2026-04-08 19:04:00,Card Payment,29476.96,49,Reliance,UPI,Success
500297,102049,2026-04-14 07:03:00,ATM Withdrawal,35307.97,12,DMart,Debit Card,Success
500298,102066,2026-04-19 19:02:00,Online Transfer,41138.98,25,Netflix,Credit Card,Success
500299,102083,2026-04-25 07:01:00,Cash Withdrawal,46969.99,38,PhonePe,Net Banking,Success
500300,102100,2026-04-30 19:00:00,Deposit,2900.0,1,Google Pay,ATM,Success
500301,102117,2026-05-06 06:59:00,UPI,8731.01,14,Amazon,UPI,Success
500302,102134,2026-05-11 18:58:00,Card Payment,14562.02,27,Flipkart,Debit Card,Success
500303,102151,2026-05-17 06:57:00,ATM Withdrawal,20393.03,40,Swiggy,Credit Card,Success
500304,102168,2026-05-22 18:56:00,Online Transfer,26224.04,3,Zomato,Net Banking,Success
500305,102185,2026-05-28 06:55:00,Cash Withdrawal,32055.05,16,Myntra,ATM,Success
500306,102202,2026-06-02 18:54:00,Deposit,37886.06,29,Uber,UPI,Success
500307,102219,2026-06-08 06:53:00,UPI,43717.07,42,IRCTC,Debit Card,Success
500308,102236,2026-06-13 18:52:00,Card Payment,49548.08,5,Reliance,Credit Card,Success
500309,102253,2026-06-19 06:51:00,ATM Withdrawal,5479.09,18,DMart,Net Banking,Success
500310,102270,2026-06-24 18:50:00,Online Transfer,11310.1,31,Netflix,ATM,Success
500311,102287,2026-06-30 06:49:00,Cash Withdrawal,17141.11,44,PhonePe,UPI,Success
500312,102304,2026-07-05 18:48:00,Deposit,22972.12,7,Google Pay,Debit Card,Success
500313,102321,2026-07-11 06:47:00,UPI,28803.13,20,Amazon,Credit Card,Success
500314,102338,2026-07-16 18:46:00,Card Payment,34634.14,33,Flipkart,Net Banking,Success
500315,102355,2026-07-22 06:45:00,ATM Withdrawal,40465.15,46,Swiggy,ATM,Success
500316,102372,2026-07-27 18:44:00,Online Transfer,46296.16,9,Zomato,UPI,Success
500317,102389,2026-08-02 06:43:00,Cash Withdrawal,2227.17,22,Myntra,Debit Card,Success
500318,102406,2026-08-07 18:42:00,Deposit,8058.18,35,Uber,Credit Card,Success
500319,102423,2026-08-13 06:41:00,UPI,13889.19,48,IRCTC,Net Banking,Success
500320,102440,2026-08-18 18:40:00,Card Payment,19720.2,11,Reliance,ATM,Success
500321,102457,2026-08-24 06:39:00,ATM Withdrawal,25551.21,24,DMart,UPI,Success
500322,102474,2026-08-29 18:38:00,Online Transfer,31382.22,37,Netflix,Debit Card,Success
500323,102491,2026-09-04 06:37:00,Cash Withdrawal,37213.23,50,PhonePe,Credit Card,Success
500324,102508,2026-09-09 18:36:00,Deposit,43044.24,13,Google Pay,Net Banking,Success
500325,102525,2026-09-15 06:35:00,UPI,48875.25,26,Amazon,ATM,Success
500326,102542,2026-09-20 18:34:00,Card Payment,4806.26,39,Flipkart,UPI,Success
500327,102559,2026-09-26 06:33:00,ATM Withdrawal,10637.27,2,Swiggy,Debit Card,Success
500328,102576,2026-10-01 18:32:00,Online Transfer,16468.28,15,Zomato,Credit Card,Success
500329,102593,2026-10-07 06:31:00,Cash Withdrawal,22299.29,28,Myntra,Net Banking,Success
500330,102610,2026-10-12 18:30:00,Deposit,28130.3,41,Uber,ATM,Success
500331,102627,2026-10-18 06:29:00,UPI,33961.31,4,IRCTC,UPI,Success
500332,102644,2026-10-23 18:28:00,Card Payment,39792.32,17,Reliance,Debit Card,Success
500333,102661,2026-10-29 06:27:00,ATM Withdrawal,45623.33,30,DMart,Credit Card,Success
500334,102678,2026-11-03 18:26:00,Online Transfer,1554.34,43,Netflix,Net Banking,Success
500335,102695,2026-11-09 06:25:00,Cash Withdrawal,7385.35,6,PhonePe,ATM,Pending
500336,102712,2026-11-14 18:24:00,Deposit,13216.36,19,Google Pay,UPI,Success
500337,102729,2026-11-20 06:23:00,UPI,19047.37,32,Amazon,Debit Card,Success
500338,102746,2026-11-25 18:22:00,Card Payment,24878.38,45,Flipkart,Credit Card,Success
500339,102763,2026-12-01 06:21:00,ATM Withdrawal,30709.39,8,Swiggy,Net Banking,Failed
500340,102780,2026-12-06 18:20:00,Online Transfer,36540.4,21,Zomato,ATM,Success
500341,102797,2026-12-12 06:19:00,Cash Withdrawal,42371.41,34,Myntra,UPI,Success
500342,102814,2026-12-17 18:18:00,Deposit,48202.42,47,Uber,Debit Card,Success
500343,102831,2026-12-23 06:17:00,UPI,4133.43,10,IRCTC,Credit Card,Success
500344,102848,2026-12-28 18:16:00,Card Payment,9964.44,23,Reliance,Net Banking,Success
500345,102865,2027-01-03 06:15:00,ATM Withdrawal,15795.45,36,DMart,ATM,Success
500346,102882,2027-01-08 18:14:00,Online Transfer,21626.46,49,Netflix,UPI,Success
500347,102899,2027-01-14 06:13:00,Cash Withdrawal,27457.47,12,PhonePe,Debit Card,Success
500348,102916,2027-01-19 18:12:00,Deposit,33288.48,25,Google Pay,Credit Card,Success
500349,102933,2027-01-25 06:11:00,UPI,39119.49,38,Amazon,Net Banking,Success
500350,102950,2027-01-30 18:10:00,Card Payment,44950.5,1,Flipkart,ATM,Success
500351,102967,2027-02-05 06:09:00,ATM Withdrawal,881.51,14,Swiggy,UPI,Success
500352,102984,2027-02-10 18:08:00,Online Transfer,6712.52,27,Zomato,Debit Card,Success
500353,100001,2027-02-16 06:07:00,Cash Withdrawal,12543.53,40,Myntra,Credit Card,Success
500354,100018,2027-02-21 18:06:00,Deposit,18374.54,3,Uber,Net Banking,Success
500355,100035,2027-02-27 06:05:00,UPI,24205.55,16,IRCTC,ATM,Success
500356,100052,2027-03-04 18:04:00,Card Payment,299164.0,29,Reliance,UPI,Success
500357,100069,2027-03-10 06:03:00,ATM Withdrawal,35867.57,42,DMart,Debit Card,Success
500358,100086,2027-03-15 18:02:00,Online Transfer,41698.58,5,Netflix,Credit Card,Success
500359,100103,2027-03-21 06:01:00,Cash Withdrawal,47529.59,18,PhonePe,Net Banking,Success
500360,100120,2027-03-26 18:00:00,Deposit,3460.6,31,Google Pay,ATM,Success
500361,100137,2027-04-01 05:59:00,UPI,9291.61,44,Amazon,UPI,Success
500362,100154,2027-04-06 17:58:00,Card Payment,15122.62,7,Flipkart,Debit Card,Success
500363,100171,2027-04-12 05:57:00,ATM Withdrawal,20953.63,20,Swiggy,Credit Card,Success
500364,100188,2027-04-17 17:56:00,Online Transfer,26784.64,33,Zomato,Net Banking,Success
500365,100205,2027-04-23 05:55:00,Cash Withdrawal,32615.65,46,Myntra,ATM,Success
500366,100222,2027-04-28 17:54:00,Deposit,38446.66,9,Uber,UPI,Success
500367,100239,2027-05-04 05:53:00,UPI,44277.67,22,IRCTC,Debit Card,Success
500368,100256,2027-05-09 17:52:00,Card Payment,208.68,35,Reliance,Credit Card,Success
500369,100273,2027-05-15 05:51:00,ATM Withdrawal,6039.69,48,DMart,Net Banking,Success
500370,100290,2027-05-20 17:50:00,Online Transfer,11870.7,11,Netflix,ATM,Success
500371,100307,2027-05-26 05:49:00,Cash Withdrawal,17701.71,24,PhonePe,UPI,Success
500372,100324,2027-05-31 17:48:00,Deposit,23532.72,37,Google Pay,Debit Card,Success
500373,100341,2027-06-06 05:47:00,UPI,29363.73,50,Amazon,Credit Card,Success
500374,100358,2027-06-11 17:46:00,Card Payment,35194.74,13,Flipkart,Net Banking,Success
500375,100375,2027-06-17 05:45:00,ATM Withdrawal,41025.75,26,Swiggy,ATM,Success
500376,100392,2027-06-22 17:44:00,Online Transfer,46856.76,39,Zomato,UPI,Success
500377,100409,2027-06-28 05:43:00,Cash Withdrawal,2787.77,2,Myntra,Debit Card,Success
500378,100426,2027-07-03 17:42:00,Deposit,8618.78,15,Uber,Credit Card,Success
500379,100443,2027-07-09 05:41:00,UPI,14449.79,28,IRCTC,Net Banking,Success
500380,100460,2027-07-14 17:40:00,Card Payment,20280.8,41,Reliance,ATM,Success
500381,100477,2027-07-20 05:39:00,ATM Withdrawal,528511.0,4,DMart,UPI,Success
500382,100494,2027-07-25 17:38:00,Online Transfer,31942.82,17,Netflix,Debit Card,Success
500383,100511,2027-07-31 05:37:00,Cash Withdrawal,37773.83,30,PhonePe,Credit Card,Success
500384,100528,2027-08-05 17:36:00,Deposit,43604.84,43,Google Pay,Net Banking,Success
500385,100545,2027-08-11 05:35:00,UPI,49435.85,6,Amazon,ATM,Success
500386,100562,2027-08-16 17:34:00,Card Payment,5366.86,19,Flipkart,UPI,Success
500387,100579,2027-08-22 05:33:00,ATM Withdrawal,11197.87,32,Swiggy,Debit Card,Success
500388,100596,2027-08-27 17:32:00,Online Transfer,17028.88,45,Zomato,Credit Card,Success
500389,100613,2027-09-02 05:31:00,Cash Withdrawal,22859.89,8,Myntra,Net Banking,Success
500390,100630,2027-09-07 17:30:00,Deposit,28690.9,21,Uber,ATM,Success
500391,100647,2027-09-13 05:29:00,UPI,34521.91,34,IRCTC,UPI,Success
500392,100664,2027-09-18 17:28:00,Card Payment,40352.92,47,Reliance,Debit Card,Success
500393,100681,2027-09-24 05:27:00,ATM Withdrawal,46183.93,10,DMart,Credit Card,Success
500394,100698,2027-09-29 17:26:00,Online Transfer,2114.94,23,Netflix,Net Banking,Success
500395,100715,2027-10-05 05:25:00,Cash Withdrawal,7945.95,36,PhonePe,ATM,Success
500396,100732,2027-10-10 17:24:00,Deposit,13776.96,49,Google Pay,UPI,Success
500397,100749,2027-10-16 05:23:00,UPI,19607.97,12,Amazon,Debit Card,Success
500398,100766,2027-10-21 17:22:00,Card Payment,25438.98,25,Flipkart,Credit Card,Success
500399,100783,2027-10-27 05:21:00,ATM Withdrawal,31269.99,38,Swiggy,Net Banking,Success
500400,100800,2027-11-01 17:20:00,Online Transfer,37100.0,1,Zomato,ATM,Success
500401,100817,2027-11-07 05:19:00,Cash Withdrawal,42931.01,14,Myntra,UPI,Success
500402,100834,2027-11-12 17:18:00,Deposit,48762.02,27,Uber,Debit Card,Pending
500403,100851,2027-11-18 05:17:00,UPI,4693.03,40,IRCTC,Credit Card,Success
500404,100868,2027-11-23 17:16:00,Card Payment,10524.04,3,Reliance,Net Banking,Success
500405,100885,2027-11-29 05:15:00,ATM Withdrawal,16355.05,16,DMart,ATM,Success
500406,100902,2027-12-04 17:14:00,Online Transfer,22186.06,29,Netflix,UPI,Success
500407,100919,2027-12-10 05:13:00,Cash Withdrawal,28017.07,42,PhonePe,Debit Card,Success
500408,100936,2027-12-15 17:12:00,Deposit,33848.08,5,Google Pay,Credit Card,Success
500409,100953,2027-12-21 05:11:00,UPI,39679.09,18,Amazon,Net Banking,Success
500410,100970,2027-12-26 17:10:00,Card Payment,45510.1,31,Flipkart,ATM,Success
500411,100987,2028-01-01 05:09:00,ATM Withdrawal,1441.11,44,Swiggy,UPI,Success
500412,101004,2028-01-06 17:08:00,Online Transfer,7272.12,7,Zomato,Debit Card,Success
500413,101021,2028-01-12 05:07:00,Cash Withdrawal,13103.13,20,Myntra,Credit Card,Success
500414,101038,2028-01-17 17:06:00,Deposit,18934.14,33,Uber,Net Banking,Success
500415,101055,2028-01-23 05:05:00,UPI,24765.15,46,IRCTC,ATM,Success
500416,101072,2028-01-28 17:04:00,Card Payment,30596.16,9,Reliance,UPI,Success
500417,101089,2028-02-03 05:03:00,ATM Withdrawal,36427.17,22,DMart,Debit Card,Success
500418,101106,2028-02-08 17:02:00,Online Transfer,42258.18,35,Netflix,Credit Card,Success
500419,101123,2028-02-14 05:01:00,Cash Withdrawal,48089.19,48,PhonePe,Net Banking,Success
500420,101140,2028-02-19 17:00:00,Deposit,4020.2,11,Google Pay,ATM,Success
500421,101157,2028-02-25 04:59:00,UPI,9851.21,24,Amazon,UPI,Success
500422,101174,2028-03-01 16:58:00,Card Payment,15682.22,37,Flipkart,Debit Card,Success
500423,101191,2028-03-07 04:57:00,ATM Withdrawal,21513.23,50,Swiggy,Credit Card,Success
500424,101208,2028-03-12 16:56:00,Online Transfer,27344.24,13,Zomato,Net Banking,Success
500425,101225,2028-03-18 04:55:00,Cash Withdrawal,33175.25,26,Myntra,ATM,Success
500426,101242,2028-03-23 16:54:00,Deposit,39006.26,39,Uber,UPI,Success
500427,101259,2028-03-29 04:53:00,UPI,44837.27,2,IRCTC,Debit Card,Success
500428,101276,2028-04-03 16:52:00,Card Payment,768.28,15,Reliance,Credit Card,Success
500429,101293,2028-04-09 04:51:00,ATM Withdrawal,6599.29,28,DMart,Net Banking,Success
500430,101310,2028-04-14 16:50:00,Online Transfer,12430.3,41,Netflix,ATM,Success
500431,101327,2028-04-20 04:49:00,Cash Withdrawal,18261.31,4,PhonePe,UPI,Success
500432,101344,2028-04-25 16:48:00,Deposit,24092.32,17,Google Pay,Debit Card,Success
500433,101361,2028-05-01 04:47:00,UPI,29923.33,30,Amazon,Credit Card,Success
500434,101378,2028-05-06 16:46:00,Card Payment,35754.34,43,Flipkart,Net Banking,Success
500435,101395,2028-05-12 04:45:00,ATM Withdrawal,41585.35,6,Swiggy,ATM,Success
500436,101412,2028-05-17 16:44:00,Online Transfer,47416.36,19,Zomato,UPI,Success
500437,101429,2028-05-23 04:43:00,Cash Withdrawal,3347.37,32,Myntra,Debit Card,Success
500438,101446,2028-05-28 16:42:00,Deposit,9178.38,45,Uber,Credit Card,Success
500439,101463,2028-06-03 04:41:00,UPI,15009.39,8,IRCTC,Net Banking,Success
500440,101480,2028-06-08 16:40:00,Card Payment,20840.4,21,Reliance,ATM,Success
500441,101497,2028-06-14 04:39:00,ATM Withdrawal,26671.41,34,DMart,UPI,Success
500442,101514,2028-06-19 16:38:00,Online Transfer,32502.42,47,Netflix,Debit Card,Success
500443,101531,2028-06-25 04:37:00,Cash Withdrawal,38333.43,10,PhonePe,Credit Card,Success
500444,101548,2028-06-30 16:36:00,Deposit,44164.44,23,Google Pay,Net Banking,Success
500445,101565,2028-07-06 04:35:00,UPI,336455.0,36,Amazon,ATM,Success
500446,101582,2028-07-11 16:34:00,Card Payment,5926.46,49,Flipkart,UPI,Success
500447,101599,2028-07-17 04:33:00,ATM Withdrawal,11757.47,12,Swiggy,Debit Card,Success
500448,101616,2028-07-22 16:32:00,Online Transfer,17588.48,25,Zomato,Credit Card,Success
500449,101633,2028-07-28 04:31:00,Cash Withdrawal,23419.49,38,Myntra,Net Banking,Success
500450,101650,2028-08-02 16:30:00,Deposit,29250.5,1,Uber,ATM,Success
500451,101667,2028-08-08 04:29:00,UPI,35081.51,14,IRCTC,UPI,Success
500452,101684,2028-08-13 16:28:00,Card Payment,40912.52,27,Reliance,Debit Card,Failed
500453,101701,2028-08-19 04:27:00,ATM Withdrawal,46743.53,40,DMart,Credit Card,Success
500454,101718,2028-08-24 16:26:00,Online Transfer,2674.54,3,Netflix,Net Banking,Success
500455,101735,2028-08-30 04:25:00,Cash Withdrawal,8505.55,16,PhonePe,ATM,Success
500456,101752,2028-09-04 16:24:00,Deposit,14336.56,29,Google Pay,UPI,Success
500457,101769,2028-09-10 04:23:00,UPI,20167.57,42,Amazon,Debit Card,Success
500458,101786,2028-09-15 16:22:00,Card Payment,25998.58,5,Flipkart,Credit Card,Success
500459,101803,2028-09-21 04:21:00,ATM Withdrawal,31829.59,18,Swiggy,Net Banking,Success
500460,101820,2028-09-26 16:20:00,Online Transfer,37660.6,31,Zomato,ATM,Success
500461,101837,2028-10-02 04:19:00,Cash Withdrawal,43491.61,44,Myntra,UPI,Success
500462,101854,2028-10-07 16:18:00,Deposit,49322.62,7,Uber,Debit Card,Success
500463,101871,2028-10-13 04:17:00,UPI,5253.63,20,IRCTC,Credit Card,Success
500464,101888,2028-10-18 16:16:00,Card Payment,11084.64,33,Reliance,Net Banking,Success
500465,101905,2028-10-24 04:15:00,ATM Withdrawal,16915.65,46,DMart,ATM,Success
500466,101922,2028-10-29 16:14:00,Online Transfer,22746.66,9,Netflix,UPI,Success
500467,101939,2028-11-04 04:13:00,Cash Withdrawal,28577.67,22,PhonePe,Debit Card,Success
500468,101956,2028-11-09 16:12:00,Deposit,34408.68,35,Google Pay,Credit Card,Success
500469,101973,2028-11-15 04:11:00,UPI,40239.69,48,Amazon,Net Banking,Pending
500470,101990,2028-11-20 16:10:00,Card Payment,46070.7,11,Flipkart,ATM,Success
500471,102007,2028-11-26 04:09:00,ATM Withdrawal,2001.71,24,Swiggy,UPI,Success
500472,102024,2028-12-01 16:08:00,Online Transfer,7832.72,37,Zomato,Debit Card,Success
500473,102041,2028-12-07 04:07:00,Cash Withdrawal,13663.73,50,Myntra,Credit Card,Success
500474,102058,2028-12-12 16:06:00,Deposit,19494.74,13,Uber,Net Banking,Success
500475,102075,2028-12-18 04:05:00,UPI,25325.75,26,IRCTC,ATM,Success
500476,102092,2028-12-23 16:04:00,Card Payment,31156.76,39,Reliance,UPI,Success
500477,102109,2028-12-29 04:03:00,ATM Withdrawal,36987.77,2,DMart,Debit Card,Success
500478,102126,2029-01-03 16:02:00,Online Transfer,42818.78,15,Netflix,Credit Card,Success
500479,102143,2029-01-09 04:01:00,Cash Withdrawal,48649.79,28,PhonePe,Net Banking,Success
500480,102160,2029-01-14 16:00:00,Deposit,4580.8,41,Google Pay,ATM,Success
500481,102177,2029-01-20 03:59:00,UPI,10411.81,4,Amazon,UPI,Success
500482,102194,2029-01-25 15:58:00,Card Payment,16242.82,17,Flipkart,Debit Card,Success
500483,102211,2029-01-31 03:57:00,ATM Withdrawal,22073.83,30,Swiggy,Credit Card,Success
500484,102228,2029-02-05 15:56:00,Online Transfer,27904.84,43,Zomato,Net Banking,Success
500485,102245,2029-02-11 03:55:00,Cash Withdrawal,33735.85,6,Myntra,ATM,Success
500486,102262,2029-02-16 15:54:00,Deposit,39566.86,19,Uber,UPI,Success
500487,102279,2029-02-22 03:53:00,UPI,45397.87,32,IRCTC,Debit Card,Success
500488,102296,2029-02-27 15:52:00,Card Payment,1328.88,45,Reliance,Credit Card,Success
500489,102313,2029-03-05 03:51:00,ATM Withdrawal,7159.89,8,DMart,Net Banking,Success
500490,102330,2029-03-10 15:50:00,Online Transfer,12990.9,21,Netflix,ATM,Success
500491,102347,2029-03-16 03:49:00,Cash Withdrawal,18821.91,34,PhonePe,UPI,Success
500492,102364,2029-03-21 15:48:00,Deposit,24652.92,47,Google Pay,Debit Card,Success
500493,102381,2029-03-27 03:47:00,UPI,30483.93,10,Amazon,Credit Card,Success
500494,102398,2029-04-01 15:46:00,Card Payment,36314.94,23,Flipkart,Net Banking,Success
500495,102415,2029-04-07 03:45:00,ATM Withdrawal,42145.95,36,Swiggy,ATM,Success
500496,102432,2029-04-12 15:44:00,Online Transfer,47976.96,49,Zomato,UPI,Success
500497,102449,2029-04-18 03:43:00,Cash Withdrawal,3907.97,12,Myntra,Debit Card,Success
500498,102466,2029-04-23 15:42:00,Deposit,9738.98,25,Uber,Credit Card,Success
500499,102483,2029-04-29 03:41:00,UPI,15569.99,38,IRCTC,Net Banking,Success
500500,102500,2029-05-04 15:40:00,Card Payment,21400.0,1,Reliance,ATM,Success
500501,102517,2029-05-10 03:39:00,ATM Withdrawal,27231.01,14,DMart,UPI,Success
500502,102534,2029-05-15 15:38:00,Online Transfer,33062.02,27,Netflix,Debit Card,Success
500503,102551,2029-05-21 03:37:00,Cash Withdrawal,38893.03,40,PhonePe,Credit Card,Success
500504,102568,2029-05-26 15:36:00,Deposit,44724.04,3,Google Pay,Net Banking,Success
500505,102585,2029-06-01 03:35:00,UPI,655.05,16,Amazon,ATM,Success
500506,102602,2029-06-06 15:34:00,Card Payment,6486.06,29,Flipkart,UPI,Success
500507,102619,2029-06-12 03:33:00,ATM Withdrawal,12317.07,42,Swiggy,Debit Card,Success
500508,102636,2029-06-17 15:32:00,Online Transfer,621348.0,5,Zomato,Credit Card,Success
500509,102653,2029-06-23 03:31:00,Cash Withdrawal,23979.09,18,Myntra,Net Banking,Success
500510,102670,2029-06-28 15:30:00,Deposit,29810.1,31,Uber,ATM,Success
500511,102687,2029-07-04 03:29:00,UPI,35641.11,44,IRCTC,UPI,Success
500512,102704,2029-07-09 15:28:00,Card Payment,41472.12,7,Reliance,Debit Card,Success
500513,102721,2029-07-15 03:27:00,ATM Withdrawal,47303.13,20,DMart,Credit Card,Success
500514,102738,2029-07-20 15:26:00,Online Transfer,3234.14,33,Netflix,Net Banking,Success
500515,102755,2029-07-26 03:25:00,Cash Withdrawal,9065.15,46,PhonePe,ATM,Success
500516,102772,2029-07-31 15:24:00,Deposit,14896.16,9,Google Pay,UPI,Success
500517,102789,2029-08-06 03:23:00,UPI,20727.17,22,Amazon,Debit Card,Success
500518,102806,2029-08-11 15:22:00,Card Payment,26558.18,35,Flipkart,Credit Card,Success
500519,102823,2029-08-17 03:21:00,ATM Withdrawal,32389.19,48,Swiggy,Net Banking,Success
500520,102840,2029-08-22 15:20:00,Online Transfer,38220.2,11,Zomato,ATM,Success
500521,102857,2029-08-28 03:19:00,Cash Withdrawal,44051.21,24,Myntra,UPI,Success
500522,102874,2029-09-02 15:18:00,Deposit,49882.22,37,Uber,Debit Card,Success
500523,102891,2029-09-08 03:17:00,UPI,5813.23,50,IRCTC,Credit Card,Success
500524,102908,2029-09-13 15:16:00,Card Payment,11644.24,13,Reliance,Net Banking,Success
500525,102925,2029-09-19 03:15:00,ATM Withdrawal,17475.25,26,DMart,ATM,Success
500526,102942,2029-09-24 15:14:00,Online Transfer,23306.26,39,Netflix,UPI,Success
500527,102959,2029-09-30 03:13:00,Cash Withdrawal,29137.27,2,PhonePe,Debit Card,Success
500528,102976,2029-10-05 15:12:00,Deposit,34968.28,15,Google Pay,Credit Card,Success
500529,102993,2029-10-11 03:11:00,UPI,40799.29,28,Amazon,Net Banking,Success
500530,100010,2029-10-16 15:10:00,Card Payment,46630.3,41,Flipkart,ATM,Success
500531,100027,2029-10-22 03:09:00,ATM Withdrawal,2561.31,4,Swiggy,UPI,Success
500532,100044,2029-10-27 15:08:00,Online Transfer,8392.32,17,Zomato,Debit Card,Success
500533,100061,2029-11-02 03:07:00,Cash Withdrawal,14223.33,30,Myntra,Credit Card,Success
500534,100078,2029-11-07 15:06:00,Deposit,373746.0,43,Uber,Net Banking,Success
500535,100095,2029-11-13 03:05:00,UPI,25885.35,6,IRCTC,ATM,Success
500536,100112,2029-11-18 15:04:00,Card Payment,31716.36,19,Reliance,UPI,Pending
500537,100129,2029-11-24 03:03:00,ATM Withdrawal,37547.37,32,DMart,Debit Card,Success
500538,100146,2029-11-29 15:02:00,Online Transfer,43378.38,45,Netflix,Credit Card,Success
500539,100163,2029-12-05 03:01:00,Cash Withdrawal,49209.39,8,PhonePe,Net Banking,Success
500540,100180,2029-12-10 15:00:00,Deposit,5140.4,21,Google Pay,ATM,Success
500541,100197,2029-12-16 02:59:00,UPI,10971.41,34,Amazon,UPI,Success
500542,100214,2029-12-21 14:58:00,Card Payment,16802.42,47,Flipkart,Debit Card,Success
500543,100231,2029-12-27 02:57:00,ATM Withdrawal,22633.43,10,Swiggy,Credit Card,Success
500544,100248,2030-01-01 14:56:00,Online Transfer,28464.44,23,Zomato,Net Banking,Success
500545,100265,2030-01-07 02:55:00,Cash Withdrawal,34295.45,36,Myntra,ATM,Success
500546,100282,2030-01-12 14:54:00,Deposit,40126.46,49,Uber,UPI,Success
500547,100299,2030-01-18 02:53:00,UPI,45957.47,12,IRCTC,Debit Card,Success
500548,100316,2030-01-23 14:52:00,Card Payment,1888.48,25,Reliance,Credit Card,Success
500549,100333,2030-01-29 02:51:00,ATM Withdrawal,7719.49,38,DMart,Net Banking,Success
500550,100350,2030-02-03 14:50:00,Online Transfer,13550.5,1,Netflix,ATM,Success
500551,100367,2030-02-09 02:49:00,Cash Withdrawal,19381.51,14,PhonePe,UPI,Success
500552,100384,2030-02-14 14:48:00,Deposit,25212.52,27,Google Pay,Debit Card,Success
500553,100401,2030-02-20 02:47:00,UPI,31043.53,40,Amazon,Credit Card,Success
500554,100418,2030-02-25 14:46:00,Card Payment,36874.54,3,Flipkart,Net Banking,Success
500555,100435,2030-03-03 02:45:00,ATM Withdrawal,42705.55,16,Swiggy,ATM,Success
500556,100452,2030-03-08 14:44:00,Online Transfer,48536.56,29,Zomato,UPI,Success
500557,100469,2026-01-04 02:43:00,Cash Withdrawal,4467.57,42,Myntra,Debit Card,Success
500558,100486,2026-01-09 14:42:00,Deposit,10298.58,5,Uber,Credit Card,Success
500559,100503,2026-01-15 02:41:00,UPI,16129.59,18,IRCTC,Net Banking,Success
500560,100520,2026-01-20 14:40:00,Card Payment,21960.6,31,Reliance,ATM,Success
500561,100537,2026-01-26 02:39:00,ATM Withdrawal,27791.61,44,DMart,UPI,Success
500562,100554,2026-01-31 14:38:00,Online Transfer,33622.62,7,Netflix,Debit Card,Success
500563,100571,2026-02-06 02:37:00,Cash Withdrawal,39453.63,20,PhonePe,Credit Card,Success
500564,100588,2026-02-11 14:36:00,Deposit,45284.64,33,Google Pay,Net Banking,Success
500565,100605,2026-02-17 02:35:00,UPI,1215.65,46,Amazon,ATM,Failed
500566,100622,2026-02-22 14:34:00,Card Payment,7046.66,9,Flipkart,UPI,Success
500567,100639,2026-02-28 02:33:00,ATM Withdrawal,12877.67,22,Swiggy,Debit Card,Success
500568,100656,2026-03-05 14:32:00,Online Transfer,18708.68,35,Zomato,Credit Card,Success
500569,100673,2026-03-11 02:31:00,Cash Withdrawal,24539.69,48,Myntra,Net Banking,Success
500570,100690,2026-03-16 14:30:00,Deposit,30370.7,11,Uber,ATM,Success
500571,100707,2026-03-22 02:29:00,UPI,36201.71,24,IRCTC,UPI,Success
500572,100724,2026-03-27 14:28:00,Card Payment,42032.72,37,Reliance,Debit Card,Success
500573,100741,2026-04-02 02:27:00,ATM Withdrawal,47863.73,50,DMart,Credit Card,Success
500574,100758,2026-04-07 14:26:00,Online Transfer,3794.74,13,Netflix,Net Banking,Success
500575,100775,2026-04-13 02:25:00,Cash Withdrawal,9625.75,26,PhonePe,ATM,Success
500576,100792,2026-04-18 14:24:00,Deposit,15456.76,39,Google Pay,UPI,Success
500577,100809,2026-04-24 02:23:00,UPI,21287.77,2,Amazon,Debit Card,Success
500578,100826,2026-04-29 14:22:00,Card Payment,27118.78,15,Flipkart,Credit Card,Success
500579,100843,2026-05-05 02:21:00,ATM Withdrawal,32949.79,28,Swiggy,Net Banking,Success
500580,100860,2026-05-10 14:20:00,Online Transfer,38780.8,41,Zomato,ATM,Success
500581,100877,2026-05-16 02:19:00,Cash Withdrawal,44611.81,4,Myntra,UPI,Success
500582,100894,2026-05-21 14:18:00,Deposit,542.82,17,Uber,Debit Card,Success
500583,100911,2026-05-27 02:17:00,UPI,6373.83,30,IRCTC,Credit Card,Success
500584,100928,2026-06-01 14:16:00,Card Payment,12204.84,43,Reliance,Net Banking,Success
500585,100945,2026-06-07 02:15:00,ATM Withdrawal,18035.85,6,DMart,ATM,Success
500586,100962,2026-06-12 14:14:00,Online Transfer,23866.86,19,Netflix,UPI,Success
500587,100979,2026-06-18 02:13:00,Cash Withdrawal,29697.87,32,PhonePe,Debit Card,Success
500588,100996,2026-06-23 14:12:00,Deposit,35528.88,45,Google Pay,Credit Card,Success
500589,101013,2026-06-29 02:11:00,UPI,41359.89,8,Amazon,Net Banking,Success
500590,101030,2026-07-04 14:10:00,Card Payment,47190.9,21,Flipkart,ATM,Success
500591,101047,2026-07-10 02:09:00,ATM Withdrawal,3121.91,34,Swiggy,UPI,Success
500592,101064,2026-07-15 14:08:00,Online Transfer,8952.92,47,Zomato,Debit Card,Success
500593,101081,2026-07-21 02:07:00,Cash Withdrawal,14783.93,10,Myntra,Credit Card,Success
500594,101098,2026-07-26 14:06:00,Deposit,20614.94,23,Uber,Net Banking,Success
500595,101115,2026-08-01 02:05:00,UPI,26445.95,36,IRCTC,ATM,Success
500596,101132,2026-08-06 14:04:00,Card Payment,32276.96,49,Reliance,UPI,Success
500597,101149,2026-08-12 02:03:00,ATM Withdrawal,38107.97,12,DMart,Debit Card,Success
500598,101166,2026-08-17 14:02:00,Online Transfer,43938.98,25,Netflix,Credit Card,Success
500599,101183,2026-08-23 02:01:00,Cash Withdrawal,49769.99,38,PhonePe,Net Banking,Success
500600,101200,2026-08-28 14:00:00,Deposit,5700.0,1,Google Pay,ATM,Success
500601,101217,2026-09-03 01:59:00,UPI,11531.01,14,Amazon,UPI,Success
500602,101234,2026-09-08 13:58:00,Card Payment,17362.02,27,Flipkart,Debit Card,Success
500603,101251,2026-09-14 01:57:00,ATM Withdrawal,23193.03,40,Swiggy,Credit Card,Pending
500604,101268,2026-09-19 13:56:00,Online Transfer,29024.04,3,Zomato,Net Banking,Success
500605,101285,2026-09-25 01:55:00,Cash Withdrawal,34855.05,16,Myntra,ATM,Success
500606,101302,2026-09-30 13:54:00,Deposit,40686.06,29,Uber,UPI,Success
500607,101319,2026-10-06 01:53:00,UPI,46517.07,42,IRCTC,Debit Card,Success
500608,101336,2026-10-11 13:52:00,Card Payment,2448.08,5,Reliance,Credit Card,Success
500609,101353,2026-10-17 01:51:00,ATM Withdrawal,8279.09,18,DMart,Net Banking,Success
500610,101370,2026-10-22 13:50:00,Online Transfer,14110.1,31,Netflix,ATM,Success
500611,101387,2026-10-28 01:49:00,Cash Withdrawal,19941.11,44,PhonePe,UPI,Success
500612,101404,2026-11-02 13:48:00,Deposit,25772.12,7,Google Pay,Debit Card,Success
500613,101421,2026-11-08 01:47:00,UPI,31603.13,20,Amazon,Credit Card,Success
500614,101438,2026-11-13 13:46:00,Card Payment,37434.14,33,Flipkart,Net Banking,Success
500615,101455,2026-11-19 01:45:00,ATM Withdrawal,43265.15,46,Swiggy,ATM,Success
500616,101472,2026-11-24 13:44:00,Online Transfer,49096.16,9,Zomato,UPI,Success
500617,101489,2026-11-30 01:43:00,Cash Withdrawal,5027.17,22,Myntra,Debit Card,Success
500618,101506,2026-12-05 13:42:00,Deposit,10858.18,35,Uber,Credit Card,Success
500619,101523,2026-12-11 01:41:00,UPI,16689.19,48,IRCTC,Net Banking,Success
500620,101540,2026-12-16 13:40:00,Card Payment,22520.2,11,Reliance,ATM,Success
500621,101557,2026-12-22 01:39:00,ATM Withdrawal,28351.21,24,DMart,UPI,Success
500622,101574,2026-12-27 13:38:00,Online Transfer,34182.22,37,Netflix,Debit Card,Success
500623,101591,2027-01-02 01:37:00,Cash Withdrawal,411037.0,50,PhonePe,Credit Card,Success
500624,101608,2027-01-07 13:36:00,Deposit,45844.24,13,Google Pay,Net Banking,Success
500625,101625,2027-01-13 01:35:00,UPI,1775.25,26,Amazon,ATM,Success
500626,101642,2027-01-18 13:34:00,Card Payment,7606.26,39,Flipkart,UPI,Success
500627,101659,2027-01-24 01:33:00,ATM Withdrawal,13437.27,2,Swiggy,Debit Card,Success
500628,101676,2027-01-29 13:32:00,Online Transfer,19268.28,15,Zomato,Credit Card,Success
500629,101693,2027-02-04 01:31:00,Cash Withdrawal,25099.29,28,Myntra,Net Banking,Success
500630,101710,2027-02-09 13:30:00,Deposit,30930.3,41,Uber,ATM,Success
500631,101727,2027-02-15 01:29:00,UPI,36761.31,4,IRCTC,UPI,Success
500632,101744,2027-02-20 13:28:00,Card Payment,42592.32,17,Reliance,Debit Card,Success
500633,101761,2027-02-26 01:27:00,ATM Withdrawal,48423.33,30,DMart,Credit Card,Success
500634,101778,2027-03-03 13:26:00,Online Transfer,4354.34,43,Netflix,Net Banking,Success
500635,101795,2027-03-09 01:25:00,Cash Withdrawal,714185.0,6,PhonePe,ATM,Success
500636,101812,2027-03-14 13:24:00,Deposit,16016.36,19,Google Pay,UPI,Success
500637,101829,2027-03-20 01:23:00,UPI,21847.37,32,Amazon,Debit Card,Success
500638,101846,2027-03-25 13:22:00,Card Payment,27678.38,45,Flipkart,Credit Card,Success
500639,101863,2027-03-31 01:21:00,ATM Withdrawal,33509.39,8,Swiggy,Net Banking,Success
500640,101880,2027-04-05 13:20:00,Online Transfer,39340.4,21,Zomato,ATM,Success
500641,101897,2027-04-11 01:19:00,Cash Withdrawal,45171.41,34,Myntra,UPI,Success
500642,101914,2027-04-16 13:18:00,Deposit,1102.42,47,Uber,Debit Card,Success
500643,101931,2027-04-22 01:17:00,UPI,6933.43,10,IRCTC,Credit Card,Success
500644,101948,2027-04-27 13:16:00,Card Payment,12764.44,23,Reliance,Net Banking,Success
500645,101965,2027-05-03 01:15:00,ATM Withdrawal,18595.45,36,DMart,ATM,Success
500646,101982,2027-05-08 13:14:00,Online Transfer,24426.46,49,Netflix,UPI,Success
500647,101999,2027-05-14 01:13:00,Cash Withdrawal,30257.47,12,PhonePe,Debit Card,Success
500648,102016,2027-05-19 13:12:00,Deposit,36088.48,25,Google Pay,Credit Card,Success
500649,102033,2027-05-25 01:11:00,UPI,41919.49,38,Amazon,Net Banking,Success
500650,102050,2027-05-30 13:10:00,Card Payment,47750.5,1,Flipkart,ATM,Success
500651,102067,2027-06-05 01:09:00,ATM Withdrawal,3681.51,14,Swiggy,UPI,Success
500652,102084,2027-06-10 13:08:00,Online Transfer,9512.52,27,Zomato,Debit Card,Success
500653,102101,2027-06-16 01:07:00,Cash Withdrawal,15343.53,40,Myntra,Credit Card,Success
500654,102118,2027-06-21 13:06:00,Deposit,21174.54,3,Uber,Net Banking,Success
500655,102135,2027-06-27 01:05:00,UPI,27005.55,16,IRCTC,ATM,Success
500656,102152,2027-07-02 13:04:00,Card Payment,32836.56,29,Reliance,UPI,Success
500657,102169,2027-07-08 01:03:00,ATM Withdrawal,38667.57,42,DMart,Debit Card,Success
500658,102186,2027-07-13 13:02:00,Online Transfer,44498.58,5,Netflix,Credit Card,Success
500659,102203,2027-07-19 01:01:00,Cash Withdrawal,429.59,18,PhonePe,Net Banking,Success
500660,102220,2027-07-24 13:00:00,Deposit,6260.6,31,Google Pay,ATM,Success
500661,102237,2027-07-30 00:59:00,UPI,12091.61,44,Amazon,UPI,Success
500662,102254,2027-08-04 12:58:00,Card Payment,17922.62,7,Flipkart,Debit Card,Success
500663,102271,2027-08-10 00:57:00,ATM Withdrawal,23753.63,20,Swiggy,Credit Card,Success
500664,102288,2027-08-15 12:56:00,Online Transfer,29584.64,33,Zomato,Net Banking,Success
500665,102305,2027-08-21 00:55:00,Cash Withdrawal,35415.65,46,Myntra,ATM,Success
500666,102322,2027-08-26 12:54:00,Deposit,41246.66,9,Uber,UPI,Success
500667,102339,2027-09-01 00:53:00,UPI,47077.67,22,IRCTC,Debit Card,Success
500668,102356,2027-09-06 12:52:00,Card Payment,3008.68,35,Reliance,Credit Card,Success
500669,102373,2027-09-12 00:51:00,ATM Withdrawal,8839.69,48,DMart,Net Banking,Success
500670,102390,2027-09-17 12:50:00,Online Transfer,14670.7,11,Netflix,ATM,Pending
500671,102407,2027-09-23 00:49:00,Cash Withdrawal,20501.71,24,PhonePe,UPI,Success
500672,102424,2027-09-28 12:48:00,Deposit,26332.72,37,Google Pay,Debit Card,Success
500673,102441,2027-10-04 00:47:00,UPI,32163.73,50,Amazon,Credit Card,Success
500674,102458,2027-10-09 12:46:00,Card Payment,37994.74,13,Flipkart,Net Banking,Success
500675,102475,2027-10-15 00:45:00,ATM Withdrawal,43825.75,26,Swiggy,ATM,Success
500676,102492,2027-10-20 12:44:00,Online Transfer,49656.76,39,Zomato,UPI,Success
500677,102509,2027-10-26 00:43:00,Cash Withdrawal,5587.77,2,Myntra,Debit Card,Success
500678,102526,2027-10-31 12:42:00,Deposit,11418.78,15,Uber,Credit Card,Failed
500679,102543,2027-11-06 00:41:00,UPI,17249.79,28,IRCTC,Net Banking,Success
500680,102560,2027-11-11 12:40:00,Card Payment,23080.8,41,Reliance,ATM,Success
500681,102577,2027-11-17 00:39:00,ATM Withdrawal,28911.81,4,DMart,UPI,Success
500682,102594,2027-11-22 12:38:00,Online Transfer,34742.82,17,Netflix,Debit Card,Success
500683,102611,2027-11-28 00:37:00,Cash Withdrawal,40573.83,30,PhonePe,Credit Card,Success
500684,102628,2027-12-03 12:36:00,Deposit,46404.84,43,Google Pay,Net Banking,Success
500685,102645,2027-12-09 00:35:00,UPI,2335.85,6,Amazon,ATM,Success
500686,102662,2027-12-14 12:34:00,Card Payment,8166.86,19,Flipkart,UPI,Success
500687,102679,2027-12-20 00:33:00,ATM Withdrawal,13997.87,32,Swiggy,Debit Card,Success
500688,102696,2027-12-25 12:32:00,Online Transfer,19828.88,45,Zomato,Credit Card,Success
500689,102713,2027-12-31 00:31:00,Cash Withdrawal,25659.89,8,Myntra,Net Banking,Success
500690,102730,2028-01-05 12:30:00,Deposit,31490.9,21,Uber,ATM,Success
500691,102747,2028-01-11 00:29:00,UPI,37321.91,34,IRCTC,UPI,Success
500692,102764,2028-01-16 12:28:00,Card Payment,43152.92,47,Reliance,Debit Card,Success
500693,102781,2028-01-22 00:27:00,ATM Withdrawal,48983.93,10,DMart,Credit Card,Success
500694,102798,2028-01-27 12:26:00,Online Transfer,4914.94,23,Netflix,Net Banking,Success
500695,102815,2028-02-02 00:25:00,Cash Withdrawal,10745.95,36,PhonePe,ATM,Success
500696,102832,2028-02-07 12:24:00,Deposit,16576.96,49,Google Pay,UPI,Success
500697,102849,2028-02-13 00:23:00,UPI,22407.97,12,Amazon,Debit Card,Success
500698,102866,2028-02-18 12:22:00,Card Payment,28238.98,25,Flipkart,Credit Card,Success
500699,102883,2028-02-24 00:21:00,ATM Withdrawal,34069.99,38,Swiggy,Net Banking,Success
500700,102900,2028-02-29 12:20:00,Online Transfer,39900.0,1,Zomato,ATM,Success
500701,102917,2028-03-06 00:19:00,Cash Withdrawal,45731.01,14,Myntra,UPI,Success
500702,102934,2028-03-11 12:18:00,Deposit,1662.02,27,Uber,Debit Card,Success
500703,102951,2028-03-17 00:17:00,UPI,7493.03,40,IRCTC,Credit Card,Success
500704,102968,2028-03-22 12:16:00,Card Payment,13324.04,3,Reliance,Net Banking,Success
500705,102985,2028-03-28 00:15:00,ATM Withdrawal,19155.05,16,DMart,ATM,Success
500706,100002,2028-04-02 12:14:00,Online Transfer,24986.06,29,Netflix,UPI,Success
500707,100019,2028-04-08 00:13:00,Cash Withdrawal,30817.07,42,PhonePe,Debit Card,Success
500708,100036,2028-04-13 12:12:00,Deposit,36648.08,5,Google Pay,Credit Card,Success
500709,100053,2028-04-19 00:11:00,UPI,42479.09,18,Amazon,Net Banking,Success
500710,100070,2028-04-24 12:10:00,Card Payment,48310.1,31,Flipkart,ATM,Success
500711,100087,2028-04-30 00:09:00,ATM Withdrawal,4241.11,44,Swiggy,UPI,Success
500712,100104,2028-05-05 12:08:00,Online Transfer,448328.0,7,Zomato,Debit Card,Success
500713,100121,2028-05-11 00:07:00,Cash Withdrawal,15903.13,20,Myntra,Credit Card,Success
500714,100138,2028-05-16 12:06:00,Deposit,21734.14,33,Uber,Net Banking,Success
500715,100155,2028-05-22 00:05:00,UPI,27565.15,46,IRCTC,ATM,Success
500716,100172,2028-05-27 12:04:00,Card Payment,33396.16,9,Reliance,UPI,Success
500717,100189,2028-06-02 00:03:00,ATM Withdrawal,39227.17,22,DMart,Debit Card,Success
500718,100206,2028-06-07 12:02:00,Online Transfer,45058.18,35,Netflix,Credit Card,Success
500719,100223,2028-06-13 00:01:00,Cash Withdrawal,989.19,48,PhonePe,Net Banking,Success
500720,100240,2028-06-18 12:00:00,Deposit,6820.2,11,Google Pay,ATM,Success
500721,100257,2028-06-23 23:59:00,UPI,12651.21,24,Amazon,UPI,Success
500722,100274,2028-06-29 11:58:00,Card Payment,18482.22,37,Flipkart,Debit Card,Success
500723,100291,2028-07-04 23:57:00,ATM Withdrawal,24313.23,50,Swiggy,Credit Card,Success
500724,100308,2028-07-10 11:56:00,Online Transfer,30144.24,13,Zomato,Net Banking,Success
500725,100325,2028-07-15 23:55:00,Cash Withdrawal,35975.25,26,Myntra,ATM,Success
500726,100342,2028-07-21 11:54:00,Deposit,41806.26,39,Uber,UPI,Success
500727,100359,2028-07-26 23:53:00,UPI,47637.27,2,IRCTC,Debit Card,Success
500728,100376,2028-08-01 11:52:00,Card Payment,3568.28,15,Reliance,Credit Card,Success
500729,100393,2028-08-06 23:51:00,ATM Withdrawal,9399.29,28,DMart,Net Banking,Success
500730,100410,2028-08-12 11:50:00,Online Transfer,15230.3,41,Netflix,ATM,Success
500731,100427,2028-08-17 23:49:00,Cash Withdrawal,21061.31,4,PhonePe,UPI,Success
500732,100444,2028-08-23 11:48:00,Deposit,26892.32,17,Google Pay,Debit Card,Success
500733,100461,2028-08-28 23:47:00,UPI,32723.33,30,Amazon,Credit Card,Success
500734,100478,2028-09-03 11:46:00,Card Payment,38554.34,43,Flipkart,Net Banking,Success
500735,100495,2028-09-08 23:45:00,ATM Withdrawal,44385.35,6,Swiggy,ATM,Success
500736,100512,2028-09-14 11:44:00,Online Transfer,316.36,19,Zomato,UPI,Success
500737,100529,2028-09-19 23:43:00,Cash Withdrawal,6147.37,32,Myntra,Debit Card,Pending
500738,100546,2028-09-25 11:42:00,Deposit,11978.38,45,Uber,Credit Card,Success
500739,100563,2028-09-30 23:41:00,UPI,17809.39,8,IRCTC,Net Banking,Success
500740,100580,2028-10-06 11:40:00,Card Payment,23640.4,21,Reliance,ATM,Success
500741,100597,2028-10-11 23:39:00,ATM Withdrawal,29471.41,34,DMart,UPI,Success
500742,100614,2028-10-17 11:38:00,Online Transfer,35302.42,47,Netflix,Debit Card,Success
500743,100631,2028-10-22 23:37:00,Cash Withdrawal,41133.43,10,PhonePe,Credit Card,Success
500744,100648,2028-10-28 11:36:00,Deposit,46964.44,23,Google Pay,Net Banking,Success
500745,100665,2028-11-02 23:35:00,UPI,2895.45,36,Amazon,ATM,Success
500746,100682,2028-11-08 11:34:00,Card Payment,8726.46,49,Flipkart,UPI,Success
500747,100699,2028-11-13 23:33:00,ATM Withdrawal,14557.47,12,Swiggy,Debit Card,Success
500748,100716,2028-11-19 11:32:00,Online Transfer,20388.48,25,Zomato,Credit Card,Success
500749,100733,2028-11-24 23:31:00,Cash Withdrawal,26219.49,38,Myntra,Net Banking,Success
500750,100750,2028-11-30 11:30:00,Deposit,32050.5,1,Uber,ATM,Success
500751,100767,2028-12-05 23:29:00,UPI,37881.51,14,IRCTC,UPI,Success
500752,100784,2028-12-11 11:28:00,Card Payment,43712.52,27,Reliance,Debit Card,Success
500753,100801,2028-12-16 23:27:00,ATM Withdrawal,49543.53,40,DMart,Credit Card,Success
500754,100818,2028-12-22 11:26:00,Online Transfer,5474.54,3,Netflix,Net Banking,Success
500755,100835,2028-12-27 23:25:00,Cash Withdrawal,11305.55,16,PhonePe,ATM,Success
500756,100852,2029-01-02 11:24:00,Deposit,17136.56,29,Google Pay,UPI,Success
500757,100869,2029-01-07 23:23:00,UPI,22967.57,42,Amazon,Debit Card,Success
500758,100886,2029-01-13 11:22:00,Card Payment,28798.58,5,Flipkart,Credit Card,Success
500759,100903,2029-01-18 23:21:00,ATM Withdrawal,34629.59,18,Swiggy,Net Banking,Success
500760,100920,2029-01-24 11:20:00,Online Transfer,40460.6,31,Zomato,ATM,Success
500761,100937,2029-01-29 23:19:00,Cash Withdrawal,46291.61,44,Myntra,UPI,Success
500762,100954,2029-02-04 11:18:00,Deposit,807022.0,7,Uber,Debit Card,Success
500763,100971,2029-02-09 23:17:00,UPI,8053.63,20,IRCTC,Credit Card,Success
500764,100988,2029-02-15 11:16:00,Card Payment,13884.64,33,Reliance,Net Banking,Success
500765,101005,2029-02-20 23:15:00,ATM Withdrawal,19715.65,46,DMart,ATM,Success
500766,101022,2029-02-26 11:14:00,Online Transfer,25546.66,9,Netflix,UPI,Success
500767,101039,2029-03-03 23:13:00,Cash Withdrawal,31377.67,22,PhonePe,Debit Card,Success
500768,101056,2029-03-09 11:12:00,Deposit,37208.68,35,Google Pay,Credit Card,Success
500769,101073,2029-03-14 23:11:00,UPI,43039.69,48,Amazon,Net Banking,Success
500770,101090,2029-03-20 11:10:00,Card Payment,48870.7,11,Flipkart,ATM,Success
500771,101107,2029-03-25 23:09:00,ATM Withdrawal,4801.71,24,Swiggy,UPI,Success
500772,101124,2029-03-31 11:08:00,Online Transfer,10632.72,37,Zomato,Debit Card,Success
500773,101141,2029-04-05 23:07:00,Cash Withdrawal,16463.73,50,Myntra,Credit Card,Success
500774,101158,2029-04-11 11:06:00,Deposit,22294.74,13,Uber,Net Banking,Success
500775,101175,2029-04-16 23:05:00,UPI,28125.75,26,IRCTC,ATM,Success
500776,101192,2029-04-22 11:04:00,Card Payment,33956.76,39,Reliance,UPI,Success
500777,101209,2029-04-27 23:03:00,ATM Withdrawal,39787.77,2,DMart,Debit Card,Success
500778,101226,2029-05-03 11:02:00,Online Transfer,45618.78,15,Netflix,Credit Card,Success
500779,101243,2029-05-08 23:01:00,Cash Withdrawal,1549.79,28,PhonePe,Net Banking,Success
500780,101260,2029-05-14 11:00:00,Deposit,7380.8,41,Google Pay,ATM,Success
500781,101277,2029-05-19 22:59:00,UPI,13211.81,4,Amazon,UPI,Success
500782,101294,2029-05-25 10:58:00,Card Payment,19042.82,17,Flipkart,Debit Card,Success
500783,101311,2029-05-30 22:57:00,ATM Withdrawal,24873.83,30,Swiggy,Credit Card,Success
500784,101328,2029-06-05 10:56:00,Online Transfer,30704.84,43,Zomato,Net Banking,Success
500785,101345,2029-06-10 22:55:00,Cash Withdrawal,36535.85,6,Myntra,ATM,Success
500786,101362,2029-06-16 10:54:00,Deposit,42366.86,19,Uber,UPI,Success
500787,101379,2029-06-21 22:53:00,UPI,48197.87,32,IRCTC,Debit Card,Success
500788,101396,2029-06-27 10:52:00,Card Payment,4128.88,45,Reliance,Credit Card,Success
500789,101413,2029-07-02 22:51:00,ATM Withdrawal,9959.89,8,DMart,Net Banking,Success
500790,101430,2029-07-08 10:50:00,Online Transfer,15790.9,21,Netflix,ATM,Success
500791,101447,2029-07-13 22:49:00,Cash Withdrawal,21621.91,34,PhonePe,UPI,Failed
500792,101464,2029-07-19 10:48:00,Deposit,27452.92,47,Google Pay,Debit Card,Success
500793,101481,2029-07-24 22:47:00,UPI,33283.93,10,Amazon,Credit Card,Success
500794,101498,2029-07-30 10:46:00,Card Payment,39114.94,23,Flipkart,Net Banking,Success
500795,101515,2029-08-04 22:45:00,ATM Withdrawal,44945.95,36,Swiggy,ATM,Success
500796,101532,2029-08-10 10:44:00,Online Transfer,876.96,49,Zomato,UPI,Success
500797,101549,2029-08-15 22:43:00,Cash Withdrawal,6707.97,12,Myntra,Debit Card,Success
500798,101566,2029-08-21 10:42:00,Deposit,12538.98,25,Uber,Credit Card,Success
500799,101583,2029-08-26 22:41:00,UPI,18369.99,38,IRCTC,Net Banking,Success
500800,101600,2029-09-01 10:40:00,Card Payment,24200.0,1,Reliance,ATM,Success
500801,101617,2029-09-06 22:39:00,ATM Withdrawal,185619.0,14,DMart,UPI,Success
500802,101634,2029-09-12 10:38:00,Online Transfer,35862.02,27,Netflix,Debit Card,Success
500803,101651,2029-09-17 22:37:00,Cash Withdrawal,41693.03,40,PhonePe,Credit Card,Success
500804,101668,2029-09-23 10:36:00,Deposit,47524.04,3,Google Pay,Net Banking,Pending
500805,101685,2029-09-28 22:35:00,UPI,3455.05,16,Amazon,ATM,Success
500806,101702,2029-10-04 10:34:00,Card Payment,9286.06,29,Flipkart,UPI,Success
500807,101719,2029-10-09 22:33:00,ATM Withdrawal,15117.07,42,Swiggy,Debit Card,Success
500808,101736,2029-10-15 10:32:00,Online Transfer,20948.08,5,Zomato,Credit Card,Success
500809,101753,2029-10-20 22:31:00,Cash Withdrawal,26779.09,18,Myntra,Net Banking,Success
500810,101770,2029-10-26 10:30:00,Deposit,32610.1,31,Uber,ATM,Success
500811,101787,2029-10-31 22:29:00,UPI,38441.11,44,IRCTC,UPI,Success
500812,101804,2029-11-06 10:28:00,Card Payment,44272.12,7,Reliance,Debit Card,Success
500813,101821,2029-11-11 22:27:00,ATM Withdrawal,203.13,20,DMart,Credit Card,Success
500814,101838,2029-11-17 10:26:00,Online Transfer,6034.14,33,Netflix,Net Banking,Success
500815,101855,2029-11-22 22:25:00,Cash Withdrawal,11865.15,46,PhonePe,ATM,Success
500816,101872,2029-11-28 10:24:00,Deposit,17696.16,9,Google Pay,UPI,Success
500817,101889,2029-12-03 22:23:00,UPI,23527.17,22,Amazon,Debit Card,Success
500818,101906,2029-12-09 10:22:00,Card Payment,29358.18,35,Flipkart,Credit Card,Success
500819,101923,2029-12-14 22:21:00,ATM Withdrawal,35189.19,48,Swiggy,Net Banking,Success
500820,101940,2029-12-20 10:20:00,Online Transfer,41020.2,11,Zomato,ATM,Success
500821,101957,2029-12-25 22:19:00,Cash Withdrawal,46851.21,24,Myntra,UPI,Success
500822,101974,2029-12-31 10:18:00,Deposit,2782.22,37,Uber,Debit Card,Success
500823,101991,2030-01-05 22:17:00,UPI,8613.23,50,IRCTC,Credit Card,Success
500824,102008,2030-01-11 10:16:00,Card Payment,14444.24,13,Reliance,Net Banking,Success
500825,102025,2030-01-16 22:15:00,ATM Withdrawal,20275.25,26,DMart,ATM,Success
500826,102042,2030-01-22 10:14:00,Online Transfer,26106.26,39,Netflix,UPI,Success
500827,102059,2030-01-27 22:13:00,Cash Withdrawal,31937.27,2,PhonePe,Debit Card,Success
500828,102076,2030-02-02 10:12:00,Deposit,37768.28,15,Google Pay,Credit Card,Success
500829,102093,2030-02-07 22:11:00,UPI,43599.29,28,Amazon,Net Banking,Success
500830,102110,2030-02-13 10:10:00,Card Payment,49430.3,41,Flipkart,ATM,Success
500831,102127,2030-02-18 22:09:00,ATM Withdrawal,5361.31,4,Swiggy,UPI,Success
500832,102144,2030-02-24 10:08:00,Online Transfer,11192.32,17,Zomato,Debit Card,Success
500833,102161,2030-03-01 22:07:00,Cash Withdrawal,17023.33,30,Myntra,Credit Card,Success
500834,102178,2030-03-07 10:06:00,Deposit,22854.34,43,Uber,Net Banking,Success
500835,102195,2026-01-02 22:05:00,UPI,28685.35,6,IRCTC,ATM,Success
500836,102212,2026-01-08 10:04:00,Card Payment,34516.36,19,Reliance,UPI,Success
500837,102229,2026-01-13 22:03:00,ATM Withdrawal,40347.37,32,DMart,Debit Card,Success
500838,102246,2026-01-19 10:02:00,Online Transfer,46178.38,45,Netflix,Credit Card,Success
500839,102263,2026-01-24 22:01:00,Cash Withdrawal,2109.39,8,PhonePe,Net Banking,Success
500840,102280,2026-01-30 10:00:00,Deposit,7940.4,21,Google Pay,ATM,Success
500841,102297,2026-02-04 21:59:00,UPI,13771.41,34,Amazon,UPI,Success
500842,102314,2026-02-10 09:58:00,Card Payment,19602.42,47,Flipkart,Debit Card,Success
500843,102331,2026-02-15 21:57:00,ATM Withdrawal,25433.43,10,Swiggy,Credit Card,Success
500844,102348,2026-02-21 09:56:00,Online Transfer,31264.44,23,Zomato,Net Banking,Success
500845,102365,2026-02-26 21:55:00,Cash Withdrawal,37095.45,36,Myntra,ATM,Success
500846,102382,2026-03-04 09:54:00,Deposit,42926.46,49,Uber,UPI,Success
500847,102399,2026-03-09 21:53:00,UPI,48757.47,12,IRCTC,Debit Card,Success
500848,102416,2026-03-15 09:52:00,Card Payment,4688.48,25,Reliance,Credit Card,Success
500849,102433,2026-03-20 21:51:00,ATM Withdrawal,10519.49,38,DMart,Net Banking,Success
500850,102450,2026-03-26 09:50:00,Online Transfer,16350.5,1,Netflix,ATM,Success
500851,102467,2026-03-31 21:49:00,Cash Withdrawal,22181.51,14,PhonePe,UPI,Success
500852,102484,2026-04-06 09:48:00,Deposit,28012.52,27,Google Pay,Debit Card,Success
500853,102501,2026-04-11 21:47:00,UPI,33843.53,40,Amazon,Credit Card,Success
500854,102518,2026-04-17 09:46:00,Card Payment,39674.54,3,Flipkart,Net Banking,Success
500855,102535,2026-04-22 21:45:00,ATM Withdrawal,45505.55,16,Swiggy,ATM,Success
500856,102552,2026-04-28 09:44:00,Online Transfer,1436.56,29,Zomato,UPI,Success
500857,102569,2026-05-03 21:43:00,Cash Withdrawal,7267.57,42,Myntra,Debit Card,Success
500858,102586,2026-05-09 09:42:00,Deposit,13098.58,5,Uber,Credit Card,Success
500859,102603,2026-05-14 21:41:00,UPI,18929.59,18,IRCTC,Net Banking,Success
500860,102620,2026-05-20 09:40:00,Card Payment,24760.6,31,Reliance,ATM,Success
500861,102637,2026-05-25 21:39:00,ATM Withdrawal,30591.61,44,DMart,UPI,Success
500862,102654,2026-05-31 09:38:00,Online Transfer,36422.62,7,Netflix,Debit Card,Success
500863,102671,2026-06-05 21:37:00,Cash Withdrawal,42253.63,20,PhonePe,Credit Card,Success
500864,102688,2026-06-11 09:36:00,Deposit,48084.64,33,Google Pay,Net Banking,Success
500865,102705,2026-06-16 21:35:00,UPI,4015.65,46,Amazon,ATM,Success
500866,102722,2026-06-22 09:34:00,Card Payment,9846.66,9,Flipkart,UPI,Success
500867,102739,2026-06-27 21:33:00,ATM Withdrawal,15677.67,22,Swiggy,Debit Card,Success
500868,102756,2026-07-03 09:32:00,Online Transfer,21508.68,35,Zomato,Credit Card,Success
500869,102773,2026-07-08 21:31:00,Cash Withdrawal,27339.69,48,Myntra,Net Banking,Success
500870,102790,2026-07-14 09:30:00,Deposit,33170.7,11,Uber,ATM,Success
500871,102807,2026-07-19 21:29:00,UPI,39001.71,24,IRCTC,UPI,Pending
500872,102824,2026-07-25 09:28:00,Card Payment,44832.72,37,Reliance,Debit Card,Success
500873,102841,2026-07-30 21:27:00,ATM Withdrawal,763.73,50,DMart,Credit Card,Success
500874,102858,2026-08-05 09:26:00,Online Transfer,6594.74,13,Netflix,Net Banking,Success
500875,102875,2026-08-10 21:25:00,Cash Withdrawal,12425.75,26,PhonePe,ATM,Success
500876,102892,2026-08-16 09:24:00,Deposit,18256.76,39,Google Pay,UPI,Success
500877,102909,2026-08-21 21:23:00,UPI,24087.77,2,Amazon,Debit Card,Success
500878,102926,2026-08-27 09:22:00,Card Payment,29918.78,15,Flipkart,Credit Card,Success
500879,102943,2026-09-01 21:21:00,ATM Withdrawal,35749.79,28,Swiggy,Net Banking,Success
500880,102960,2026-09-07 09:20:00,Online Transfer,41580.8,41,Zomato,ATM,Success
500881,102977,2026-09-12 21:19:00,Cash Withdrawal,47411.81,4,Myntra,UPI,Success
500882,102994,2026-09-18 09:18:00,Deposit,3342.82,17,Uber,Debit Card,Success
500883,100011,2026-09-23 21:17:00,UPI,9173.83,30,IRCTC,Credit Card,Success
500884,100028,2026-09-29 09:16:00,Card Payment,15004.84,43,Reliance,Net Banking,Success
500885,100045,2026-10-04 21:15:00,ATM Withdrawal,20835.85,6,DMart,ATM,Success
500886,100062,2026-10-10 09:14:00,Online Transfer,26666.86,19,Netflix,UPI,Success
500887,100079,2026-10-15 21:13:00,Cash Withdrawal,32497.87,32,PhonePe,Debit Card,Success
500888,100096,2026-10-21 09:12:00,Deposit,38328.88,45,Google Pay,Credit Card,Success
500889,100113,2026-10-26 21:11:00,UPI,899859.0,8,Amazon,Net Banking,Success
500890,100130,2026-11-01 09:10:00,Card Payment,222910.0,21,Flipkart,ATM,Success
500891,100147,2026-11-06 21:09:00,ATM Withdrawal,5921.91,34,Swiggy,UPI,Success
500892,100164,2026-11-12 09:08:00,Online Transfer,11752.92,47,Zomato,Debit Card,Success
500893,100181,2026-11-17 21:07:00,Cash Withdrawal,17583.93,10,Myntra,Credit Card,Success
500894,100198,2026-11-23 09:06:00,Deposit,23414.94,23,Uber,Net Banking,Success
500895,100215,2026-11-28 21:05:00,UPI,29245.95,36,IRCTC,ATM,Success
500896,100232,2026-12-04 09:04:00,Card Payment,35076.96,49,Reliance,UPI,Success
500897,100249,2026-12-09 21:03:00,ATM Withdrawal,40907.97,12,DMart,Debit Card,Success
500898,100266,2026-12-15 09:02:00,Online Transfer,46738.98,25,Netflix,Credit Card,Success
500899,100283,2026-12-20 21:01:00,Cash Withdrawal,2669.99,38,PhonePe,Net Banking,Success
500900,100300,2026-12-26 09:00:00,Deposit,8500.0,1,Google Pay,ATM,Success
500901,100317,2026-12-31 20:59:00,UPI,14331.01,14,Amazon,UPI,Success
500902,100334,2027-01-06 08:58:00,Card Payment,20162.02,27,Flipkart,Debit Card,Success
500903,100351,2027-01-11 20:57:00,ATM Withdrawal,25993.03,40,Swiggy,Credit Card,Success
500904,100368,2027-01-17 08:56:00,Online Transfer,31824.04,3,Zomato,Net Banking,Failed
500905,100385,2027-01-22 20:55:00,Cash Withdrawal,37655.05,16,Myntra,ATM,Success
500906,100402,2027-01-28 08:54:00,Deposit,43486.06,29,Uber,UPI,Success
500907,100419,2027-02-02 20:53:00,UPI,49317.07,42,IRCTC,Debit Card,Success
500908,100436,2027-02-08 08:52:00,Card Payment,5248.08,5,Reliance,Credit Card,Success
500909,100453,2027-02-13 20:51:00,ATM Withdrawal,11079.09,18,DMart,Net Banking,Success
500910,100470,2027-02-19 08:50:00,Online Transfer,16910.1,31,Netflix,ATM,Success
500911,100487,2027-02-24 20:49:00,Cash Withdrawal,22741.11,44,PhonePe,UPI,Success
500912,100504,2027-03-02 08:48:00,Deposit,28572.12,7,Google Pay,Debit Card,Success
500913,100521,2027-03-07 20:47:00,UPI,34403.13,20,Amazon,Credit Card,Success
500914,100538,2027-03-13 08:46:00,Card Payment,40234.14,33,Flipkart,Net Banking,Success
500915,100555,2027-03-18 20:45:00,ATM Withdrawal,46065.15,46,Swiggy,ATM,Success
500916,100572,2027-03-24 08:44:00,Online Transfer,1996.16,9,Zomato,UPI,Success
500917,100589,2027-03-29 20:43:00,Cash Withdrawal,7827.17,22,Myntra,Debit Card,Success
500918,100606,2027-04-04 08:42:00,Deposit,13658.18,35,Uber,Credit Card,Success
500919,100623,2027-04-09 20:41:00,UPI,19489.19,48,IRCTC,Net Banking,Success
500920,100640,2027-04-15 08:40:00,Card Payment,25320.2,11,Reliance,ATM,Success
500921,100657,2027-04-20 20:39:00,ATM Withdrawal,31151.21,24,DMart,UPI,Success
500922,100674,2027-04-26 08:38:00,Online Transfer,36982.22,37,Netflix,Debit Card,Success
500923,100691,2027-05-01 20:37:00,Cash Withdrawal,42813.23,50,PhonePe,Credit Card,Success
500924,100708,2027-05-07 08:36:00,Deposit,48644.24,13,Google Pay,Net Banking,Success
500925,100725,2027-05-12 20:35:00,UPI,4575.25,26,Amazon,ATM,Success
500926,100742,2027-05-18 08:34:00,Card Payment,10406.26,39,Flipkart,UPI,Success
500927,100759,2027-05-23 20:33:00,ATM Withdrawal,16237.27,2,Swiggy,Debit Card,Success
500928,100776,2027-05-29 08:32:00,Online Transfer,22068.28,15,Zomato,Credit Card,Success
500929,100793,2027-06-03 20:31:00,Cash Withdrawal,27899.29,28,Myntra,Net Banking,Success
500930,100810,2027-06-09 08:30:00,Deposit,33730.3,41,Uber,ATM,Success
500931,100827,2027-06-14 20:29:00,UPI,39561.31,4,IRCTC,UPI,Success
500932,100844,2027-06-20 08:28:00,Card Payment,45392.32,17,Reliance,Debit Card,Success
500933,100861,2027-06-25 20:27:00,ATM Withdrawal,1323.33,30,DMart,Credit Card,Success
500934,100878,2027-07-01 08:26:00,Online Transfer,7154.34,43,Netflix,Net Banking,Success
500935,100895,2027-07-06 20:25:00,Cash Withdrawal,12985.35,6,PhonePe,ATM,Success
500936,100912,2027-07-12 08:24:00,Deposit,18816.36,19,Google Pay,UPI,Success
500937,100929,2027-07-17 20:23:00,UPI,24647.37,32,Amazon,Debit Card,Success
500938,100946,2027-07-23 08:22:00,Card Payment,30478.38,45,Flipkart,Credit Card,Pending
500939,100963,2027-07-28 20:21:00,ATM Withdrawal,36309.39,8,Swiggy,Net Banking,Success
500940,100980,2027-08-03 08:20:00,Online Transfer,42140.4,21,Zomato,ATM,Success
500941,100997,2027-08-08 20:19:00,Cash Withdrawal,47971.41,34,Myntra,UPI,Success
500942,101014,2027-08-14 08:18:00,Deposit,3902.42,47,Uber,Debit Card,Success
500943,101031,2027-08-19 20:17:00,UPI,9733.43,10,IRCTC,Credit Card,Success
500944,101048,2027-08-25 08:16:00,Card Payment,15564.44,23,Reliance,Net Banking,Success
500945,101065,2027-08-30 20:15:00,ATM Withdrawal,21395.45,36,DMart,ATM,Success
500946,101082,2027-09-05 08:14:00,Online Transfer,27226.46,49,Netflix,UPI,Success
500947,101099,2027-09-10 20:13:00,Cash Withdrawal,33057.47,12,PhonePe,Debit Card,Success
500948,101116,2027-09-16 08:12:00,Deposit,38888.48,25,Google Pay,Credit Card,Success
500949,101133,2027-09-21 20:11:00,UPI,44719.49,38,Amazon,Net Banking,Success
500950,101150,2027-09-27 08:10:00,Card Payment,650.5,1,Flipkart,ATM,Success
500951,101167,2027-10-02 20:09:00,ATM Withdrawal,6481.51,14,Swiggy,UPI,Success
500952,101184,2027-10-08 08:08:00,Online Transfer,12312.52,27,Zomato,Debit Card,Success
500953,101201,2027-10-13 20:07:00,Cash Withdrawal,18143.53,40,Myntra,Credit Card,Success
500954,101218,2027-10-19 08:06:00,Deposit,23974.54,3,Uber,Net Banking,Success
500955,101235,2027-10-24 20:05:00,UPI,29805.55,16,IRCTC,ATM,Success
500956,101252,2027-10-30 08:04:00,Card Payment,35636.56,29,Reliance,UPI,Success
500957,101269,2027-11-04 20:03:00,ATM Withdrawal,41467.57,42,DMart,Debit Card,Success
500958,101286,2027-11-10 08:02:00,Online Transfer,47298.58,5,Netflix,Credit Card,Success
500959,101303,2027-11-15 20:01:00,Cash Withdrawal,3229.59,18,PhonePe,Net Banking,Success
500960,101320,2027-11-21 08:00:00,Deposit,9060.6,31,Google Pay,ATM,Success
500961,101337,2027-11-26 19:59:00,UPI,14891.61,44,Amazon,UPI,Success
500962,101354,2027-12-02 07:58:00,Card Payment,20722.62,7,Flipkart,Debit Card,Success
500963,101371,2027-12-07 19:57:00,ATM Withdrawal,26553.63,20,Swiggy,Credit Card,Success
500964,101388,2027-12-13 07:56:00,Online Transfer,32384.64,33,Zomato,Net Banking,Success
500965,101405,2027-12-18 19:55:00,Cash Withdrawal,38215.65,46,Myntra,ATM,Success
500966,101422,2027-12-24 07:54:00,Deposit,44046.66,9,Uber,UPI,Success
500967,101439,2027-12-29 19:53:00,UPI,49877.67,22,IRCTC,Debit Card,Success
500968,101456,2028-01-04 07:52:00,Card Payment,5808.68,35,Reliance,Credit Card,Success
500969,101473,2028-01-09 19:51:00,ATM Withdrawal,11639.69,48,DMart,Net Banking,Success
500970,101490,2028-01-15 07:50:00,Online Transfer,17470.7,11,Netflix,ATM,Success
500971,101507,2028-01-20 19:49:00,Cash Withdrawal,23301.71,24,PhonePe,UPI,Success
500972,101524,2028-01-26 07:48:00,Deposit,29132.72,37,Google Pay,Debit Card,Success
500973,101541,2028-01-31 19:47:00,UPI,34963.73,50,Amazon,Credit Card,Success
500974,101558,2028-02-06 07:46:00,Card Payment,40794.74,13,Flipkart,Net Banking,Success
500975,101575,2028-02-11 19:45:00,ATM Withdrawal,46625.75,26,Swiggy,ATM,Success
500976,101592,2028-02-17 07:44:00,Online Transfer,2556.76,39,Zomato,UPI,Success
500977,101609,2028-02-22 19:43:00,Cash Withdrawal,8387.77,2,Myntra,Debit Card,Success
500978,101626,2028-02-28 07:42:00,Deposit,14218.78,15,Uber,Credit Card,Success
500979,101643,2028-03-04 19:41:00,UPI,260201.0,28,IRCTC,Net Banking,Success
500980,101660,2028-03-10 07:40:00,Card Payment,25880.8,41,Reliance,ATM,Success
500981,101677,2028-03-15 19:39:00,ATM Withdrawal,31711.81,4,DMart,UPI,Success
500982,101694,2028-03-21 07:38:00,Online Transfer,37542.82,17,Netflix,Debit Card,Success
500983,101711,2028-03-26 19:37:00,Cash Withdrawal,43373.83,30,PhonePe,Credit Card,Success
500984,101728,2028-04-01 07:36:00,Deposit,49204.84,43,Google Pay,Net Banking,Success
500985,101745,2028-04-06 19:35:00,UPI,5135.85,6,Amazon,ATM,Success
500986,101762,2028-04-12 07:34:00,Card Payment,10966.86,19,Flipkart,UPI,Success
500987,101779,2028-04-17 19:33:00,ATM Withdrawal,16797.87,32,Swiggy,Debit Card,Success
500988,101796,2028-04-23 07:32:00,Online Transfer,22628.88,45,Zomato,Credit Card,Success
500989,101813,2028-04-28 19:31:00,Cash Withdrawal,28459.89,8,Myntra,Net Banking,Success
500990,101830,2028-05-04 07:30:00,Deposit,34290.9,21,Uber,ATM,Success
500991,101847,2028-05-09 19:29:00,UPI,40121.91,34,IRCTC,UPI,Success
500992,101864,2028-05-15 07:28:00,Card Payment,45952.92,47,Reliance,Debit Card,Success
500993,101881,2028-05-20 19:27:00,ATM Withdrawal,1883.93,10,DMart,Credit Card,Success
500994,101898,2028-05-26 07:26:00,Online Transfer,7714.94,23,Netflix,Net Banking,Success
500995,101915,2028-05-31 19:25:00,Cash Withdrawal,13545.95,36,PhonePe,ATM,Success
500996,101932,2028-06-06 07:24:00,Deposit,19376.96,49,Google Pay,UPI,Success
500997,101949,2028-06-11 19:23:00,UPI,25207.97,12,Amazon,Debit Card,Success
500998,101966,2028-06-17 07:22:00,Card Payment,31038.98,25,Flipkart,Credit Card,Success
500999,101983,2028-06-22 19:21:00,ATM Withdrawal,36869.99,38,Swiggy,Net Banking,Success
501000,102000,2028-06-28 07:20:00,Online Transfer,42700.0,1,Zomato,ATM,Success
501001,102017,2028-07-03 19:19:00,Cash Withdrawal,48531.01,14,Myntra,UPI,Success
501002,102034,2028-07-09 07:18:00,Deposit,4462.02,27,Uber,Debit Card,Success
501003,102051,2028-07-14 19:17:00,UPI,10293.03,40,IRCTC,Credit Card,Success
501004,102068,2028-07-20 07:16:00,Card Payment,16124.04,3,Reliance,Net Banking,Success
501005,102085,2028-07-25 19:15:00,ATM Withdrawal,21955.05,16,DMart,ATM,Pending
501006,102102,2028-07-31 07:14:00,Online Transfer,27786.06,29,Netflix,UPI,Success
501007,102119,2028-08-05 19:13:00,Cash Withdrawal,33617.07,42,PhonePe,Debit Card,Success
501008,102136,2028-08-11 07:12:00,Deposit,39448.08,5,Google Pay,Credit Card,Success
501009,102153,2028-08-16 19:11:00,UPI,45279.09,18,Amazon,Net Banking,Success
501010,102170,2028-08-22 07:10:00,Card Payment,1210.1,31,Flipkart,ATM,Success
501011,102187,2028-08-27 19:09:00,ATM Withdrawal,7041.11,44,Swiggy,UPI,Success
501012,102204,2028-09-02 07:08:00,Online Transfer,12872.12,7,Zomato,Debit Card,Success
501013,102221,2028-09-07 19:07:00,Cash Withdrawal,18703.13,20,Myntra,Credit Card,Success
501014,102238,2028-09-13 07:06:00,Deposit,24534.14,33,Uber,Net Banking,Success
501015,102255,2028-09-18 19:05:00,UPI,30365.15,46,IRCTC,ATM,Success
501016,102272,2028-09-24 07:04:00,Card Payment,992696.0,9,Reliance,UPI,Success
501017,102289,2028-09-29 19:03:00,ATM Withdrawal,42027.17,22,DMart,Debit Card,Failed
501018,102306,2028-10-05 07:02:00,Online Transfer,47858.18,35,Netflix,Credit Card,Success
501019,102323,2028-10-10 19:01:00,Cash Withdrawal,3789.19,48,PhonePe,Net Banking,Success
501020,102340,2028-10-16 07:00:00,Deposit,9620.2,11,Google Pay,ATM,Success
501021,102357,2028-10-21 18:59:00,UPI,15451.21,24,Amazon,UPI,Success
501022,102374,2028-10-27 06:58:00,Card Payment,21282.22,37,Flipkart,Debit Card,Success
501023,102391,2028-11-01 18:57:00,ATM Withdrawal,27113.23,50,Swiggy,Credit Card,Success
501024,102408,2028-11-07 06:56:00,Online Transfer,32944.24,13,Zomato,Net Banking,Success
501025,102425,2028-11-12 18:55:00,Cash Withdrawal,38775.25,26,Myntra,ATM,Success
501026,102442,2028-11-18 06:54:00,Deposit,44606.26,39,Uber,UPI,Success
501027,102459,2028-11-23 18:53:00,UPI,537.27,2,IRCTC,Debit Card,Success
501028,102476,2028-11-29 06:52:00,Card Payment,6368.28,15,Reliance,Credit Card,Success
501029,102493,2028-12-04 18:51:00,ATM Withdrawal,12199.29,28,DMart,Net Banking,Success
501030,102510,2028-12-10 06:50:00,Online Transfer,18030.3,41,Netflix,ATM,Success
501031,102527,2028-12-15 18:49:00,Cash Withdrawal,23861.31,4,PhonePe,UPI,Success
501032,102544,2028-12-21 06:48:00,Deposit,29692.32,17,Google Pay,Debit Card,Success
501033,102561,2028-12-26 18:47:00,UPI,35523.33,30,Amazon,Credit Card,Success
501034,102578,2029-01-01 06:46:00,Card Payment,41354.34,43,Flipkart,Net Banking,Success
501035,102595,2029-01-06 18:45:00,ATM Withdrawal,47185.35,6,Swiggy,ATM,Success
501036,102612,2029-01-12 06:44:00,Online Transfer,3116.36,19,Zomato,UPI,Success
501037,102629,2029-01-17 18:43:00,Cash Withdrawal,8947.37,32,Myntra,Debit Card,Success
501038,102646,2029-01-23 06:42:00,Deposit,14778.38,45,Uber,Credit Card,Success
501039,102663,2029-01-28 18:41:00,UPI,20609.39,8,IRCTC,Net Banking,Success
501040,102680,2029-02-03 06:40:00,Card Payment,26440.4,21,Reliance,ATM,Success
501041,102697,2029-02-08 18:39:00,ATM Withdrawal,32271.41,34,DMart,UPI,Success
501042,102714,2029-02-14 06:38:00,Online Transfer,38102.42,47,Netflix,Debit Card,Success
501043,102731,2029-02-19 18:37:00,Cash Withdrawal,43933.43,10,PhonePe,Credit Card,Success
501044,102748,2029-02-25 06:36:00,Deposit,49764.44,23,Google Pay,Net Banking,Success
501045,102765,2029-03-02 18:35:00,UPI,5695.45,36,Amazon,ATM,Success
501046,102782,2029-03-08 06:34:00,Card Payment,11526.46,49,Flipkart,UPI,Success
501047,102799,2029-03-13 18:33:00,ATM Withdrawal,17357.47,12,Swiggy,Debit Card,Success
501048,102816,2029-03-19 06:32:00,Online Transfer,23188.48,25,Zomato,Credit Card,Success
501049,102833,2029-03-24 18:31:00,Cash Withdrawal,29019.49,38,Myntra,Net Banking,Success
501050,102850,2029-03-30 06:30:00,Deposit,34850.5,1,Uber,ATM,Success
501051,102867,2029-04-04 18:29:00,UPI,40681.51,14,IRCTC,UPI,Success
501052,102884,2029-04-10 06:28:00,Card Payment,46512.52,27,Reliance,Debit Card,Success
501053,102901,2029-04-15 18:27:00,ATM Withdrawal,2443.53,40,DMart,Credit Card,Success
501054,102918,2029-04-21 06:26:00,Online Transfer,8274.54,3,Netflix,Net Banking,Success
501055,102935,2029-04-26 18:25:00,Cash Withdrawal,14105.55,16,PhonePe,ATM,Success
501056,102952,2029-05-02 06:24:00,Deposit,19936.56,29,Google Pay,UPI,Success
501057,102969,2029-05-07 18:23:00,UPI,25767.57,42,Amazon,Debit Card,Success
501058,102986,2029-05-13 06:22:00,Card Payment,31598.58,5,Flipkart,Credit Card,Success
501059,100003,2029-05-18 18:21:00,ATM Withdrawal,37429.59,18,Swiggy,Net Banking,Success
501060,100020,2029-05-24 06:20:00,Online Transfer,43260.6,31,Zomato,ATM,Success
501061,100037,2029-05-29 18:19:00,Cash Withdrawal,49091.61,44,Myntra,UPI,Success
501062,100054,2029-06-04 06:18:00,Deposit,5022.62,7,Uber,Debit Card,Success
501063,100071,2029-06-09 18:17:00,UPI,10853.63,20,IRCTC,Credit Card,Success
501064,100088,2029-06-15 06:16:00,Card Payment,16684.64,33,Reliance,Net Banking,Success
501065,100105,2029-06-20 18:15:00,ATM Withdrawal,22515.65,46,DMart,ATM,Success
501066,100122,2029-06-26 06:14:00,Online Transfer,28346.66,9,Netflix,UPI,Success
501067,100139,2029-07-01 18:13:00,Cash Withdrawal,34177.67,22,PhonePe,Debit Card,Success
501068,100156,2029-07-07 06:12:00,Deposit,297492.0,35,Google Pay,Credit Card,Success
501069,100173,2029-07-12 18:11:00,UPI,45839.69,48,Amazon,Net Banking,Success
501070,100190,2029-07-18 06:10:00,Card Payment,1770.7,11,Flipkart,ATM,Success
501071,100207,2029-07-23 18:09:00,ATM Withdrawal,7601.71,24,Swiggy,UPI,Success
501072,100224,2029-07-29 06:08:00,Online Transfer,13432.72,37,Zomato,Debit Card,Pending
501073,100241,2029-08-03 18:07:00,Cash Withdrawal,19263.73,50,Myntra,Credit Card,Success
501074,100258,2029-08-09 06:06:00,Deposit,25094.74,13,Uber,Net Banking,Success
501075,100275,2029-08-14 18:05:00,UPI,30925.75,26,IRCTC,ATM,Success
501076,100292,2029-08-20 06:04:00,Card Payment,36756.76,39,Reliance,UPI,Success
501077,100309,2029-08-25 18:03:00,ATM Withdrawal,42587.77,2,DMart,Debit Card,Success
501078,100326,2029-08-31 06:02:00,Online Transfer,48418.78,15,Netflix,Credit Card,Success
501079,100343,2029-09-05 18:01:00,Cash Withdrawal,4349.79,28,PhonePe,Net Banking,Success
501080,100360,2029-09-11 06:00:00,Deposit,10180.8,41,Google Pay,ATM,Success
501081,100377,2029-09-16 17:59:00,UPI,16011.81,4,Amazon,UPI,Success
501082,100394,2029-09-22 05:58:00,Card Payment,21842.82,17,Flipkart,Debit Card,Success
501083,100411,2029-09-27 17:57:00,ATM Withdrawal,27673.83,30,Swiggy,Credit Card,Success
501084,100428,2029-10-03 05:56:00,Online Transfer,33504.84,43,Zomato,Net Banking,Success
501085,100445,2029-10-08 17:55:00,Cash Withdrawal,39335.85,6,Myntra,ATM,Success
501086,100462,2029-10-14 05:54:00,Deposit,45166.86,19,Uber,UPI,Success
501087,100479,2029-10-19 17:53:00,UPI,1097.87,32,IRCTC,Debit Card,Success
501088,100496,2029-10-25 05:52:00,Card Payment,6928.88,45,Reliance,Credit Card,Success
501089,100513,2029-10-30 17:51:00,ATM Withdrawal,12759.89,8,DMart,Net Banking,Success
501090,100530,2029-11-05 05:50:00,Online Transfer,18590.9,21,Netflix,ATM,Success
501091,100547,2029-11-10 17:49:00,Cash Withdrawal,24421.91,34,PhonePe,UPI,Success
501092,100564,2029-11-16 05:48:00,Deposit,30252.92,47,Google Pay,Debit Card,Success
501093,100581,2029-11-21 17:47:00,UPI,36083.93,10,Amazon,Credit Card,Success
501094,100598,2029-11-27 05:46:00,Card Payment,41914.94,23,Flipkart,Net Banking,Success
501095,100615,2029-12-02 17:45:00,ATM Withdrawal,47745.95,36,Swiggy,ATM,Success
501096,100632,2029-12-08 05:44:00,Online Transfer,3676.96,49,Zomato,UPI,Success
501097,100649,2029-12-13 17:43:00,Cash Withdrawal,9507.97,12,Myntra,Debit Card,Success
501098,100666,2029-12-19 05:42:00,Deposit,15338.98,25,Uber,Credit Card,Success
501099,100683,2029-12-24 17:41:00,UPI,21169.99,38,IRCTC,Net Banking,Success
501100,100700,2029-12-30 05:40:00,Card Payment,27000.0,1,Reliance,ATM,Success
501101,100717,2030-01-04 17:39:00,ATM Withdrawal,32831.01,14,DMart,UPI,Success
501102,100734,2030-01-10 05:38:00,Online Transfer,38662.02,27,Netflix,Debit Card,Success
501103,100751,2030-01-15 17:37:00,Cash Withdrawal,44493.03,40,PhonePe,Credit Card,Success
501104,100768,2030-01-21 05:36:00,Deposit,424.04,3,Google Pay,Net Banking,Success
501105,100785,2030-01-26 17:35:00,UPI,6255.05,16,Amazon,ATM,Success
501106,100802,2030-02-01 05:34:00,Card Payment,12086.06,29,Flipkart,UPI,Success
501107,100819,2030-02-06 17:33:00,ATM Withdrawal,17917.07,42,Swiggy,Debit Card,Success
501108,100836,2030-02-12 05:32:00,Online Transfer,23748.08,5,Zomato,Credit Card,Success
501109,100853,2030-02-17 17:31:00,Cash Withdrawal,29579.09,18,Myntra,Net Banking,Success
501110,100870,2030-02-23 05:30:00,Deposit,35410.1,31,Uber,ATM,Success
501111,100887,2030-02-28 17:29:00,UPI,41241.11,44,IRCTC,UPI,Success
501112,100904,2030-03-06 05:28:00,Card Payment,47072.12,7,Reliance,Debit Card,Success
501113,100921,2026-01-01 17:27:00,ATM Withdrawal,3003.13,20,DMart,Credit Card,Success
501114,100938,2026-01-07 05:26:00,Online Transfer,8834.14,33,Netflix,Net Banking,Success
501115,100955,2026-01-12 17:25:00,Cash Withdrawal,14665.15,46,PhonePe,ATM,Success
501116,100972,2026-01-18 05:24:00,Deposit,20496.16,9,Google Pay,UPI,Success
501117,100989,2026-01-23 17:23:00,UPI,26327.17,22,Amazon,Debit Card,Success
501118,101006,2026-01-29 05:22:00,Card Payment,32158.18,35,Flipkart,Credit Card,Success
501119,101023,2026-02-03 17:21:00,ATM Withdrawal,37989.19,48,Swiggy,Net Banking,Success
501120,101040,2026-02-09 05:20:00,Online Transfer,43820.2,11,Zomato,ATM,Success
501121,101057,2026-02-14 17:19:00,Cash Withdrawal,49651.21,24,Myntra,UPI,Success
501122,101074,2026-02-20 05:18:00,Deposit,5582.22,37,Uber,Debit Card,Success
501123,101091,2026-02-25 17:17:00,UPI,11413.23,50,IRCTC,Credit Card,Success
501124,101108,2026-03-03 05:16:00,Card Payment,17244.24,13,Reliance,Net Banking,Success
501125,101125,2026-03-08 17:15:00,ATM Withdrawal,23075.25,26,DMart,ATM,Success
501126,101142,2026-03-14 05:14:00,Online Transfer,28906.26,39,Netflix,UPI,Success
501127,101159,2026-03-19 17:13:00,Cash Withdrawal,34737.27,2,PhonePe,Debit Card,Success
501128,101176,2026-03-25 05:12:00,Deposit,40568.28,15,Google Pay,Credit Card,Success
501129,101193,2026-03-30 17:11:00,UPI,46399.29,28,Amazon,Net Banking,Success
501130,101210,2026-04-05 05:10:00,Card Payment,2330.3,41,Flipkart,ATM,Failed
501131,101227,2026-04-10 17:09:00,ATM Withdrawal,8161.31,4,Swiggy,UPI,Success
501132,101244,2026-04-16 05:08:00,Online Transfer,13992.32,17,Zomato,Debit Card,Success
501133,101261,2026-04-21 17:07:00,Cash Withdrawal,19823.33,30,Myntra,Credit Card,Success
501134,101278,2026-04-27 05:06:00,Deposit,25654.34,43,Uber,Net Banking,Success
501135,101295,2026-05-02 17:05:00,UPI,31485.35,6,IRCTC,ATM,Success
501136,101312,2026-05-08 05:04:00,Card Payment,37316.36,19,Reliance,UPI,Success
501137,101329,2026-05-13 17:03:00,ATM Withdrawal,43147.37,32,DMart,Debit Card,Success
501138,101346,2026-05-19 05:02:00,Online Transfer,48978.38,45,Netflix,Credit Card,Success
501139,101363,2026-05-24 17:01:00,Cash Withdrawal,4909.39,8,PhonePe,Net Banking,Pending
501140,101380,2026-05-30 05:00:00,Deposit,10740.4,21,Google Pay,ATM,Success
501141,101397,2026-06-04 16:59:00,UPI,16571.41,34,Amazon,UPI,Success
501142,101414,2026-06-10 04:58:00,Card Payment,22402.42,47,Flipkart,Debit Card,Success
501143,101431,2026-06-15 16:57:00,ATM Withdrawal,335533.0,10,Swiggy,Credit Card,Success
501144,101448,2026-06-21 04:56:00,Online Transfer,34064.44,23,Zomato,Net Banking,Success
501145,101465,2026-06-26 16:55:00,Cash Withdrawal,39895.45,36,Myntra,ATM,Success
501146,101482,2026-07-02 04:54:00,Deposit,45726.46,49,Uber,UPI,Success
501147,101499,2026-07-07 16:53:00,UPI,1657.47,12,IRCTC,Debit Card,Success
501148,101516,2026-07-13 04:52:00,Card Payment,7488.48,25,Reliance,Credit Card,Success
501149,101533,2026-07-18 16:51:00,ATM Withdrawal,13319.49,38,DMart,Net Banking,Success
501150,101550,2026-07-24 04:50:00,Online Transfer,19150.5,1,Netflix,ATM,Success
501151,101567,2026-07-29 16:49:00,Cash Withdrawal,24981.51,14,PhonePe,UPI,Success
501152,101584,2026-08-04 04:48:00,Deposit,30812.52,27,Google Pay,Debit Card,Success
501153,101601,2026-08-09 16:47:00,UPI,36643.53,40,Amazon,Credit Card,Success
501154,101618,2026-08-15 04:46:00,Card Payment,42474.54,3,Flipkart,Net Banking,Success
501155,101635,2026-08-20 16:45:00,ATM Withdrawal,48305.55,16,Swiggy,ATM,Success
501156,101652,2026-08-26 04:44:00,Online Transfer,4236.56,29,Zomato,UPI,Success
501157,101669,2026-08-31 16:43:00,Cash Withdrawal,334783.0,42,Myntra,Debit Card,Success
501158,101686,2026-09-06 04:42:00,Deposit,15898.58,5,Uber,Credit Card,Success
501159,101703,2026-09-11 16:41:00,UPI,21729.59,18,IRCTC,Net Banking,Success
501160,101720,2026-09-17 04:40:00,Card Payment,27560.6,31,Reliance,ATM,Success
501161,101737,2026-09-22 16:39:00,ATM Withdrawal,33391.61,44,DMart,UPI,Success
501162,101754,2026-09-28 04:38:00,Online Transfer,39222.62,7,Netflix,Debit Card,Success
501163,101771,2026-10-03 16:37:00,Cash Withdrawal,45053.63,20,PhonePe,Credit Card,Success
501164,101788,2026-10-09 04:36:00,Deposit,984.64,33,Google Pay,Net Banking,Success
501165,101805,2026-10-14 16:35:00,UPI,6815.65,46,Amazon,ATM,Success
501166,101822,2026-10-20 04:34:00,Card Payment,12646.66,9,Flipkart,UPI,Success
501167,101839,2026-10-25 16:33:00,ATM Withdrawal,18477.67,22,Swiggy,Debit Card,Success
501168,101856,2026-10-31 04:32:00,Online Transfer,24308.68,35,Zomato,Credit Card,Success
501169,101873,2026-11-05 16:31:00,Cash Withdrawal,30139.69,48,Myntra,Net Banking,Success
501170,101890,2026-11-11 04:30:00,Deposit,35970.7,11,Uber,ATM,Success
501171,101907,2026-11-16 16:29:00,UPI,41801.71,24,IRCTC,UPI,Success
501172,101924,2026-11-22 04:28:00,Card Payment,47632.72,37,Reliance,Debit Card,Success
501173,101941,2026-11-27 16:27:00,ATM Withdrawal,3563.73,50,DMart,Credit Card,Success
501174,101958,2026-12-03 04:26:00,Online Transfer,9394.74,13,Netflix,Net Banking,Success
501175,101975,2026-12-08 16:25:00,Cash Withdrawal,15225.75,26,PhonePe,ATM,Success
501176,101992,2026-12-14 04:24:00,Deposit,21056.76,39,Google Pay,UPI,Success
501177,102009,2026-12-19 16:23:00,UPI,26887.77,2,Amazon,Debit Card,Success
501178,102026,2026-12-25 04:22:00,Card Payment,32718.78,15,Flipkart,Credit Card,Success
501179,102043,2026-12-30 16:21:00,ATM Withdrawal,38549.79,28,Swiggy,Net Banking,Success
501180,102060,2027-01-05 04:20:00,Online Transfer,44380.8,41,Zomato,ATM,Success
501181,102077,2027-01-10 16:19:00,Cash Withdrawal,311.81,4,Myntra,UPI,Success
501182,102094,2027-01-16 04:18:00,Deposit,6142.82,17,Uber,Debit Card,Success
501183,102111,2027-01-21 16:17:00,UPI,11973.83,30,IRCTC,Credit Card,Success
501184,102128,2027-01-27 04:16:00,Card Payment,17804.84,43,Reliance,Net Banking,Success
501185,102145,2027-02-01 16:15:00,ATM Withdrawal,23635.85,6,DMart,ATM,Success
501186,102162,2027-02-07 04:14:00,Online Transfer,29466.86,19,Netflix,UPI,Success
501187,102179,2027-02-12 16:13:00,Cash Withdrawal,35297.87,32,PhonePe,Debit Card,Success
501188,102196,2027-02-18 04:12:00,Deposit,41128.88,45,Google Pay,Credit Card,Success
501189,102213,2027-02-23 16:11:00,UPI,46959.89,8,Amazon,Net Banking,Success
501190,102230,2027-03-01 04:10:00,Card Payment,2890.9,21,Flipkart,ATM,Success
501191,102247,2027-03-06 16:09:00,ATM Withdrawal,8721.91,34,Swiggy,UPI,Success
501192,102264,2027-03-12 04:08:00,Online Transfer,14552.92,47,Zomato,Debit Card,Success
501193,102281,2027-03-17 16:07:00,Cash Withdrawal,20383.93,10,Myntra,Credit Card,Success
501194,102298,2027-03-23 04:06:00,Deposit,26214.94,23,Uber,Net Banking,Success
501195,102315,2027-03-28 16:05:00,UPI,32045.95,36,IRCTC,ATM,Success
501196,102332,2027-04-03 04:04:00,Card Payment,37876.96,49,Reliance,UPI,Success
501197,102349,2027-04-08 16:03:00,ATM Withdrawal,43707.97,12,DMart,Debit Card,Success
501198,102366,2027-04-14 04:02:00,Online Transfer,49538.98,25,Netflix,Credit Card,Success
501199,102383,2027-04-19 16:01:00,Cash Withdrawal,5469.99,38,PhonePe,Net Banking,Success
501200,102400,2027-04-25 04:00:00,Deposit,11300.0,1,Google Pay,ATM,Success
501201,102417,2027-04-30 15:59:00,UPI,17131.01,14,Amazon,UPI,Success
501202,102434,2027-05-06 03:58:00,Card Payment,22962.02,27,Flipkart,Debit Card,Success
501203,102451,2027-05-11 15:57:00,ATM Withdrawal,28793.03,40,Swiggy,Credit Card,Success
501204,102468,2027-05-17 03:56:00,Online Transfer,34624.04,3,Zomato,Net Banking,Success
501205,102485,2027-05-22 15:55:00,Cash Withdrawal,40455.05,16,Myntra,ATM,Success
501206,102502,2027-05-28 03:54:00,Deposit,46286.06,29,Uber,UPI,Pending
501207,102519,2027-06-02 15:53:00,UPI,2217.07,42,IRCTC,Debit Card,Success
501208,102536,2027-06-08 03:52:00,Card Payment,8048.08,5,Reliance,Credit Card,Success
501209,102553,2027-06-13 15:51:00,ATM Withdrawal,13879.09,18,DMart,Net Banking,Success
501210,102570,2027-06-19 03:50:00,Online Transfer,19710.1,31,Netflix,ATM,Success
501211,102587,2027-06-24 15:49:00,Cash Withdrawal,25541.11,44,PhonePe,UPI,Success
501212,102604,2027-06-30 03:48:00,Deposit,31372.12,7,Google Pay,Debit Card,Success
501213,102621,2027-07-05 15:47:00,UPI,37203.13,20,Amazon,Credit Card,Success
501214,102638,2027-07-11 03:46:00,Card Payment,43034.14,33,Flipkart,Net Banking,Success
501215,102655,2027-07-16 15:45:00,ATM Withdrawal,48865.15,46,Swiggy,ATM,Success
501216,102672,2027-07-22 03:44:00,Online Transfer,4796.16,9,Zomato,UPI,Success
501217,102689,2027-07-27 15:43:00,Cash Withdrawal,10627.17,22,Myntra,Debit Card,Success
501218,102706,2027-08-02 03:42:00,Deposit,16458.18,35,Uber,Credit Card,Success
501219,102723,2027-08-07 15:41:00,UPI,22289.19,48,IRCTC,Net Banking,Success
501220,102740,2027-08-13 03:40:00,Card Payment,28120.2,11,Reliance,ATM,Success
501221,102757,2027-08-18 15:39:00,ATM Withdrawal,33951.21,24,DMart,UPI,Success
501222,102774,2027-08-24 03:38:00,Online Transfer,39782.22,37,Netflix,Debit Card,Success
501223,102791,2027-08-29 15:37:00,Cash Withdrawal,45613.23,50,PhonePe,Credit Card,Success
501224,102808,2027-09-04 03:36:00,Deposit,1544.24,13,Google Pay,Net Banking,Success
501225,102825,2027-09-09 15:35:00,UPI,7375.25,26,Amazon,ATM,Success
501226,102842,2027-09-15 03:34:00,Card Payment,13206.26,39,Flipkart,UPI,Success
501227,102859,2027-09-20 15:33:00,ATM Withdrawal,19037.27,2,Swiggy,Debit Card,Success
501228,102876,2027-09-26 03:32:00,Online Transfer,24868.28,15,Zomato,Credit Card,Success
501229,102893,2027-10-01 15:31:00,Cash Withdrawal,30699.29,28,Myntra,Net Banking,Success
501230,102910,2027-10-07 03:30:00,Deposit,36530.3,41,Uber,ATM,Success
501231,102927,2027-10-12 15:29:00,UPI,42361.31,4,IRCTC,UPI,Success
501232,102944,2027-10-18 03:28:00,Card Payment,48192.32,17,Reliance,Debit Card,Success
501233,102961,2027-10-23 15:27:00,ATM Withdrawal,4123.33,30,DMart,Credit Card,Success
501234,102978,2027-10-29 03:26:00,Online Transfer,9954.34,43,Netflix,Net Banking,Success
501235,102995,2027-11-03 15:25:00,Cash Withdrawal,15785.35,6,PhonePe,ATM,Success
501236,100012,2027-11-09 03:24:00,Deposit,21616.36,19,Google Pay,UPI,Success
501237,100029,2027-11-14 15:23:00,UPI,27447.37,32,Amazon,Debit Card,Success
501238,100046,2027-11-20 03:22:00,Card Payment,33278.38,45,Flipkart,Credit Card,Success
501239,100063,2027-11-25 15:21:00,ATM Withdrawal,39109.39,8,Swiggy,Net Banking,Success
501240,100080,2027-12-01 03:20:00,Online Transfer,44940.4,21,Zomato,ATM,Success
501241,100097,2027-12-06 15:19:00,Cash Withdrawal,871.41,34,Myntra,UPI,Success
501242,100114,2027-12-12 03:18:00,Deposit,6702.42,47,Uber,Debit Card,Success
501243,100131,2027-12-17 15:17:00,UPI,12533.43,10,IRCTC,Credit Card,Failed
501244,100148,2027-12-23 03:16:00,Card Payment,18364.44,23,Reliance,Net Banking,Success
501245,100165,2027-12-28 15:15:00,ATM Withdrawal,24195.45,36,DMart,ATM,Success
501246,100182,2028-01-03 03:14:00,Online Transfer,372074.0,49,Netflix,UPI,Success
501247,100199,2028-01-08 15:13:00,Cash Withdrawal,35857.47,12,PhonePe,Debit Card,Success
501248,100216,2028-01-14 03:12:00,Deposit,41688.48,25,Google Pay,Credit Card,Success
501249,100233,2028-01-19 15:11:00,UPI,47519.49,38,Amazon,Net Banking,Success
501250,100250,2028-01-25 03:10:00,Card Payment,3450.5,1,Flipkart,ATM,Success
501251,100267,2028-01-30 15:09:00,ATM Withdrawal,9281.51,14,Swiggy,UPI,Success
501252,100284,2028-02-05 03:08:00,Online Transfer,15112.52,27,Zomato,Debit Card,Success
501253,100301,2028-02-10 15:07:00,Cash Withdrawal,20943.53,40,Myntra,Credit Card,Success
501254,100318,2028-02-16 03:06:00,Deposit,26774.54,3,Uber,Net Banking,Success
501255,100335,2028-02-21 15:05:00,UPI,32605.55,16,IRCTC,ATM,Success
501256,100352,2028-02-27 03:04:00,Card Payment,38436.56,29,Reliance,UPI,Success
501257,100369,2028-03-03 15:03:00,ATM Withdrawal,44267.57,42,DMart,Debit Card,Success
501258,100386,2028-03-09 03:02:00,Online Transfer,198.58,5,Netflix,Credit Card,Success
501259,100403,2028-03-14 15:01:00,Cash Withdrawal,6029.59,18,PhonePe,Net Banking,Success
501260,100420,2028-03-20 03:00:00,Deposit,11860.6,31,Google Pay,ATM,Success
501261,100437,2028-03-25 14:59:00,UPI,17691.61,44,Amazon,UPI,Success
501262,100454,2028-03-31 02:58:00,Card Payment,23522.62,7,Flipkart,Debit Card,Success
501263,100471,2028-04-05 14:57:00,ATM Withdrawal,29353.63,20,Swiggy,Credit Card,Success
501264,100488,2028-04-11 02:56:00,Online Transfer,35184.64,33,Zomato,Net Banking,Success
501265,100505,2028-04-16 14:55:00,Cash Withdrawal,41015.65,46,Myntra,ATM,Success
501266,100522,2028-04-22 02:54:00,Deposit,46846.66,9,Uber,UPI,Success
501267,100539,2028-04-27 14:53:00,UPI,2777.67,22,IRCTC,Debit Card,Success
501268,100556,2028-05-03 02:52:00,Card Payment,8608.68,35,Reliance,Credit Card,Success
501269,100573,2028-05-08 14:51:00,ATM Withdrawal,14439.69,48,DMart,Net Banking,Success
501270,100590,2028-05-14 02:50:00,Online Transfer,428370.0,11,Netflix,ATM,Success
501271,100607,2028-05-19 14:49:00,Cash Withdrawal,26101.71,24,PhonePe,UPI,Success
501272,100624,2028-05-25 02:48:00,Deposit,31932.72,37,Google Pay,Debit Card,Success
501273,100641,2028-05-30 14:47:00,UPI,37763.73,50,Amazon,Credit Card,Pending
501274,100658,2028-06-05 02:46:00,Card Payment,43594.74,13,Flipkart,Net Banking,Success
501275,100675,2028-06-10 14:45:00,ATM Withdrawal,49425.75,26,Swiggy,ATM,Success
501276,100692,2028-06-16 02:44:00,Online Transfer,5356.76,39,Zomato,UPI,Success
501277,100709,2028-06-21 14:43:00,Cash Withdrawal,11187.77,2,Myntra,Debit Card,Success
501278,100726,2028-06-27 02:42:00,Deposit,17018.78,15,Uber,Credit Card,Success
501279,100743,2028-07-02 14:41:00,UPI,22849.79,28,IRCTC,Net Banking,Success
501280,100760,2028-07-08 02:40:00,Card Payment,28680.8,41,Reliance,ATM,Success
501281,100777,2028-07-13 14:39:00,ATM Withdrawal,34511.81,4,DMart,UPI,Success
501282,100794,2028-07-19 02:38:00,Online Transfer,40342.82,17,Netflix,Debit Card,Success
501283,100811,2028-07-24 14:37:00,Cash Withdrawal,46173.83,30,PhonePe,Credit Card,Success
501284,100828,2028-07-30 02:36:00,Deposit,2104.84,43,Google Pay,Net Banking,Success
501285,100845,2028-08-04 14:35:00,UPI,7935.85,6,Amazon,ATM,Success
501286,100862,2028-08-10 02:34:00,Card Payment,13766.86,19,Flipkart,UPI,Success
501287,100879,2028-08-15 14:33:00,ATM Withdrawal,19597.87,32,Swiggy,Debit Card,Success
501288,100896,2028-08-21 02:32:00,Online Transfer,25428.88,45,Zomato,Credit Card,Success
501289,100913,2028-08-26 14:31:00,Cash Withdrawal,31259.89,8,Myntra,Net Banking,Success
501290,100930,2028-09-01 02:30:00,Deposit,37090.9,21,Uber,ATM,Success
501291,100947,2028-09-06 14:29:00,UPI,42921.91,34,IRCTC,UPI,Success
501292,100964,2028-09-12 02:28:00,Card Payment,48752.92,47,Reliance,Debit Card,Success
501293,100981,2028-09-17 14:27:00,ATM Withdrawal,4683.93,10,DMart,Credit Card,Success
501294,100998,2028-09-23 02:26:00,Online Transfer,10514.94,23,Netflix,Net Banking,Success
501295,101015,2028-09-28 14:25:00,Cash Withdrawal,16345.95,36,PhonePe,ATM,Success
501296,101032,2028-10-04 02:24:00,Deposit,22176.96,49,Google Pay,UPI,Success
501297,101049,2028-10-09 14:23:00,UPI,28007.97,12,Amazon,Debit Card,Success
501298,101066,2028-10-15 02:22:00,Card Payment,33838.98,25,Flipkart,Credit Card,Success
501299,101083,2028-10-20 14:21:00,ATM Withdrawal,39669.99,38,Swiggy,Net Banking,Success
501300,101100,2028-10-26 02:20:00,Online Transfer,45500.0,1,Zomato,ATM,Success
501301,101117,2028-10-31 14:19:00,Cash Withdrawal,1431.01,14,Myntra,UPI,Success
501302,101134,2028-11-06 02:18:00,Deposit,7262.02,27,Uber,Debit Card,Success
501303,101151,2028-11-11 14:17:00,UPI,13093.03,40,IRCTC,Credit Card,Success
501304,101168,2028-11-17 02:16:00,Card Payment,18924.04,3,Reliance,Net Banking,Success
501305,101185,2028-11-22 14:15:00,ATM Withdrawal,24755.05,16,DMart,ATM,Success
501306,101202,2028-11-28 02:14:00,Online Transfer,30586.06,29,Netflix,UPI,Success
501307,101219,2028-12-03 14:13:00,Cash Withdrawal,36417.07,42,PhonePe,Debit Card,Success
501308,101236,2028-12-09 02:12:00,Deposit,42248.08,5,Google Pay,Credit Card,Success
501309,101253,2028-12-14 14:11:00,UPI,48079.09,18,Amazon,Net Banking,Success
501310,101270,2028-12-20 02:10:00,Card Payment,4010.1,31,Flipkart,ATM,Success
501311,101287,2028-12-25 14:09:00,ATM Withdrawal,9841.11,44,Swiggy,UPI,Success
501312,101304,2028-12-31 02:08:00,Online Transfer,15672.12,7,Zomato,Debit Card,Success
501313,101321,2029-01-05 14:07:00,Cash Withdrawal,21503.13,20,Myntra,Credit Card,Success
501314,101338,2029-01-11 02:06:00,Deposit,27334.14,33,Uber,Net Banking,Success
501315,101355,2029-01-16 14:05:00,UPI,33165.15,46,IRCTC,ATM,Success
501316,101372,2029-01-22 02:04:00,Card Payment,38996.16,9,Reliance,UPI,Success
501317,101389,2029-01-27 14:03:00,ATM Withdrawal,44827.17,22,DMart,Debit Card,Success
501318,101406,2029-02-02 02:02:00,Online Transfer,758.18,35,Netflix,Credit Card,Success
501319,101423,2029-02-07 14:01:00,Cash Withdrawal,6589.19,48,PhonePe,Net Banking,Success
501320,101440,2029-02-13 02:00:00,Deposit,12420.2,11,Google Pay,ATM,Success
501321,101457,2029-02-18 13:59:00,UPI,18251.21,24,Amazon,UPI,Success
501322,101474,2029-02-24 01:58:00,Card Payment,24082.22,37,Flipkart,Debit Card,Success
501323,101491,2029-03-01 13:57:00,ATM Withdrawal,29913.23,50,Swiggy,Credit Card,Success
501324,101508,2029-03-07 01:56:00,Online Transfer,35744.24,13,Zomato,Net Banking,Success
501325,101525,2029-03-12 13:55:00,Cash Withdrawal,41575.25,26,Myntra,ATM,Success
501326,101542,2029-03-18 01:54:00,Deposit,47406.26,39,Uber,UPI,Success
501327,101559,2029-03-23 13:53:00,UPI,3337.27,2,IRCTC,Debit Card,Success
501328,101576,2029-03-29 01:52:00,Card Payment,9168.28,15,Reliance,Credit Card,Success
501329,101593,2029-04-03 13:51:00,ATM Withdrawal,14999.29,28,DMart,Net Banking,Success
501330,101610,2029-04-09 01:50:00,Online Transfer,20830.3,41,Netflix,ATM,Success
501331,101627,2029-04-14 13:49:00,Cash Withdrawal,26661.31,4,PhonePe,UPI,Success
501332,101644,2029-04-20 01:48:00,Deposit,32492.32,17,Google Pay,Debit Card,Success
501333,101661,2029-04-25 13:47:00,UPI,38323.33,30,Amazon,Credit Card,Success
501334,101678,2029-05-01 01:46:00,Card Payment,44154.34,43,Flipkart,Net Banking,Success
501335,101695,2029-05-06 13:45:00,ATM Withdrawal,409365.0,6,Swiggy,ATM,Success
501336,101712,2029-05-12 01:44:00,Online Transfer,5916.36,19,Zomato,UPI,Success
501337,101729,2029-05-17 13:43:00,Cash Withdrawal,11747.37,32,Myntra,Debit Card,Success
501338,101746,2029-05-23 01:42:00,Deposit,17578.38,45,Uber,Credit Card,Success
501339,101763,2029-05-28 13:41:00,UPI,23409.39,8,IRCTC,Net Banking,Success
501340,101780,2029-06-03 01:40:00,Card Payment,29240.4,21,Reliance,ATM,Pending
501341,101797,2029-06-08 13:39:00,ATM Withdrawal,35071.41,34,DMart,UPI,Success
501342,101814,2029-06-14 01:38:00,Online Transfer,40902.42,47,Netflix,Debit Card,Success
501343,101831,2029-06-19 13:37:00,Cash Withdrawal,46733.43,10,PhonePe,Credit Card,Success
501344,101848,2029-06-25 01:36:00,Deposit,2664.44,23,Google Pay,Net Banking,Success
501345,101865,2029-06-30 13:35:00,UPI,8495.45,36,Amazon,ATM,Success
501346,101882,2029-07-06 01:34:00,Card Payment,14326.46,49,Flipkart,UPI,Success
501347,101899,2029-07-11 13:33:00,ATM Withdrawal,20157.47,12,Swiggy,Debit Card,Success
501348,101916,2029-07-17 01:32:00,Online Transfer,25988.48,25,Zomato,Credit Card,Success
501349,101933,2029-07-22 13:31:00,Cash Withdrawal,31819.49,38,Myntra,Net Banking,Success
501350,101950,2029-07-28 01:30:00,Deposit,37650.5,1,Uber,ATM,Success
501351,101967,2029-08-02 13:29:00,UPI,43481.51,14,IRCTC,UPI,Success
501352,101984,2029-08-08 01:28:00,Card Payment,49312.52,27,Reliance,Debit Card,Success
501353,102001,2029-08-13 13:27:00,ATM Withdrawal,5243.53,40,DMart,Credit Card,Success
501354,102018,2029-08-19 01:26:00,Online Transfer,11074.54,3,Netflix,Net Banking,Success
501355,102035,2029-08-24 13:25:00,Cash Withdrawal,16905.55,16,PhonePe,ATM,Success
501356,102052,2029-08-30 01:24:00,Deposit,22736.56,29,Google Pay,UPI,Failed
501357,102069,2029-09-04 13:23:00,UPI,28567.57,42,Amazon,Debit Card,Success
501358,102086,2029-09-10 01:22:00,Card Payment,34398.58,5,Flipkart,Credit Card,Success
501359,102103,2029-09-15 13:21:00,ATM Withdrawal,40229.59,18,Swiggy,Net Banking,Success
501360,102120,2029-09-21 01:20:00,Online Transfer,46060.6,31,Zomato,ATM,Success
501361,102137,2029-09-26 13:19:00,Cash Withdrawal,1991.61,44,Myntra,UPI,Success
501362,102154,2029-10-02 01:18:00,Deposit,7822.62,7,Uber,Debit Card,Success
501363,102171,2029-10-07 13:17:00,UPI,13653.63,20,IRCTC,Credit Card,Success
501364,102188,2029-10-13 01:16:00,Card Payment,19484.64,33,Reliance,Net Banking,Success
501365,102205,2029-10-18 13:15:00,ATM Withdrawal,25315.65,46,DMart,ATM,Success
501366,102222,2029-10-24 01:14:00,Online Transfer,31146.66,9,Netflix,UPI,Success
501367,102239,2029-10-29 13:13:00,Cash Withdrawal,36977.67,22,PhonePe,Debit Card,Success
501368,102256,2029-11-04 01:12:00,Deposit,42808.68,35,Google Pay,Credit Card,Success
501369,102273,2029-11-09 13:11:00,UPI,48639.69,48,Amazon,Net Banking,Success
501370,102290,2029-11-15 01:10:00,Card Payment,4570.7,11,Flipkart,ATM,Success
501371,102307,2029-11-20 13:09:00,ATM Withdrawal,10401.71,24,Swiggy,UPI,Success
501372,102324,2029-11-26 01:08:00,Online Transfer,16232.72,37,Zomato,Debit Card,Success
501373,102341,2029-12-01 13:07:00,Cash Withdrawal,22063.73,50,Myntra,Credit Card,Success
501374,102358,2029-12-07 01:06:00,Deposit,27894.74,13,Uber,Net Banking,Success
501375,102375,2029-12-12 13:05:00,UPI,33725.75,26,IRCTC,ATM,Success
501376,102392,2029-12-18 01:04:00,Card Payment,39556.76,39,Reliance,UPI,Success
501377,102409,2029-12-23 13:03:00,ATM Withdrawal,45387.77,2,DMart,Debit Card,Success
501378,102426,2029-12-29 01:02:00,Online Transfer,1318.78,15,Netflix,Credit Card,Success
501379,102443,2030-01-03 13:01:00,Cash Withdrawal,7149.79,28,PhonePe,Net Banking,Success
501380,102460,2030-01-09 01:00:00,Deposit,12980.8,41,Google Pay,ATM,Success
501381,102477,2030-01-14 12:59:00,UPI,18811.81,4,Amazon,UPI,Success
501382,102494,2030-01-20 00:58:00,Card Payment,24642.82,17,Flipkart,Debit Card,Success
501383,102511,2030-01-25 12:57:00,ATM Withdrawal,30473.83,30,Swiggy,Credit Card,Success
501384,102528,2030-01-31 00:56:00,Online Transfer,36304.84,43,Zomato,Net Banking,Success
501385,102545,2030-02-05 12:55:00,Cash Withdrawal,42135.85,6,Myntra,ATM,Success
501386,102562,2030-02-11 00:54:00,Deposit,47966.86,19,Uber,UPI,Success
501387,102579,2030-02-16 12:53:00,UPI,3897.87,32,IRCTC,Debit Card,Success
501388,102596,2030-02-22 00:52:00,Card Payment,9728.88,45,Reliance,Credit Card,Success
501389,102613,2030-02-27 12:51:00,ATM Withdrawal,15559.89,8,DMart,Net Banking,Success
501390,102630,2030-03-05 00:50:00,Online Transfer,21390.9,21,Netflix,ATM,Success
501391,102647,2030-03-10 12:49:00,Cash Withdrawal,27221.91,34,PhonePe,UPI,Success
501392,102664,2026-01-06 00:48:00,Deposit,33052.92,47,Google Pay,Debit Card,Success
501393,102681,2026-01-11 12:47:00,UPI,38883.93,10,Amazon,Credit Card,Success
501394,102698,2026-01-17 00:46:00,Card Payment,44714.94,23,Flipkart,Net Banking,Success
501395,102715,2026-01-22 12:45:00,ATM Withdrawal,645.95,36,Swiggy,ATM,Success
501396,102732,2026-01-28 00:44:00,Online Transfer,6476.96,49,Zomato,UPI,Success
501397,102749,2026-02-02 12:43:00,Cash Withdrawal,521207.0,12,Myntra,Debit Card,Success
501398,102766,2026-02-08 00:42:00,Deposit,18138.98,25,Uber,Credit Card,Success
501399,102783,2026-02-13 12:41:00,UPI,23969.99,38,IRCTC,Net Banking,Success
501400,102800,2026-02-19 00:40:00,Card Payment,29800.0,1,Reliance,ATM,Success
501401,102817,2026-02-24 12:39:00,ATM Withdrawal,35631.01,14,DMart,UPI,Success
501402,102834,2026-03-02 00:38:00,Online Transfer,41462.02,27,Netflix,Debit Card,Success
501403,102851,2026-03-07 12:37:00,Cash Withdrawal,47293.03,40,PhonePe,Credit Card,Success
501404,102868,2026-03-13 00:36:00,Deposit,3224.04,3,Google Pay,Net Banking,Success
501405,102885,2026-03-18 12:35:00,UPI,9055.05,16,Amazon,ATM,Success
501406,102902,2026-03-24 00:34:00,Card Payment,14886.06,29,Flipkart,UPI,Success
501407,102919,2026-03-29 12:33:00,ATM Withdrawal,20717.07,42,Swiggy,Debit Card,Pending
501408,102936,2026-04-04 00:32:00,Online Transfer,26548.08,5,Zomato,Credit Card,Success
501409,102953,2026-04-09 12:31:00,Cash Withdrawal,32379.09,18,Myntra,Net Banking,Success
501410,102970,2026-04-15 00:30:00,Deposit,38210.1,31,Uber,ATM,Success
501411,102987,2026-04-20 12:29:00,UPI,44041.11,44,IRCTC,UPI,Success
501412,100004,2026-04-26 00:28:00,Card Payment,49872.12,7,Reliance,Debit Card,Success
501413,100021,2026-05-01 12:27:00,ATM Withdrawal,5803.13,20,DMart,Credit Card,Success
501414,100038,2026-05-07 00:26:00,Online Transfer,11634.14,33,Netflix,Net Banking,Success
501415,100055,2026-05-12 12:25:00,Cash Withdrawal,17465.15,46,PhonePe,ATM,Success
501416,100072,2026-05-18 00:24:00,Deposit,23296.16,9,Google Pay,UPI,Success
501417,100089,2026-05-23 12:23:00,UPI,29127.17,22,Amazon,Debit Card,Success
501418,100106,2026-05-29 00:22:00,Card Payment,34958.18,35,Flipkart,Credit Card,Success
501419,100123,2026-06-03 12:21:00,ATM Withdrawal,40789.19,48,Swiggy,Net Banking,Success
501420,100140,2026-06-09 00:20:00,Online Transfer,46620.2,11,Zomato,ATM,Success
501421,100157,2026-06-14 12:19:00,Cash Withdrawal,2551.21,24,Myntra,UPI,Success
501422,100174,2026-06-20 00:18:00,Deposit,8382.22,37,Uber,Debit Card,Success
501423,100191,2026-06-25 12:17:00,UPI,14213.23,50,IRCTC,Credit Card,Success
501424,100208,2026-07-01 00:16:00,Card Payment,446656.0,13,Reliance,Net Banking,Success
501425,100225,2026-07-06 12:15:00,ATM Withdrawal,25875.25,26,DMart,ATM,Success
501426,100242,2026-07-12 00:14:00,Online Transfer,31706.26,39,Netflix,UPI,Success
501427,100259,2026-07-17 12:13:00,Cash Withdrawal,37537.27,2,PhonePe,Debit Card,Success
501428,100276,2026-07-23 00:12:00,Deposit,43368.28,15,Google Pay,Credit Card,Success
501429,100293,2026-07-28 12:11:00,UPI,49199.29,28,Amazon,Net Banking,Success
501430,100310,2026-08-03 00:10:00,Card Payment,5130.3,41,Flipkart,ATM,Success
501431,100327,2026-08-08 12:09:00,ATM Withdrawal,10961.31,4,Swiggy,UPI,Success
501432,100344,2026-08-14 00:08:00,Online Transfer,16792.32,17,Zomato,Debit Card,Success
501433,100361,2026-08-19 12:07:00,Cash Withdrawal,22623.33,30,Myntra,Credit Card,Success
501434,100378,2026-08-25 00:06:00,Deposit,28454.34,43,Uber,Net Banking,Success
501435,100395,2026-08-30 12:05:00,UPI,34285.35,6,IRCTC,ATM,Success
501436,100412,2026-09-05 00:04:00,Card Payment,40116.36,19,Reliance,UPI,Success
501437,100429,2026-09-10 12:03:00,ATM Withdrawal,45947.37,32,DMart,Debit Card,Success
501438,100446,2026-09-16 00:02:00,Online Transfer,1878.38,45,Netflix,Credit Card,Success
501439,100463,2026-09-21 12:01:00,Cash Withdrawal,7709.39,8,PhonePe,Net Banking,Success
501440,100480,2026-09-27 00:00:00,Deposit,13540.4,21,Google Pay,ATM,Success
501441,100497,2026-10-02 11:59:00,UPI,19371.41,34,Amazon,UPI,Success
501442,100514,2026-10-07 23:58:00,Card Payment,25202.42,47,Flipkart,Debit Card,Success
501443,100531,2026-10-13 11:57:00,ATM Withdrawal,31033.43,10,Swiggy,Credit Card,Success
501444,100548,2026-10-18 23:56:00,Online Transfer,36864.44,23,Zomato,Net Banking,Success
501445,100565,2026-10-24 11:55:00,Cash Withdrawal,42695.45,36,Myntra,ATM,Success
501446,100582,2026-10-29 23:54:00,Deposit,48526.46,49,Uber,UPI,Success
501447,100599,2026-11-04 11:53:00,UPI,4457.47,12,IRCTC,Debit Card,Success
501448,100616,2026-11-09 23:52:00,Card Payment,10288.48,25,Reliance,Credit Card,Success
501449,100633,2026-11-15 11:51:00,ATM Withdrawal,16119.49,38,DMart,Net Banking,Success
501450,100650,2026-11-20 23:50:00,Online Transfer,21950.5,1,Netflix,ATM,Success
501451,100667,2026-11-26 11:49:00,Cash Withdrawal,27781.51,14,PhonePe,UPI,Success
501452,100684,2026-12-01 23:48:00,Deposit,33612.52,27,Google Pay,Debit Card,Success
501453,100701,2026-12-07 11:47:00,UPI,39443.53,40,Amazon,Credit Card,Success
501454,100718,2026-12-12 23:46:00,Card Payment,45274.54,3,Flipkart,Net Banking,Success
501455,100735,2026-12-18 11:45:00,ATM Withdrawal,1205.55,16,Swiggy,ATM,Success
501456,100752,2026-12-23 23:44:00,Online Transfer,7036.56,29,Zomato,UPI,Success
501457,100769,2026-12-29 11:43:00,Cash Withdrawal,12867.57,42,Myntra,Debit Card,Success
501458,100786,2027-01-03 23:42:00,Deposit,18698.58,5,Uber,Credit Card,Success
501459,100803,2027-01-09 11:41:00,UPI,24529.59,18,IRCTC,Net Banking,Success
501460,100820,2027-01-14 23:40:00,Card Payment,30360.6,31,Reliance,ATM,Success
501461,100837,2027-01-20 11:39:00,ATM Withdrawal,36191.61,44,DMart,UPI,Success
501462,100854,2027-01-25 23:38:00,Online Transfer,42022.62,7,Netflix,Debit Card,Success
501463,100871,2027-01-31 11:37:00,Cash Withdrawal,47853.63,20,PhonePe,Credit Card,Success
501464,100888,2027-02-05 23:36:00,Deposit,3784.64,33,Google Pay,Net Banking,Success
501465,100905,2027-02-11 11:35:00,UPI,9615.65,46,Amazon,ATM,Success
501466,100922,2027-02-16 23:34:00,Card Payment,15446.66,9,Flipkart,UPI,Success
501467,100939,2027-02-22 11:33:00,ATM Withdrawal,21277.67,22,Swiggy,Debit Card,Success
501468,100956,2027-02-27 23:32:00,Online Transfer,27108.68,35,Zomato,Credit Card,Success
501469,100973,2027-03-05 11:31:00,Cash Withdrawal,32939.69,48,Myntra,Net Banking,Failed
501470,100990,2027-03-10 23:30:00,Deposit,38770.7,11,Uber,ATM,Success
501471,101007,2027-03-16 11:29:00,UPI,44601.71,24,IRCTC,UPI,Success
501472,101024,2027-03-21 23:28:00,Card Payment,532.72,37,Reliance,Debit Card,Success
501473,101041,2027-03-27 11:27:00,ATM Withdrawal,6363.73,50,DMart,Credit Card,Success
501474,101058,2027-04-01 23:26:00,Online Transfer,12194.74,13,Netflix,Net Banking,Pending
501475,101075,2027-04-07 11:25:00,Cash Withdrawal,18025.75,26,PhonePe,ATM,Success
501476,101092,2027-04-12 23:24:00,Deposit,23856.76,39,Google Pay,UPI,Success
501477,101109,2027-04-18 11:23:00,UPI,29687.77,2,Amazon,Debit Card,Success
501478,101126,2027-04-23 23:22:00,Card Payment,35518.78,15,Flipkart,Credit Card,Success
501479,101143,2027-04-29 11:21:00,ATM Withdrawal,41349.79,28,Swiggy,Net Banking,Success
501480,101160,2027-05-04 23:20:00,Online Transfer,47180.8,41,Zomato,ATM,Success
501481,101177,2027-05-10 11:19:00,Cash Withdrawal,3111.81,4,Myntra,UPI,Success
501482,101194,2027-05-15 23:18:00,Deposit,8942.82,17,Uber,Debit Card,Success
501483,101211,2027-05-21 11:17:00,UPI,14773.83,30,IRCTC,Credit Card,Success
501484,101228,2027-05-26 23:16:00,Card Payment,20604.84,43,Reliance,Net Banking,Success
501485,101245,2027-06-01 11:15:00,ATM Withdrawal,26435.85,6,DMart,ATM,Success
501486,101262,2027-06-06 23:14:00,Online Transfer,32266.86,19,Netflix,UPI,Success
501487,101279,2027-06-12 11:13:00,Cash Withdrawal,38097.87,32,PhonePe,Debit Card,Success
501488,101296,2027-06-17 23:12:00,Deposit,43928.88,45,Google Pay,Credit Card,Success
501489,101313,2027-06-23 11:11:00,UPI,49759.89,8,Amazon,Net Banking,Success
501490,101330,2027-06-28 23:10:00,Card Payment,5690.9,21,Flipkart,ATM,Success
501491,101347,2027-07-04 11:09:00,ATM Withdrawal,11521.91,34,Swiggy,UPI,Success
501492,101364,2027-07-09 23:08:00,Online Transfer,17352.92,47,Zomato,Debit Card,Success
501493,101381,2027-07-15 11:07:00,Cash Withdrawal,23183.93,10,Myntra,Credit Card,Success
501494,101398,2027-07-20 23:06:00,Deposit,29014.94,23,Uber,Net Banking,Success
501495,101415,2027-07-26 11:05:00,UPI,34845.95,36,IRCTC,ATM,Success
501496,101432,2027-07-31 23:04:00,Card Payment,40676.96,49,Reliance,UPI,Success
501497,101449,2027-08-06 11:03:00,ATM Withdrawal,46507.97,12,DMart,Debit Card,Success
501498,101466,2027-08-11 23:02:00,Online Transfer,2438.98,25,Netflix,Credit Card,Success
501499,101483,2027-08-17 11:01:00,Cash Withdrawal,8269.99,38,PhonePe,Net Banking,Success
501500,101500,2027-08-22 23:00:00,Deposit,14100.0,1,Google Pay,ATM,Success
501501,101517,2027-08-28 10:59:00,UPI,19931.01,14,Amazon,UPI,Success
501502,101534,2027-09-02 22:58:00,Card Payment,25762.02,27,Flipkart,Debit Card,Success
501503,101551,2027-09-08 10:57:00,ATM Withdrawal,31593.03,40,Swiggy,Credit Card,Success
501504,101568,2027-09-13 22:56:00,Online Transfer,37424.04,3,Zomato,Net Banking,Success
501505,101585,2027-09-19 10:55:00,Cash Withdrawal,43255.05,16,Myntra,ATM,Success
501506,101602,2027-09-24 22:54:00,Deposit,49086.06,29,Uber,UPI,Success
501507,101619,2027-09-30 10:53:00,UPI,5017.07,42,IRCTC,Debit Card,Success
501508,101636,2027-10-05 22:52:00,Card Payment,10848.08,5,Reliance,Credit Card,Success
501509,101653,2027-10-11 10:51:00,ATM Withdrawal,16679.09,18,DMart,Net Banking,Success
501510,101670,2027-10-16 22:50:00,Online Transfer,22510.1,31,Netflix,ATM,Success
501511,101687,2027-10-22 10:49:00,Cash Withdrawal,28341.11,44,PhonePe,UPI,Success
501512,101704,2027-10-27 22:48:00,Deposit,34172.12,7,Google Pay,Debit Card,Success
501513,101721,2027-11-02 10:47:00,UPI,183947.0,20,Amazon,Credit Card,Success
501514,101738,2027-11-07 22:46:00,Card Payment,45834.14,33,Flipkart,Net Banking,Success
501515,101755,2027-11-13 10:45:00,ATM Withdrawal,1765.15,46,Swiggy,ATM,Success
501516,101772,2027-11-18 22:44:00,Online Transfer,7596.16,9,Zomato,UPI,Success
501517,101789,2027-11-24 10:43:00,Cash Withdrawal,13427.17,22,Myntra,Debit Card,Success
501518,101806,2027-11-29 22:42:00,Deposit,19258.18,35,Uber,Credit Card,Success
501519,101823,2027-12-05 10:41:00,UPI,25089.19,48,IRCTC,Net Banking,Success
501520,101840,2027-12-10 22:40:00,Card Payment,30920.2,11,Reliance,ATM,Success
501521,101857,2027-12-16 10:39:00,ATM Withdrawal,36751.21,24,DMart,UPI,Success
501522,101874,2027-12-21 22:38:00,Online Transfer,42582.22,37,Netflix,Debit Card,Success
501523,101891,2027-12-27 10:37:00,Cash Withdrawal,48413.23,50,PhonePe,Credit Card,Success
501524,101908,2028-01-01 22:36:00,Deposit,614044.0,13,Google Pay,Net Banking,Success
501525,101925,2028-01-07 10:35:00,UPI,10175.25,26,Amazon,ATM,Success
501526,101942,2028-01-12 22:34:00,Card Payment,16006.26,39,Flipkart,UPI,Success
501527,101959,2028-01-18 10:33:00,ATM Withdrawal,21837.27,2,Swiggy,Debit Card,Success
501528,101976,2028-01-23 22:32:00,Online Transfer,27668.28,15,Zomato,Credit Card,Success
501529,101993,2028-01-29 10:31:00,Cash Withdrawal,33499.29,28,Myntra,Net Banking,Success
501530,102010,2028-02-03 22:30:00,Deposit,39330.3,41,Uber,ATM,Success
501531,102027,2028-02-09 10:29:00,UPI,45161.31,4,IRCTC,UPI,Success
501532,102044,2028-02-14 22:28:00,Card Payment,1092.32,17,Reliance,Debit Card,Success
501533,102061,2028-02-20 10:27:00,ATM Withdrawal,6923.33,30,DMart,Credit Card,Success
501534,102078,2028-02-25 22:26:00,Online Transfer,12754.34,43,Netflix,Net Banking,Success
501535,102095,2028-03-02 10:25:00,Cash Withdrawal,18585.35,6,PhonePe,ATM,Success
501536,102112,2028-03-07 22:24:00,Deposit,24416.36,19,Google Pay,UPI,Success
501537,102129,2028-03-13 10:23:00,UPI,30247.37,32,Amazon,Debit Card,Success
501538,102146,2028-03-18 22:22:00,Card Payment,36078.38,45,Flipkart,Credit Card,Success
501539,102163,2028-03-24 10:21:00,ATM Withdrawal,41909.39,8,Swiggy,Net Banking,Success
501540,102180,2028-03-29 22:20:00,Online Transfer,47740.4,21,Zomato,ATM,Success
501541,102197,2028-04-04 10:19:00,Cash Withdrawal,3671.41,34,Myntra,UPI,Pending
501542,102214,2028-04-09 22:18:00,Deposit,9502.42,47,Uber,Debit Card,Success
501543,102231,2028-04-15 10:17:00,UPI,15333.43,10,IRCTC,Credit Card,Success
501544,102248,2028-04-20 22:16:00,Card Payment,21164.44,23,Reliance,Net Banking,Success
501545,102265,2028-04-26 10:15:00,ATM Withdrawal,26995.45,36,DMart,ATM,Success
501546,102282,2028-05-01 22:14:00,Online Transfer,32826.46,49,Netflix,UPI,Success
501547,102299,2028-05-07 10:13:00,Cash Withdrawal,38657.47,12,PhonePe,Debit Card,Success
501548,102316,2028-05-12 22:12:00,Deposit,44488.48,25,Google Pay,Credit Card,Success
501549,102333,2028-05-18 10:11:00,UPI,419.49,38,Amazon,Net Banking,Success
501550,102350,2028-05-23 22:10:00,Card Payment,6250.5,1,Flipkart,ATM,Success
501551,102367,2028-05-29 10:09:00,ATM Withdrawal,12081.51,14,Swiggy,UPI,Success
501552,102384,2028-06-03 22:08:00,Online Transfer,17912.52,27,Zomato,Debit Card,Success
501553,102401,2028-06-09 10:07:00,Cash Withdrawal,23743.53,40,Myntra,Credit Card,Success
501554,102418,2028-06-14 22:06:00,Deposit,29574.54,3,Uber,Net Banking,Success
501555,102435,2028-06-20 10:05:00,UPI,35405.55,16,IRCTC,ATM,Success
501556,102452,2028-06-25 22:04:00,Card Payment,41236.56,29,Reliance,UPI,Success
501557,102469,2028-07-01 10:03:00,ATM Withdrawal,47067.57,42,DMart,Debit Card,Success
501558,102486,2028-07-06 22:02:00,Online Transfer,2998.58,5,Netflix,Credit Card,Success
501559,102503,2028-07-12 10:01:00,Cash Withdrawal,8829.59,18,PhonePe,Net Banking,Success
501560,102520,2028-07-17 22:00:00,Deposit,14660.6,31,Google Pay,ATM,Success
501561,102537,2028-07-23 09:59:00,UPI,20491.61,44,Amazon,UPI,Success
501562,102554,2028-07-28 21:58:00,Card Payment,26322.62,7,Flipkart,Debit Card,Success
501563,102571,2028-08-03 09:57:00,ATM Withdrawal,32153.63,20,Swiggy,Credit Card,Success
501564,102588,2028-08-08 21:56:00,Online Transfer,37984.64,33,Zomato,Net Banking,Success
501565,102605,2028-08-14 09:55:00,Cash Withdrawal,43815.65,46,Myntra,ATM,Success
501566,102622,2028-08-19 21:54:00,Deposit,49646.66,9,Uber,UPI,Success
501567,102639,2028-08-25 09:53:00,UPI,5577.67,22,IRCTC,Debit Card,Success
501568,102656,2028-08-30 21:52:00,Card Payment,11408.68,35,Reliance,Credit Card,Success
501569,102673,2028-09-05 09:51:00,ATM Withdrawal,17239.69,48,DMart,Net Banking,Success
501570,102690,2028-09-10 21:50:00,Online Transfer,23070.7,11,Netflix,ATM,Success
501571,102707,2028-09-16 09:49:00,Cash Withdrawal,28901.71,24,PhonePe,UPI,Success
501572,102724,2028-09-21 21:48:00,Deposit,34732.72,37,Google Pay,Debit Card,Success
501573,102741,2028-09-27 09:47:00,UPI,40563.73,50,Amazon,Credit Card,Success
501574,102758,2028-10-02 21:46:00,Card Payment,46394.74,13,Flipkart,Net Banking,Success
501575,102775,2028-10-08 09:45:00,ATM Withdrawal,2325.75,26,Swiggy,ATM,Success
501576,102792,2028-10-13 21:44:00,Online Transfer,8156.76,39,Zomato,UPI,Success
501577,102809,2028-10-19 09:43:00,Cash Withdrawal,13987.77,2,Myntra,Debit Card,Success
501578,102826,2028-10-24 21:42:00,Deposit,19818.78,15,Uber,Credit Card,Success
501579,102843,2028-10-30 09:41:00,UPI,25649.79,28,IRCTC,Net Banking,Success
501580,102860,2028-11-04 21:40:00,Card Payment,31480.8,41,Reliance,ATM,Success
501581,102877,2028-11-10 09:39:00,ATM Withdrawal,37311.81,4,DMart,UPI,Success
501582,102894,2028-11-15 21:38:00,Online Transfer,43142.82,17,Netflix,Debit Card,Failed
501583,102911,2028-11-21 09:37:00,Cash Withdrawal,48973.83,30,PhonePe,Credit Card,Success
501584,102928,2028-11-26 21:36:00,Deposit,4904.84,43,Google Pay,Net Banking,Success
501585,102945,2028-12-02 09:35:00,UPI,10735.85,6,Amazon,ATM,Success
501586,102962,2028-12-07 21:34:00,Card Payment,16566.86,19,Flipkart,UPI,Success
501587,102979,2028-12-13 09:33:00,ATM Withdrawal,22397.87,32,Swiggy,Debit Card,Success
501588,102996,2028-12-18 21:32:00,Online Transfer,28228.88,45,Zomato,Credit Card,Success
501589,100013,2028-12-24 09:31:00,Cash Withdrawal,34059.89,8,Myntra,Net Banking,Success
501590,100030,2028-12-29 21:30:00,Deposit,39890.9,21,Uber,ATM,Success
501591,100047,2029-01-04 09:29:00,UPI,45721.91,34,IRCTC,UPI,Success
501592,100064,2029-01-09 21:28:00,Card Payment,1652.92,47,Reliance,Debit Card,Success
501593,100081,2029-01-15 09:27:00,ATM Withdrawal,7483.93,10,DMart,Credit Card,Success
501594,100098,2029-01-20 21:26:00,Online Transfer,13314.94,23,Netflix,Net Banking,Success
501595,100115,2029-01-26 09:25:00,Cash Withdrawal,19145.95,36,PhonePe,ATM,Success
501596,100132,2029-01-31 21:24:00,Deposit,24976.96,49,Google Pay,UPI,Success
501597,100149,2029-02-06 09:23:00,UPI,30807.97,12,Amazon,Debit Card,Success
501598,100166,2029-02-11 21:22:00,Card Payment,36638.98,25,Flipkart,Credit Card,Success
501599,100183,2029-02-17 09:21:00,ATM Withdrawal,42469.99,38,Swiggy,Net Banking,Success
501600,100200,2029-02-22 21:20:00,Online Transfer,48300.0,1,Zomato,ATM,Success
501601,100217,2029-02-28 09:19:00,Cash Withdrawal,4231.01,14,Myntra,UPI,Success
501602,100234,2029-03-05 21:18:00,Deposit,221238.0,27,Uber,Debit Card,Success
501603,100251,2029-03-11 09:17:00,UPI,15893.03,40,IRCTC,Credit Card,Success
501604,100268,2029-03-16 21:16:00,Card Payment,21724.04,3,Reliance,Net Banking,Success
501605,100285,2029-03-22 09:15:00,ATM Withdrawal,27555.05,16,DMart,ATM,Success
501606,100302,2029-03-27 21:14:00,Online Transfer,33386.06,29,Netflix,UPI,Success
501607,100319,2029-04-02 09:13:00,Cash Withdrawal,39217.07,42,PhonePe,Debit Card,Success
501608,100336,2029-04-07 21:12:00,Deposit,45048.08,5,Google Pay,Credit Card,Pending
501609,100353,2029-04-13 09:11:00,UPI,979.09,18,Amazon,Net Banking,Success
501610,100370,2029-04-18 21:10:00,Card Payment,6810.1,31,Flipkart,ATM,Success
501611,100387,2029-04-24 09:09:00,ATM Withdrawal,12641.11,44,Swiggy,UPI,Success
501612,100404,2029-04-29 21:08:00,Online Transfer,18472.12,7,Zomato,Debit Card,Success
501613,100421,2029-05-05 09:07:00,Cash Withdrawal,24303.13,20,Myntra,Credit Card,Success
501614,100438,2029-05-10 21:06:00,Deposit,30134.14,33,Uber,Net Banking,Success
501615,100455,2029-05-16 09:05:00,UPI,35965.15,46,IRCTC,ATM,Success
501616,100472,2029-05-21 21:04:00,Card Payment,41796.16,9,Reliance,UPI,Success
501617,100489,2029-05-27 09:03:00,ATM Withdrawal,47627.17,22,DMart,Debit Card,Success
501618,100506,2029-06-01 21:02:00,Online Transfer,3558.18,35,Netflix,Credit Card,Success
501619,100523,2029-06-07 09:01:00,Cash Withdrawal,9389.19,48,PhonePe,Net Banking,Success
501620,100540,2029-06-12 21:00:00,Deposit,15220.2,11,Google Pay,ATM,Success
501621,100557,2029-06-18 08:59:00,UPI,21051.21,24,Amazon,UPI,Success
501622,100574,2029-06-23 20:58:00,Card Payment,26882.22,37,Flipkart,Debit Card,Success
501623,100591,2029-06-29 08:57:00,ATM Withdrawal,32713.23,50,Swiggy,Credit Card,Success
501624,100608,2029-07-04 20:56:00,Online Transfer,38544.24,13,Zomato,Net Banking,Success
501625,100625,2029-07-10 08:55:00,Cash Withdrawal,44375.25,26,Myntra,ATM,Success
501626,100642,2029-07-15 20:54:00,Deposit,306.26,39,Uber,UPI,Success
501627,100659,2029-07-21 08:53:00,UPI,6137.27,2,IRCTC,Debit Card,Success
501628,100676,2029-07-26 20:52:00,Card Payment,11968.28,15,Reliance,Credit Card,Success
501629,100693,2029-08-01 08:51:00,ATM Withdrawal,17799.29,28,DMart,Net Banking,Success
501630,100710,2029-08-06 20:50:00,Online Transfer,23630.3,41,Netflix,ATM,Success
501631,100727,2029-08-12 08:49:00,Cash Withdrawal,29461.31,4,PhonePe,UPI,Success
501632,100744,2029-08-17 20:48:00,Deposit,35292.32,17,Google Pay,Debit Card,Success
501633,100761,2029-08-23 08:47:00,UPI,41123.33,30,Amazon,Credit Card,Success
501634,100778,2029-08-28 20:46:00,Card Payment,46954.34,43,Flipkart,Net Banking,Success
501635,100795,2029-09-03 08:45:00,ATM Withdrawal,2885.35,6,Swiggy,ATM,Success
501636,100812,2029-09-08 20:44:00,Online Transfer,8716.36,19,Zomato,UPI,Success
501637,100829,2029-09-14 08:43:00,Cash Withdrawal,14547.37,32,Myntra,Debit Card,Success
501638,100846,2029-09-19 20:42:00,Deposit,20378.38,45,Uber,Credit Card,Success
501639,100863,2029-09-25 08:41:00,UPI,26209.39,8,IRCTC,Net Banking,Success
501640,100880,2029-09-30 20:40:00,Card Payment,32040.4,21,Reliance,ATM,Success
501641,100897,2029-10-06 08:39:00,ATM Withdrawal,37871.41,34,DMart,UPI,Success
501642,100914,2029-10-11 20:38:00,Online Transfer,43702.42,47,Netflix,Debit Card,Success
501643,100931,2029-10-17 08:37:00,Cash Withdrawal,49533.43,10,PhonePe,Credit Card,Success
501644,100948,2029-10-22 20:36:00,Deposit,5464.44,23,Google Pay,Net Banking,Success
501645,100965,2029-10-28 08:35:00,UPI,11295.45,36,Amazon,ATM,Success
501646,100982,2029-11-02 20:34:00,Card Payment,17126.46,49,Flipkart,UPI,Success
501647,100999,2029-11-08 08:33:00,ATM Withdrawal,22957.47,12,Swiggy,Debit Card,Success
501648,101016,2029-11-13 20:32:00,Online Transfer,28788.48,25,Zomato,Credit Card,Success
501649,101033,2029-11-19 08:31:00,Cash Withdrawal,34619.49,38,Myntra,Net Banking,Success
501650,101050,2029-11-24 20:30:00,Deposit,40450.5,1,Uber,ATM,Success
501651,101067,2029-11-30 08:29:00,UPI,706881.0,14,IRCTC,UPI,Success
501652,101084,2029-12-05 20:28:00,Card Payment,2212.52,27,Reliance,Debit Card,Success
501653,101101,2029-12-11 08:27:00,ATM Withdrawal,8043.53,40,DMart,Credit Card,Success
501654,101118,2029-12-16 20:26:00,Online Transfer,13874.54,3,Netflix,Net Banking,Success
501655,101135,2029-12-22 08:25:00,Cash Withdrawal,19705.55,16,PhonePe,ATM,Success
501656,101152,2029-12-27 20:24:00,Deposit,25536.56,29,Google Pay,UPI,Success
501657,101169,2030-01-02 08:23:00,UPI,31367.57,42,Amazon,Debit Card,Success
501658,101186,2030-01-07 20:22:00,Card Payment,37198.58,5,Flipkart,Credit Card,Success
501659,101203,2030-01-13 08:21:00,ATM Withdrawal,43029.59,18,Swiggy,Net Banking,Success
501660,101220,2030-01-18 20:20:00,Online Transfer,48860.6,31,Zomato,ATM,Success
501661,101237,2030-01-24 08:19:00,Cash Withdrawal,4791.61,44,Myntra,UPI,Success
501662,101254,2030-01-29 20:18:00,Deposit,10622.62,7,Uber,Debit Card,Success
501663,101271,2030-02-04 08:17:00,UPI,16453.63,20,IRCTC,Credit Card,Success
501664,101288,2030-02-09 20:16:00,Card Payment,22284.64,33,Reliance,Net Banking,Success
501665,101305,2030-02-15 08:15:00,ATM Withdrawal,28115.65,46,DMart,ATM,Success
501666,101322,2030-02-20 20:14:00,Online Transfer,33946.66,9,Netflix,UPI,Success
501667,101339,2030-02-26 08:13:00,Cash Withdrawal,39777.67,22,PhonePe,Debit Card,Success
501668,101356,2030-03-03 20:12:00,Deposit,45608.68,35,Google Pay,Credit Card,Success
501669,101373,2030-03-09 08:11:00,UPI,1539.69,48,Amazon,Net Banking,Success
501670,101390,2026-01-04 20:10:00,Card Payment,7370.7,11,Flipkart,ATM,Success
501671,101407,2026-01-10 08:09:00,ATM Withdrawal,13201.71,24,Swiggy,UPI,Success
501672,101424,2026-01-15 20:08:00,Online Transfer,19032.72,37,Zomato,Debit Card,Success
501673,101441,2026-01-21 08:07:00,Cash Withdrawal,24863.73,50,Myntra,Credit Card,Success
501674,101458,2026-01-26 20:06:00,Deposit,30694.74,13,Uber,Net Banking,Success
501675,101475,2026-02-01 08:05:00,UPI,36525.75,26,IRCTC,ATM,Pending
501676,101492,2026-02-06 20:04:00,Card Payment,42356.76,39,Reliance,UPI,Success
501677,101509,2026-02-12 08:03:00,ATM Withdrawal,48187.77,2,DMart,Debit Card,Success
501678,101526,2026-02-17 20:02:00,Online Transfer,4118.78,15,Netflix,Credit Card,Success
501679,101543,2026-02-23 08:01:00,Cash Withdrawal,9949.79,28,PhonePe,Net Banking,Success
501680,101560,2026-02-28 20:00:00,Deposit,15780.8,41,Google Pay,ATM,Success
501681,101577,2026-03-06 07:59:00,UPI,21611.81,4,Amazon,UPI,Success
501682,101594,2026-03-11 19:58:00,Card Payment,27442.82,17,Flipkart,Debit Card,Success
501683,101611,2026-03-17 07:57:00,ATM Withdrawal,33273.83,30,Swiggy,Credit Card,Success
501684,101628,2026-03-22 19:56:00,Online Transfer,39104.84,43,Zomato,Net Banking,Success
501685,101645,2026-03-28 07:55:00,Cash Withdrawal,44935.85,6,Myntra,ATM,Success
501686,101662,2026-04-02 19:54:00,Deposit,866.86,19,Uber,UPI,Success
501687,101679,2026-04-08 07:53:00,UPI,6697.87,32,IRCTC,Debit Card,Success
501688,101696,2026-04-13 19:52:00,Card Payment,12528.88,45,Reliance,Credit Card,Success
501689,101713,2026-04-19 07:51:00,ATM Withdrawal,18359.89,8,DMart,Net Banking,Success
501690,101730,2026-04-24 19:50:00,Online Transfer,24190.9,21,Netflix,ATM,Success
501691,101747,2026-04-30 07:49:00,Cash Withdrawal,258529.0,34,PhonePe,UPI,Success
501692,101764,2026-05-05 19:48:00,Deposit,35852.92,47,Google Pay,Debit Card,Success
501693,101781,2026-05-11 07:47:00,UPI,41683.93,10,Amazon,Credit Card,Success
501694,101798,2026-05-16 19:46:00,Card Payment,47514.94,23,Flipkart,Net Banking,Success
501695,101815,2026-05-22 07:45:00,ATM Withdrawal,3445.95,36,Swiggy,ATM,Failed
501696,101832,2026-05-27 19:44:00,Online Transfer,9276.96,49,Zomato,UPI,Success
501697,101849,2026-06-02 07:43:00,Cash Withdrawal,15107.97,12,Myntra,Debit Card,Success
501698,101866,2026-06-07 19:42:00,Deposit,20938.98,25,Uber,Credit Card,Success
501699,101883,2026-06-13 07:41:00,UPI,26769.99,38,IRCTC,Net Banking,Success
501700,101900,2026-06-18 19:40:00,Card Payment,32600.0,1,Reliance,ATM,Success
501701,101917,2026-06-24 07:39:00,ATM Withdrawal,38431.01,14,DMart,UPI,Success
501702,101934,2026-06-29 19:38:00,Online Transfer,44262.02,27,Netflix,Debit Card,Success
501703,101951,2026-07-05 07:37:00,Cash Withdrawal,193.03,40,PhonePe,Credit Card,Success
501704,101968,2026-07-10 19:36:00,Deposit,6024.04,3,Google Pay,Net Banking,Success
501705,101985,2026-07-16 07:35:00,UPI,11855.05,16,Amazon,ATM,Success
501706,102002,2026-07-21 19:34:00,Card Payment,17686.06,29,Flipkart,UPI,Success
501707,102019,2026-07-27 07:33:00,ATM Withdrawal,23517.07,42,Swiggy,Debit Card,Success
501708,102036,2026-08-01 19:32:00,Online Transfer,29348.08,5,Zomato,Credit Card,Success
501709,102053,2026-08-07 07:31:00,Cash Withdrawal,35179.09,18,Myntra,Net Banking,Success
501710,102070,2026-08-12 19:30:00,Deposit,41010.1,31,Uber,ATM,Success
501711,102087,2026-08-18 07:29:00,UPI,46841.11,44,IRCTC,UPI,Success
501712,102104,2026-08-23 19:28:00,Card Payment,2772.12,7,Reliance,Debit Card,Success
501713,102121,2026-08-29 07:27:00,ATM Withdrawal,8603.13,20,DMart,Credit Card,Success
501714,102138,2026-09-03 19:26:00,Online Transfer,14434.14,33,Netflix,Net Banking,Success
501715,102155,2026-09-09 07:25:00,Cash Withdrawal,20265.15,46,PhonePe,ATM,Success
501716,102172,2026-09-14 19:24:00,Deposit,26096.16,9,Google Pay,UPI,Success
501717,102189,2026-09-20 07:23:00,UPI,31927.17,22,Amazon,Debit Card,Success
501718,102206,2026-09-25 19:22:00,Card Payment,37758.18,35,Flipkart,Credit Card,Success
501719,102223,2026-10-01 07:21:00,ATM Withdrawal,43589.19,48,Swiggy,Net Banking,Success
501720,102240,2026-10-06 19:20:00,Online Transfer,49420.2,11,Zomato,ATM,Success
501721,102257,2026-10-12 07:19:00,Cash Withdrawal,5351.21,24,Myntra,UPI,Success
501722,102274,2026-10-17 19:18:00,Deposit,11182.22,37,Uber,Debit Card,Success
501723,102291,2026-10-23 07:17:00,UPI,17013.23,50,IRCTC,Credit Card,Success
501724,102308,2026-10-28 19:16:00,Card Payment,22844.24,13,Reliance,Net Banking,Success
501725,102325,2026-11-03 07:15:00,ATM Withdrawal,28675.25,26,DMart,ATM,Success
501726,102342,2026-11-08 19:14:00,Online Transfer,34506.26,39,Netflix,UPI,Success
501727,102359,2026-11-14 07:13:00,Cash Withdrawal,40337.27,2,PhonePe,Debit Card,Success
501728,102376,2026-11-19 19:12:00,Deposit,46168.28,15,Google Pay,Credit Card,Success
501729,102393,2026-11-25 07:11:00,UPI,2099.29,28,Amazon,Net Banking,Success
501730,102410,2026-11-30 19:10:00,Card Payment,7930.3,41,Flipkart,ATM,Success
501731,102427,2026-12-06 07:09:00,ATM Withdrawal,13761.31,4,Swiggy,UPI,Success
501732,102444,2026-12-11 19:08:00,Online Transfer,19592.32,17,Zomato,Debit Card,Success
501733,102461,2026-12-17 07:07:00,Cash Withdrawal,25423.33,30,Myntra,Credit Card,Success
501734,102478,2026-12-22 19:06:00,Deposit,31254.34,43,Uber,Net Banking,Success
501735,102495,2026-12-28 07:05:00,UPI,37085.35,6,IRCTC,ATM,Success
501736,102512,2027-01-02 19:04:00,Card Payment,42916.36,19,Reliance,UPI,Success
501737,102529,2027-01-08 07:03:00,ATM Withdrawal,48747.37,32,DMart,Debit Card,Success
501738,102546,2027-01-13 19:02:00,Online Transfer,4678.38,45,Netflix,Credit Card,Success
501739,102563,2027-01-19 07:01:00,Cash Withdrawal,10509.39,8,PhonePe,Net Banking,Success
501740,102580,2027-01-24 19:00:00,Deposit,16340.4,21,Google Pay,ATM,Success
501741,102597,2027-01-30 06:59:00,UPI,22171.41,34,Amazon,UPI,Success
501742,102614,2027-02-04 18:58:00,Card Payment,28002.42,47,Flipkart,Debit Card,Pending
501743,102631,2027-02-10 06:57:00,ATM Withdrawal,33833.43,10,Swiggy,Credit Card,Success
501744,102648,2027-02-15 18:56:00,Online Transfer,39664.44,23,Zomato,Net Banking,Success
501745,102665,2027-02-21 06:55:00,Cash Withdrawal,45495.45,36,Myntra,ATM,Success
501746,102682,2027-02-26 18:54:00,Deposit,1426.46,49,Uber,UPI,Success
501747,102699,2027-03-04 06:53:00,UPI,7257.47,12,IRCTC,Debit Card,Success
501748,102716,2027-03-09 18:52:00,Card Payment,13088.48,25,Reliance,Credit Card,Success
501749,102733,2027-03-15 06:51:00,ATM Withdrawal,18919.49,38,DMart,Net Banking,Success
501750,102750,2027-03-20 18:50:00,Online Transfer,24750.5,1,Netflix,ATM,Success
501751,102767,2027-03-26 06:49:00,Cash Withdrawal,30581.51,14,PhonePe,UPI,Success
501752,102784,2027-03-31 18:48:00,Deposit,36412.52,27,Google Pay,Debit Card,Success
501753,102801,2027-04-06 06:47:00,UPI,42243.53,40,Amazon,Credit Card,Success
501754,102818,2027-04-11 18:46:00,Card Payment,48074.54,3,Flipkart,Net Banking,Success
501755,102835,2027-04-17 06:45:00,ATM Withdrawal,4005.55,16,Swiggy,ATM,Success
501756,102852,2027-04-22 18:44:00,Online Transfer,9836.56,29,Zomato,UPI,Success
501757,102869,2027-04-28 06:43:00,Cash Withdrawal,15667.57,42,Myntra,Debit Card,Success
501758,102886,2027-05-03 18:42:00,Deposit,21498.58,5,Uber,Credit Card,Success
501759,102903,2027-05-09 06:41:00,UPI,27329.59,18,IRCTC,Net Banking,Success
501760,102920,2027-05-14 18:40:00,Card Payment,33160.6,31,Reliance,ATM,Success
501761,102937,2027-05-20 06:39:00,ATM Withdrawal,38991.61,44,DMart,UPI,Success
501762,102954,2027-05-25 18:38:00,Online Transfer,44822.62,7,Netflix,Debit Card,Success
501763,102971,2027-05-31 06:37:00,Cash Withdrawal,753.63,20,PhonePe,Credit Card,Success
501764,102988,2027-06-05 18:36:00,Deposit,6584.64,33,Google Pay,Net Banking,Success
501765,100005,2027-06-11 06:35:00,UPI,12415.65,46,Amazon,ATM,Success
501766,100022,2027-06-16 18:34:00,Card Payment,18246.66,9,Flipkart,UPI,Success
501767,100039,2027-06-22 06:33:00,ATM Withdrawal,24077.67,22,Swiggy,Debit Card,Success
501768,100056,2027-06-27 18:32:00,Online Transfer,29908.68,35,Zomato,Credit Card,Success
501769,100073,2027-07-03 06:31:00,Cash Withdrawal,35739.69,48,Myntra,Net Banking,Success
501770,100090,2027-07-08 18:30:00,Deposit,41570.7,11,Uber,ATM,Success
501771,100107,2027-07-14 06:29:00,UPI,47401.71,24,IRCTC,UPI,Success
501772,100124,2027-07-19 18:28:00,Card Payment,3332.72,37,Reliance,Debit Card,Success
501773,100141,2027-07-25 06:27:00,ATM Withdrawal,9163.73,50,DMart,Credit Card,Success
501774,100158,2027-07-30 18:26:00,Online Transfer,14994.74,13,Netflix,Net Banking,Success
501775,100175,2027-08-05 06:25:00,Cash Withdrawal,20825.75,26,PhonePe,ATM,Success
501776,100192,2027-08-10 18:24:00,Deposit,26656.76,39,Google Pay,UPI,Success
501777,100209,2027-08-16 06:23:00,UPI,32487.77,2,Amazon,Debit Card,Success
501778,100226,2027-08-21 18:22:00,Card Payment,799718.0,15,Flipkart,Credit Card,Success
501779,100243,2027-08-27 06:21:00,ATM Withdrawal,44149.79,28,Swiggy,Net Banking,Success
501780,100260,2027-09-01 18:20:00,Online Transfer,295820.0,41,Zomato,ATM,Success
501781,100277,2027-09-07 06:19:00,Cash Withdrawal,5911.81,4,Myntra,UPI,Success
501782,100294,2027-09-12 18:18:00,Deposit,11742.82,17,Uber,Debit Card,Success
501783,100311,2027-09-18 06:17:00,UPI,17573.83,30,IRCTC,Credit Card,Success
501784,100328,2027-09-23 18:16:00,Card Payment,23404.84,43,Reliance,Net Banking,Success
501785,100345,2027-09-29 06:15:00,ATM Withdrawal,29235.85,6,DMart,ATM,Success
501786,100362,2027-10-04 18:14:00,Online Transfer,35066.86,19,Netflix,UPI,Success
501787,100379,2027-10-10 06:13:00,Cash Withdrawal,40897.87,32,PhonePe,Debit Card,Success
501788,100396,2027-10-15 18:12:00,Deposit,46728.88,45,Google Pay,Credit Card,Success
501789,100413,2027-10-21 06:11:00,UPI,2659.89,8,Amazon,Net Banking,Success
501790,100430,2027-10-26 18:10:00,Card Payment,8490.9,21,Flipkart,ATM,Success
501791,100447,2027-11-01 06:09:00,ATM Withdrawal,14321.91,34,Swiggy,UPI,Success
501792,100464,2027-11-06 18:08:00,Online Transfer,20152.92,47,Zomato,Debit Card,Success
501793,100481,2027-11-12 06:07:00,Cash Withdrawal,25983.93,10,Myntra,Credit Card,Success
501794,100498,2027-11-17 18:06:00,Deposit,31814.94,23,Uber,Net Banking,Success
501795,100515,2027-11-23 06:05:00,UPI,37645.95,36,IRCTC,ATM,Success
501796,100532,2027-11-28 18:04:00,Card Payment,43476.96,49,Reliance,UPI,Success
501797,100549,2027-12-04 06:03:00,ATM Withdrawal,49307.97,12,DMart,Debit Card,Success
501798,100566,2027-12-09 18:02:00,Online Transfer,5238.98,25,Netflix,Credit Card,Success
501799,100583,2027-12-15 06:01:00,Cash Withdrawal,11069.99,38,PhonePe,Net Banking,Success
501800,100600,2027-12-20 18:00:00,Deposit,16900.0,1,Google Pay,ATM,Success
501801,100617,2027-12-26 05:59:00,UPI,22731.01,14,Amazon,UPI,Success
501802,100634,2027-12-31 17:58:00,Card Payment,28562.02,27,Flipkart,Debit Card,Success
501803,100651,2028-01-06 05:57:00,ATM Withdrawal,34393.03,40,Swiggy,Credit Card,Success
501804,100668,2028-01-11 17:56:00,Online Transfer,40224.04,3,Zomato,Net Banking,Success
501805,100685,2028-01-17 05:55:00,Cash Withdrawal,46055.05,16,Myntra,ATM,Success
501806,100702,2028-01-22 17:54:00,Deposit,1986.06,29,Uber,UPI,Success
501807,100719,2028-01-28 05:53:00,UPI,7817.07,42,IRCTC,Debit Card,Success
501808,100736,2028-02-02 17:52:00,Card Payment,13648.08,5,Reliance,Credit Card,Failed
501809,100753,2028-02-08 05:51:00,ATM Withdrawal,19479.09,18,DMart,Net Banking,Pending
501810,100770,2028-02-13 17:50:00,Online Transfer,25310.1,31,Netflix,ATM,Success
501811,100787,2028-02-19 05:49:00,Cash Withdrawal,31141.11,44,PhonePe,UPI,Success
501812,100804,2028-02-24 17:48:00,Deposit,36972.12,7,Google Pay,Debit Card,Success
501813,100821,2028-03-01 05:47:00,UPI,42803.13,20,Amazon,Credit Card,Success
501814,100838,2028-03-06 17:46:00,Card Payment,48634.14,33,Flipkart,Net Banking,Success
501815,100855,2028-03-12 05:45:00,ATM Withdrawal,4565.15,46,Swiggy,ATM,Success
501816,100872,2028-03-17 17:44:00,Online Transfer,10396.16,9,Zomato,UPI,Success
501817,100889,2028-03-23 05:43:00,Cash Withdrawal,16227.17,22,Myntra,Debit Card,Success
501818,100906,2028-03-28 17:42:00,Deposit,22058.18,35,Uber,Credit Card,Success
501819,100923,2028-04-03 05:41:00,UPI,27889.19,48,IRCTC,Net Banking,Success
501820,100940,2028-04-08 17:40:00,Card Payment,33720.2,11,Reliance,ATM,Success
501821,100957,2028-04-14 05:39:00,ATM Withdrawal,39551.21,24,DMart,UPI,Success
501822,100974,2028-04-19 17:38:00,Online Transfer,45382.22,37,Netflix,Debit Card,Success
501823,100991,2028-04-25 05:37:00,Cash Withdrawal,1313.23,50,PhonePe,Credit Card,Success
501824,101008,2028-04-30 17:36:00,Deposit,7144.24,13,Google Pay,Net Banking,Success
501825,101025,2028-05-06 05:35:00,UPI,12975.25,26,Amazon,ATM,Success
501826,101042,2028-05-11 17:34:00,Card Payment,18806.26,39,Flipkart,UPI,Success
501827,101059,2028-05-17 05:33:00,ATM Withdrawal,24637.27,2,Swiggy,Debit Card,Success
501828,101076,2028-05-22 17:32:00,Online Transfer,30468.28,15,Zomato,Credit Card,Success
501829,101093,2028-05-28 05:31:00,Cash Withdrawal,36299.29,28,Myntra,Net Banking,Success
501830,101110,2028-06-02 17:30:00,Deposit,42130.3,41,Uber,ATM,Success
501831,101127,2028-06-08 05:29:00,UPI,47961.31,4,IRCTC,UPI,Success
501832,101144,2028-06-13 17:28:00,Card Payment,3892.32,17,Reliance,Debit Card,Success
501833,101161,2028-06-19 05:27:00,ATM Withdrawal,9723.33,30,DMart,Credit Card,Success
501834,101178,2028-06-24 17:26:00,Online Transfer,15554.34,43,Netflix,Net Banking,Success
501835,101195,2028-06-30 05:25:00,Cash Withdrawal,21385.35,6,PhonePe,ATM,Success
501836,101212,2028-07-05 17:24:00,Deposit,27216.36,19,Google Pay,UPI,Success
501837,101229,2028-07-11 05:23:00,UPI,33047.37,32,Amazon,Debit Card,Success
501838,101246,2028-07-16 17:22:00,Card Payment,38878.38,45,Flipkart,Credit Card,Success
501839,101263,2028-07-22 05:21:00,ATM Withdrawal,44709.39,8,Swiggy,Net Banking,Success
501840,101280,2028-07-27 17:20:00,Online Transfer,640.4,21,Zomato,ATM,Success
501841,101297,2028-08-02 05:19:00,Cash Withdrawal,6471.41,34,Myntra,UPI,Success
501842,101314,2028-08-07 17:18:00,Deposit,12302.42,47,Uber,Debit Card,Success
501843,101331,2028-08-13 05:17:00,UPI,18133.43,10,IRCTC,Credit Card,Success
501844,101348,2028-08-18 17:16:00,Card Payment,23964.44,23,Reliance,Net Banking,Success
501845,101365,2028-08-24 05:15:00,ATM Withdrawal,29795.45,36,DMart,ATM,Success
501846,101382,2028-08-29 17:14:00,Online Transfer,35626.46,49,Netflix,UPI,Success
501847,101399,2028-09-04 05:13:00,Cash Withdrawal,41457.47,12,PhonePe,Debit Card,Success
501848,101416,2028-09-09 17:12:00,Deposit,47288.48,25,Google Pay,Credit Card,Success
501849,101433,2028-09-15 05:11:00,UPI,3219.49,38,Amazon,Net Banking,Success
501850,101450,2028-09-20 17:10:00,Card Payment,9050.5,1,Flipkart,ATM,Success
501851,101467,2028-09-26 05:09:00,ATM Withdrawal,14881.51,14,Swiggy,UPI,Success
501852,101484,2028-10-01 17:08:00,Online Transfer,20712.52,27,Zomato,Debit Card,Success
501853,101501,2028-10-07 05:07:00,Cash Withdrawal,26543.53,40,Myntra,Credit Card,Success
501854,101518,2028-10-12 17:06:00,Deposit,32374.54,3,Uber,Net Banking,Success
501855,101535,2028-10-18 05:05:00,UPI,38205.55,16,IRCTC,ATM,Success
501856,101552,2028-10-23 17:04:00,Card Payment,44036.56,29,Reliance,UPI,Success
501857,101569,2028-10-29 05:03:00,ATM Withdrawal,49867.57,42,DMart,Debit Card,Success
501858,101586,2028-11-03 17:02:00,Online Transfer,5798.58,5,Netflix,Credit Card,Success
501859,101603,2028-11-09 05:01:00,Cash Withdrawal,11629.59,18,PhonePe,Net Banking,Success
501860,101620,2028-11-14 17:00:00,Deposit,17460.6,31,Google Pay,ATM,Success
501861,101637,2028-11-20 04:59:00,UPI,23291.61,44,Amazon,UPI,Success
501862,101654,2028-11-25 16:58:00,Card Payment,29122.62,7,Flipkart,Debit Card,Success
501863,101671,2028-12-01 04:57:00,ATM Withdrawal,34953.63,20,Swiggy,Credit Card,Success
501864,101688,2028-12-06 16:56:00,Online Transfer,40784.64,33,Zomato,Net Banking,Success
501865,101705,2028-12-12 04:55:00,Cash Withdrawal,46615.65,46,Myntra,ATM,Success
501866,101722,2028-12-17 16:54:00,Deposit,2546.66,9,Uber,UPI,Success
501867,101739,2028-12-23 04:53:00,UPI,8377.67,22,IRCTC,Debit Card,Success
501868,101756,2028-12-28 16:52:00,Card Payment,14208.68,35,Reliance,Credit Card,Success
501869,101773,2029-01-03 04:51:00,ATM Withdrawal,333111.0,48,DMart,Net Banking,Success
501870,101790,2029-01-08 16:50:00,Online Transfer,25870.7,11,Netflix,ATM,Success
501871,101807,2029-01-14 04:49:00,Cash Withdrawal,31701.71,24,PhonePe,UPI,Success
501872,101824,2029-01-19 16:48:00,Deposit,37532.72,37,Google Pay,Debit Card,Success
501873,101841,2029-01-25 04:47:00,UPI,43363.73,50,Amazon,Credit Card,Success
501874,101858,2029-01-30 16:46:00,Card Payment,49194.74,13,Flipkart,Net Banking,Success
501875,101875,2029-02-05 04:45:00,ATM Withdrawal,5125.75,26,Swiggy,ATM,Success
501876,101892,2029-02-10 16:44:00,Online Transfer,10956.76,39,Zomato,UPI,Pending
501877,101909,2029-02-16 04:43:00,Cash Withdrawal,16787.77,2,Myntra,Debit Card,Success
501878,101926,2029-02-21 16:42:00,Deposit,22618.78,15,Uber,Credit Card,Success
501879,101943,2029-02-27 04:41:00,UPI,28449.79,28,IRCTC,Net Banking,Success
501880,101960,2029-03-04 16:40:00,Card Payment,34280.8,41,Reliance,ATM,Success
501881,101977,2029-03-10 04:39:00,ATM Withdrawal,40111.81,4,DMart,UPI,Success
501882,101994,2029-03-15 16:38:00,Online Transfer,45942.82,17,Netflix,Debit Card,Success
501883,102011,2029-03-21 04:37:00,Cash Withdrawal,1873.83,30,PhonePe,Credit Card,Success
501884,102028,2029-03-26 16:36:00,Deposit,7704.84,43,Google Pay,Net Banking,Success
501885,102045,2029-04-01 04:35:00,UPI,13535.85,6,Amazon,ATM,Success
501886,102062,2029-04-06 16:34:00,Card Payment,19366.86,19,Flipkart,UPI,Success
501887,102079,2029-04-12 04:33:00,ATM Withdrawal,25197.87,32,Swiggy,Debit Card,Success
501888,102096,2029-04-17 16:32:00,Online Transfer,31028.88,45,Zomato,Credit Card,Success
501889,102113,2029-04-23 04:31:00,Cash Withdrawal,36859.89,8,Myntra,Net Banking,Success
501890,102130,2029-04-28 16:30:00,Deposit,42690.9,21,Uber,ATM,Success
501891,102147,2029-05-04 04:29:00,UPI,48521.91,34,IRCTC,UPI,Success
501892,102164,2029-05-09 16:28:00,Card Payment,4452.92,47,Reliance,Debit Card,Success
501893,102181,2029-05-15 04:27:00,ATM Withdrawal,10283.93,10,DMart,Credit Card,Success
501894,102198,2029-05-20 16:26:00,Online Transfer,16114.94,23,Netflix,Net Banking,Success
501895,102215,2029-05-26 04:25:00,Cash Withdrawal,21945.95,36,PhonePe,ATM,Success
501896,102232,2029-05-31 16:24:00,Deposit,27776.96,49,Google Pay,UPI,Success
501897,102249,2029-06-06 04:23:00,UPI,33607.97,12,Amazon,Debit Card,Success
501898,102266,2029-06-11 16:22:00,Card Payment,39438.98,25,Flipkart,Credit Card,Success
501899,102283,2029-06-17 04:21:00,ATM Withdrawal,45269.99,38,Swiggy,Net Banking,Success
501900,102300,2029-06-22 16:20:00,Online Transfer,1200.0,1,Zomato,ATM,Success
501901,102317,2029-06-28 04:19:00,Cash Withdrawal,7031.01,14,Myntra,UPI,Success
501902,102334,2029-07-03 16:18:00,Deposit,12862.02,27,Uber,Debit Card,Success
501903,102351,2029-07-09 04:17:00,UPI,18693.03,40,IRCTC,Credit Card,Success
501904,102368,2029-07-14 16:16:00,Card Payment,24524.04,3,Reliance,Net Banking,Success
501905,102385,2029-07-20 04:15:00,ATM Withdrawal,892555.0,16,DMart,ATM,Success
501906,102402,2029-07-25 16:14:00,Online Transfer,36186.06,29,Netflix,UPI,Success
501907,102419,2029-07-31 04:13:00,Cash Withdrawal,42017.07,42,PhonePe,Debit Card,Success
501908,102436,2029-08-05 16:12:00,Deposit,47848.08,5,Google Pay,Credit Card,Success
501909,102453,2029-08-11 04:11:00,UPI,3779.09,18,Amazon,Net Banking,Success
501910,102470,2029-08-16 16:10:00,Card Payment,9610.1,31,Flipkart,ATM,Success
501911,102487,2029-08-22 04:09:00,ATM Withdrawal,15441.11,44,Swiggy,UPI,Success
501912,102504,2029-08-27 16:08:00,Online Transfer,21272.12,7,Zomato,Debit Card,Success
501913,102521,2029-09-02 04:07:00,Cash Withdrawal,27103.13,20,Myntra,Credit Card,Success
501914,102538,2029-09-07 16:06:00,Deposit,32934.14,33,Uber,Net Banking,Success
501915,102555,2029-09-13 04:05:00,UPI,38765.15,46,IRCTC,ATM,Success
501916,102572,2029-09-18 16:04:00,Card Payment,44596.16,9,Reliance,UPI,Success
501917,102589,2029-09-24 04:03:00,ATM Withdrawal,527.17,22,DMart,Debit Card,Success
501918,102606,2029-09-29 16:02:00,Online Transfer,6358.18,35,Netflix,Credit Card,Success
501919,102623,2029-10-05 04:01:00,Cash Withdrawal,12189.19,48,PhonePe,Net Banking,Success
501920,102640,2029-10-10 16:00:00,Deposit,18020.2,11,Google Pay,ATM,Success
501921,102657,2029-10-16 03:59:00,UPI,23851.21,24,Amazon,UPI,Failed
501922,102674,2029-10-21 15:58:00,Card Payment,29682.22,37,Flipkart,Debit Card,Success
501923,102691,2029-10-27 03:57:00,ATM Withdrawal,35513.23,50,Swiggy,Credit Card,Success
501924,102708,2029-11-01 15:56:00,Online Transfer,41344.24,13,Zomato,Net Banking,Success
501925,102725,2029-11-07 03:55:00,Cash Withdrawal,47175.25,26,Myntra,ATM,Success
501926,102742,2029-11-12 15:54:00,Deposit,3106.26,39,Uber,UPI,Success
501927,102759,2029-11-18 03:53:00,UPI,8937.27,2,IRCTC,Debit Card,Success
501928,102776,2029-11-23 15:52:00,Card Payment,14768.28,15,Reliance,Credit Card,Success
501929,102793,2029-11-29 03:51:00,ATM Withdrawal,20599.29,28,DMart,Net Banking,Success
501930,102810,2029-12-04 15:50:00,Online Transfer,26430.3,41,Netflix,ATM,Success
501931,102827,2029-12-10 03:49:00,Cash Withdrawal,32261.31,4,PhonePe,UPI,Success
501932,102844,2029-12-15 15:48:00,Deposit,38092.32,17,Google Pay,Debit Card,Success
501933,102861,2029-12-21 03:47:00,UPI,43923.33,30,Amazon,Credit Card,Success
501934,102878,2029-12-26 15:46:00,Card Payment,49754.34,43,Flipkart,Net Banking,Success
501935,102895,2030-01-01 03:45:00,ATM Withdrawal,5685.35,6,Swiggy,ATM,Success
501936,102912,2030-01-06 15:44:00,Online Transfer,11516.36,19,Zomato,UPI,Success
501937,102929,2030-01-12 03:43:00,Cash Withdrawal,17347.37,32,Myntra,Debit Card,Success
501938,102946,2030-01-17 15:42:00,Deposit,23178.38,45,Uber,Credit Card,Success
501939,102963,2030-01-23 03:41:00,UPI,29009.39,8,IRCTC,Net Banking,Success
501940,102980,2030-01-28 15:40:00,Card Payment,34840.4,21,Reliance,ATM,Success
501941,102997,2030-02-03 03:39:00,ATM Withdrawal,40671.41,34,DMart,UPI,Success
501942,100014,2030-02-08 15:38:00,Online Transfer,46502.42,47,Netflix,Debit Card,Success
501943,100031,2030-02-14 03:37:00,Cash Withdrawal,2433.43,10,PhonePe,Credit Card,Pending
501944,100048,2030-02-19 15:36:00,Deposit,8264.44,23,Google Pay,Net Banking,Success
501945,100065,2030-02-25 03:35:00,UPI,14095.45,36,Amazon,ATM,Success
501946,100082,2030-03-02 15:34:00,Card Payment,19926.46,49,Flipkart,UPI,Success
501947,100099,2030-03-08 03:33:00,ATM Withdrawal,25757.47,12,Swiggy,Debit Card,Success
501948,100116,2026-01-03 15:32:00,Online Transfer,31588.48,25,Zomato,Credit Card,Success
501949,100133,2026-01-09 03:31:00,Cash Withdrawal,37419.49,38,Myntra,Net Banking,Success
501950,100150,2026-01-14 15:30:00,Deposit,43250.5,1,Uber,ATM,Success
501951,100167,2026-01-20 03:29:00,UPI,49081.51,14,IRCTC,UPI,Success
501952,100184,2026-01-25 15:28:00,Card Payment,5012.52,27,Reliance,Debit Card,Success
501953,100201,2026-01-31 03:27:00,ATM Withdrawal,10843.53,40,DMart,Credit Card,Success
501954,100218,2026-02-05 15:26:00,Online Transfer,16674.54,3,Netflix,Net Banking,Success
501955,100235,2026-02-11 03:25:00,Cash Withdrawal,22505.55,16,PhonePe,ATM,Success
501956,100252,2026-02-16 15:24:00,Deposit,28336.56,29,Google Pay,UPI,Success
501957,100269,2026-02-22 03:23:00,UPI,34167.57,42,Amazon,Debit Card,Success
501958,100286,2026-02-27 15:22:00,Card Payment,370402.0,5,Flipkart,Credit Card,Success
501959,100303,2026-03-05 03:21:00,ATM Withdrawal,45829.59,18,Swiggy,Net Banking,Success
501960,100320,2026-03-10 15:20:00,Online Transfer,1760.6,31,Zomato,ATM,Success
501961,100337,2026-03-16 03:19:00,Cash Withdrawal,7591.61,44,Myntra,UPI,Success
501962,100354,2026-03-21 15:18:00,Deposit,13422.62,7,Uber,Debit Card,Success
501963,100371,2026-03-27 03:17:00,UPI,19253.63,20,IRCTC,Credit Card,Success
501964,100388,2026-04-01 15:16:00,Card Payment,25084.64,33,Reliance,Net Banking,Success
501965,100405,2026-04-07 03:15:00,ATM Withdrawal,30915.65,46,DMart,ATM,Success
501966,100422,2026-04-12 15:14:00,Online Transfer,36746.66,9,Netflix,UPI,Success
501967,100439,2026-04-18 03:13:00,Cash Withdrawal,42577.67,22,PhonePe,Debit Card,Success
501968,100456,2026-04-23 15:12:00,Deposit,48408.68,35,Google Pay,Credit Card,Success
501969,100473,2026-04-29 03:11:00,UPI,4339.69,48,Amazon,Net Banking,Success
501970,100490,2026-05-04 15:10:00,Card Payment,10170.7,11,Flipkart,ATM,Success
501971,100507,2026-05-10 03:09:00,ATM Withdrawal,16001.71,24,Swiggy,UPI,Success
501972,100524,2026-05-15 15:08:00,Online Transfer,21832.72,37,Zomato,Debit Card,Success
501973,100541,2026-05-21 03:07:00,Cash Withdrawal,27663.73,50,Myntra,Credit Card,Success
501974,100558,2026-05-26 15:06:00,Deposit,33494.74,13,Uber,Net Banking,Success
501975,100575,2026-06-01 03:05:00,UPI,39325.75,26,IRCTC,ATM,Success
501976,100592,2026-06-06 15:04:00,Card Payment,45156.76,39,Reliance,UPI,Success
501977,100609,2026-06-12 03:03:00,ATM Withdrawal,1087.77,2,DMart,Debit Card,Success
501978,100626,2026-06-17 15:02:00,Online Transfer,6918.78,15,Netflix,Credit Card,Success
501979,100643,2026-06-23 03:01:00,Cash Withdrawal,12749.79,28,PhonePe,Net Banking,Success
501980,100660,2026-06-28 15:00:00,Deposit,18580.8,41,Google Pay,ATM,Success
501981,100677,2026-07-04 02:59:00,UPI,24411.81,4,Amazon,UPI,Success
501982,100694,2026-07-09 14:58:00,Card Payment,30242.82,17,Flipkart,Debit Card,Success
501983,100711,2026-07-15 02:57:00,ATM Withdrawal,36073.83,30,Swiggy,Credit Card,Success
501984,100728,2026-07-20 14:56:00,Online Transfer,41904.84,43,Zomato,Net Banking,Success
501985,100745,2026-07-26 02:55:00,Cash Withdrawal,47735.85,6,Myntra,ATM,Success
501986,100762,2026-07-31 14:54:00,Deposit,3666.86,19,Uber,UPI,Success
501987,100779,2026-08-06 02:53:00,UPI,9497.87,32,IRCTC,Debit Card,Success
501988,100796,2026-08-11 14:52:00,Card Payment,15328.88,45,Reliance,Credit Card,Success
501989,100813,2026-08-17 02:51:00,ATM Withdrawal,21159.89,8,DMart,Net Banking,Success
501990,100830,2026-08-22 14:50:00,Online Transfer,26990.9,21,Netflix,ATM,Success
501991,100847,2026-08-28 02:49:00,Cash Withdrawal,32821.91,34,PhonePe,UPI,Success
501992,100864,2026-09-02 14:48:00,Deposit,38652.92,47,Google Pay,Debit Card,Success
501993,100881,2026-09-08 02:47:00,UPI,44483.93,10,Amazon,Credit Card,Success
501994,100898,2026-09-13 14:46:00,Card Payment,414.94,23,Flipkart,Net Banking,Success
501995,100915,2026-09-19 02:45:00,ATM Withdrawal,6245.95,36,Swiggy,ATM,Success
501996,100932,2026-09-24 14:44:00,Online Transfer,12076.96,49,Zomato,UPI,Success
501997,100949,2026-09-30 02:43:00,Cash Withdrawal,17907.97,12,Myntra,Debit Card,Success
501998,100966,2026-10-05 14:42:00,Deposit,23738.98,25,Uber,Credit Card,Success
501999,100983,2026-10-11 02:41:00,UPI,29569.99,38,IRCTC,Net Banking,Success
502000,101000,2026-10-16 14:40:00,Card Payment,35400.0,1,Reliance,ATM,Success
502001,101017,2026-10-22 02:39:00,ATM Withdrawal,41231.01,14,DMart,UPI,Success
502002,101034,2026-10-27 14:38:00,Online Transfer,47062.02,27,Netflix,Debit Card,Success
502003,101051,2026-11-02 02:37:00,Cash Withdrawal,2993.03,40,PhonePe,Credit Card,Success
502004,101068,2026-11-07 14:36:00,Deposit,8824.04,3,Google Pay,Net Banking,Success
502005,101085,2026-11-13 02:35:00,UPI,14655.05,16,Amazon,ATM,Success
502006,101102,2026-11-18 14:34:00,Card Payment,20486.06,29,Flipkart,UPI,Success
502007,101119,2026-11-24 02:33:00,ATM Withdrawal,26317.07,42,Swiggy,Debit Card,Success
502008,101136,2026-11-29 14:32:00,Online Transfer,32148.08,5,Zomato,Credit Card,Success
502009,101153,2026-12-05 02:31:00,Cash Withdrawal,37979.09,18,Myntra,Net Banking,Success
502010,101170,2026-12-10 14:30:00,Deposit,43810.1,31,Uber,ATM,Pending
502011,101187,2026-12-16 02:29:00,UPI,49641.11,44,IRCTC,UPI,Success
502012,101204,2026-12-21 14:28:00,Card Payment,5572.12,7,Reliance,Debit Card,Success
502013,101221,2026-12-27 02:27:00,ATM Withdrawal,11403.13,20,DMart,Credit Card,Success
502014,101238,2027-01-01 14:26:00,Online Transfer,17234.14,33,Netflix,Net Banking,Success
502015,101255,2027-01-07 02:25:00,Cash Withdrawal,23065.15,46,PhonePe,ATM,Success
502016,101272,2027-01-12 14:24:00,Deposit,28896.16,9,Google Pay,UPI,Success
502017,101289,2027-01-18 02:23:00,UPI,34727.17,22,Amazon,Debit Card,Success
502018,101306,2027-01-23 14:22:00,Card Payment,40558.18,35,Flipkart,Credit Card,Success
502019,101323,2027-01-29 02:21:00,ATM Withdrawal,46389.19,48,Swiggy,Net Banking,Success
502020,101340,2027-02-03 14:20:00,Online Transfer,2320.2,11,Zomato,ATM,Success
502021,101357,2027-02-09 02:19:00,Cash Withdrawal,8151.21,24,Myntra,UPI,Success
502022,101374,2027-02-14 14:18:00,Deposit,13982.22,37,Uber,Debit Card,Success
502023,101391,2027-02-20 02:17:00,UPI,19813.23,50,IRCTC,Credit Card,Success
502024,101408,2027-02-25 14:16:00,Card Payment,25644.24,13,Reliance,Net Banking,Success
502025,101425,2027-03-03 02:15:00,ATM Withdrawal,31475.25,26,DMart,ATM,Success
502026,101442,2027-03-08 14:14:00,Online Transfer,37306.26,39,Netflix,UPI,Success
502027,101459,2027-03-14 02:13:00,Cash Withdrawal,43137.27,2,PhonePe,Debit Card,Success
502028,101476,2027-03-19 14:12:00,Deposit,48968.28,15,Google Pay,Credit Card,Success
502029,101493,2027-03-25 02:11:00,UPI,4899.29,28,Amazon,Net Banking,Success
502030,101510,2027-03-30 14:10:00,Card Payment,10730.3,41,Flipkart,ATM,Success
502031,101527,2027-04-05 02:09:00,ATM Withdrawal,16561.31,4,Swiggy,UPI,Success
502032,101544,2027-04-10 14:08:00,Online Transfer,985392.0,17,Zomato,Debit Card,Success
502033,101561,2027-04-16 02:07:00,Cash Withdrawal,28223.33,30,Myntra,Credit Card,Success
502034,101578,2027-04-21 14:06:00,Deposit,34054.34,43,Uber,Net Banking,Failed
502035,101595,2027-04-27 02:05:00,UPI,39885.35,6,IRCTC,ATM,Success
502036,101612,2027-05-02 14:04:00,Card Payment,45716.36,19,Reliance,UPI,Success
502037,101629,2027-05-08 02:03:00,ATM Withdrawal,1647.37,32,DMart,Debit Card,Success
502038,101646,2027-05-13 14:02:00,Online Transfer,7478.38,45,Netflix,Credit Card,Success
502039,101663,2027-05-19 02:01:00,Cash Withdrawal,13309.39,8,PhonePe,Net Banking,Success
502040,101680,2027-05-24 14:00:00,Deposit,19140.4,21,Google Pay,ATM,Success
502041,101697,2027-05-30 01:59:00,UPI,24971.41,34,Amazon,UPI,Success
502042,101714,2027-06-04 13:58:00,Card Payment,30802.42,47,Flipkart,Debit Card,Success
502043,101731,2027-06-10 01:57:00,ATM Withdrawal,36633.43,10,Swiggy,Credit Card,Success
502044,101748,2027-06-15 13:56:00,Online Transfer,42464.44,23,Zomato,Net Banking,Success
502045,101765,2027-06-21 01:55:00,Cash Withdrawal,48295.45,36,Myntra,ATM,Success
502046,101782,2027-06-26 13:54:00,Deposit,4226.46,49,Uber,UPI,Success
502047,101799,2027-07-02 01:53:00,UPI,407693.0,12,IRCTC,Debit Card,Success
502048,101816,2027-07-07 13:52:00,Card Payment,15888.48,25,Reliance,Credit Card,Success
502049,101833,2027-07-13 01:51:00,ATM Withdrawal,21719.49,38,DMart,Net Banking,Success
502050,101850,2027-07-18 13:50:00,Online Transfer,27550.5,1,Netflix,ATM,Success
502051,101867,2027-07-24 01:49:00,Cash Withdrawal,33381.51,14,PhonePe,UPI,Success
502052,101884,2027-07-29 13:48:00,Deposit,39212.52,27,Google Pay,Debit Card,Success
502053,101901,2027-08-04 01:47:00,UPI,45043.53,40,Amazon,Credit Card,Success
502054,101918,2027-08-09 13:46:00,Card Payment,974.54,3,Flipkart,Net Banking,Success
502055,101935,2027-08-15 01:45:00,ATM Withdrawal,6805.55,16,Swiggy,ATM,Success
502056,101952,2027-08-20 13:44:00,Online Transfer,12636.56,29,Zomato,UPI,Success
502057,101969,2027-08-26 01:43:00,Cash Withdrawal,18467.57,42,Myntra,Debit Card,Success
502058,101986,2027-08-31 13:42:00,Deposit,24298.58,5,Uber,Credit Card,Success
502059,102003,2027-09-06 01:41:00,UPI,30129.59,18,IRCTC,Net Banking,Success
502060,102020,2027-09-11 13:40:00,Card Payment,35960.6,31,Reliance,ATM,Success
502061,102037,2027-09-17 01:39:00,ATM Withdrawal,41791.61,44,DMart,UPI,Success
502062,102054,2027-09-22 13:38:00,Online Transfer,47622.62,7,Netflix,Debit Card,Success
502063,102071,2027-09-28 01:37:00,Cash Withdrawal,3553.63,20,PhonePe,Credit Card,Success
502064,102088,2027-10-03 13:36:00,Deposit,9384.64,33,Google Pay,Net Banking,Success
502065,102105,2027-10-09 01:35:00,UPI,15215.65,46,Amazon,ATM,Success
502066,102122,2027-10-14 13:34:00,Card Payment,21046.66,9,Flipkart,UPI,Success
502067,102139,2027-10-20 01:33:00,ATM Withdrawal,26877.67,22,Swiggy,Debit Card,Success
502068,102156,2027-10-25 13:32:00,Online Transfer,32708.68,35,Zomato,Credit Card,Success
502069,102173,2027-10-31 01:31:00,Cash Withdrawal,38539.69,48,Myntra,Net Banking,Success
502070,102190,2027-11-05 13:30:00,Deposit,44370.7,11,Uber,ATM,Success
502071,102207,2027-11-11 01:29:00,UPI,301.71,24,IRCTC,UPI,Success
502072,102224,2027-11-16 13:28:00,Card Payment,6132.72,37,Reliance,Debit Card,Success
502073,102241,2027-11-22 01:27:00,ATM Withdrawal,11963.73,50,DMart,Credit Card,Success
502074,102258,2027-11-27 13:26:00,Online Transfer,17794.74,13,Netflix,Net Banking,Success
502075,102275,2027-12-03 01:25:00,Cash Withdrawal,23625.75,26,PhonePe,ATM,Success
502076,102292,2027-12-08 13:24:00,Deposit,29456.76,39,Google Pay,UPI,Success
502077,102309,2027-12-14 01:23:00,UPI,35287.77,2,Amazon,Debit Card,Pending
502078,102326,2027-12-19 13:22:00,Card Payment,41118.78,15,Flipkart,Credit Card,Success
502079,102343,2027-12-25 01:21:00,ATM Withdrawal,46949.79,28,Swiggy,Net Banking,Success
502080,102360,2027-12-30 13:20:00,Online Transfer,2880.8,41,Zomato,ATM,Success
502081,102377,2028-01-05 01:19:00,Cash Withdrawal,8711.81,4,Myntra,UPI,Success
502082,102394,2028-01-10 13:18:00,Deposit,14542.82,17,Uber,Debit Card,Success
502083,102411,2028-01-16 01:17:00,UPI,20373.83,30,IRCTC,Credit Card,Success
502084,102428,2028-01-21 13:16:00,Card Payment,26204.84,43,Reliance,Net Banking,Success
502085,102445,2028-01-27 01:15:00,ATM Withdrawal,32035.85,6,DMart,ATM,Success
502086,102462,2028-02-01 13:14:00,Online Transfer,37866.86,19,Netflix,UPI,Success
502087,102479,2028-02-07 01:13:00,Cash Withdrawal,43697.87,32,PhonePe,Debit Card,Success
502088,102496,2028-02-12 13:12:00,Deposit,49528.88,45,Google Pay,Credit Card,Success
502089,102513,2028-02-18 01:11:00,UPI,5459.89,8,Amazon,Net Banking,Success
502090,102530,2028-02-23 13:10:00,Card Payment,11290.9,21,Flipkart,ATM,Success
502091,102547,2028-02-29 01:09:00,ATM Withdrawal,17121.91,34,Swiggy,UPI,Success
502092,102564,2028-03-05 13:08:00,Online Transfer,22952.92,47,Zomato,Debit Card,Success
502093,102581,2028-03-11 01:07:00,Cash Withdrawal,28783.93,10,Myntra,Credit Card,Success
502094,102598,2028-03-16 13:06:00,Deposit,34614.94,23,Uber,Net Banking,Success
502095,102615,2028-03-22 01:05:00,UPI,40445.95,36,IRCTC,ATM,Success
502096,102632,2028-03-27 13:04:00,Card Payment,46276.96,49,Reliance,UPI,Success
502097,102649,2028-04-02 01:03:00,ATM Withdrawal,2207.97,12,DMart,Debit Card,Success
502098,102666,2028-04-07 13:02:00,Online Transfer,8038.98,25,Netflix,Credit Card,Success
502099,102683,2028-04-13 01:01:00,Cash Withdrawal,13869.99,38,PhonePe,Net Banking,Success
502100,102700,2028-04-18 13:00:00,Deposit,19700.0,1,Google Pay,ATM,Success
502101,102717,2028-04-24 00:59:00,UPI,25531.01,14,Amazon,UPI,Success
502102,102734,2028-04-29 12:58:00,Card Payment,31362.02,27,Flipkart,Debit Card,Success
502103,102751,2028-05-05 00:57:00,ATM Withdrawal,37193.03,40,Swiggy,Credit Card,Success
502104,102768,2028-05-10 12:56:00,Online Transfer,43024.04,3,Zomato,Net Banking,Success
502105,102785,2028-05-16 00:55:00,Cash Withdrawal,48855.05,16,Myntra,ATM,Success
502106,102802,2028-05-21 12:54:00,Deposit,4786.06,29,Uber,UPI,Success
502107,102819,2028-05-27 00:53:00,UPI,10617.07,42,IRCTC,Debit Card,Success
502108,102836,2028-06-01 12:52:00,Card Payment,16448.08,5,Reliance,Credit Card,Success
502109,102853,2028-06-07 00:51:00,ATM Withdrawal,22279.09,18,DMart,Net Banking,Success
502110,102870,2028-06-12 12:50:00,Online Transfer,28110.1,31,Netflix,ATM,Success
502111,102887,2028-06-18 00:49:00,Cash Withdrawal,33941.11,44,PhonePe,UPI,Success
502112,102904,2028-06-23 12:48:00,Deposit,39772.12,7,Google Pay,Debit Card,Success
502113,102921,2028-06-29 00:47:00,UPI,45603.13,20,Amazon,Credit Card,Success
502114,102938,2028-07-04 12:46:00,Card Payment,1534.14,33,Flipkart,Net Banking,Success
502115,102955,2028-07-10 00:45:00,ATM Withdrawal,7365.15,46,Swiggy,ATM,Success
502116,102972,2028-07-15 12:44:00,Online Transfer,13196.16,9,Zomato,UPI,Success
502117,102989,2028-07-21 00:43:00,Cash Withdrawal,19027.17,22,Myntra,Debit Card,Success
502118,100006,2028-07-26 12:42:00,Deposit,24858.18,35,Uber,Credit Card,Success
502119,100023,2028-08-01 00:41:00,UPI,30689.19,48,IRCTC,Net Banking,Success
502120,100040,2028-08-06 12:40:00,Card Payment,36520.2,11,Reliance,ATM,Success
502121,100057,2028-08-12 00:39:00,ATM Withdrawal,42351.21,24,DMart,UPI,Success
502122,100074,2028-08-17 12:38:00,Online Transfer,48182.22,37,Netflix,Debit Card,Success
502123,100091,2028-08-23 00:37:00,Cash Withdrawal,4113.23,50,PhonePe,Credit Card,Success
502124,100108,2028-08-28 12:36:00,Deposit,9944.24,13,Google Pay,Net Banking,Success
502125,100125,2028-09-03 00:35:00,UPI,15775.25,26,Amazon,ATM,Success
502126,100142,2028-09-08 12:34:00,Card Payment,21606.26,39,Flipkart,UPI,Success
502127,100159,2028-09-14 00:33:00,ATM Withdrawal,27437.27,2,Swiggy,Debit Card,Success
502128,100176,2028-09-19 12:32:00,Online Transfer,33268.28,15,Zomato,Credit Card,Success
502129,100193,2028-09-25 00:31:00,Cash Withdrawal,39099.29,28,Myntra,Net Banking,Success
502130,100210,2028-09-30 12:30:00,Deposit,44930.3,41,Uber,ATM,Success
502131,100227,2028-10-06 00:29:00,UPI,861.31,4,IRCTC,UPI,Success
502132,100244,2028-10-11 12:28:00,Card Payment,6692.32,17,Reliance,Debit Card,Success
502133,100261,2028-10-17 00:27:00,ATM Withdrawal,12523.33,30,DMart,Credit Card,Success
502134,100278,2028-10-22 12:26:00,Online Transfer,18354.34,43,Netflix,Net Banking,Success
502135,100295,2028-10-28 00:25:00,Cash Withdrawal,24185.35,6,PhonePe,ATM,Success
502136,100312,2028-11-02 12:24:00,Deposit,444984.0,19,Google Pay,UPI,Success
502137,100329,2028-11-08 00:23:00,UPI,35847.37,32,Amazon,Debit Card,Success
502138,100346,2028-11-13 12:22:00,Card Payment,41678.38,45,Flipkart,Credit Card,Success
502139,100363,2028-11-19 00:21:00,ATM Withdrawal,47509.39,8,Swiggy,Net Banking,Success
502140,100380,2028-11-24 12:20:00,Online Transfer,3440.4,21,Zomato,ATM,Success
502141,100397,2028-11-30 00:19:00,Cash Withdrawal,9271.41,34,Myntra,UPI,Success
502142,100414,2028-12-05 12:18:00,Deposit,15102.42,47,Uber,Debit Card,Success
502143,100431,2028-12-11 00:17:00,UPI,20933.43,10,IRCTC,Credit Card,Success
502144,100448,2028-12-16 12:16:00,Card Payment,26764.44,23,Reliance,Net Banking,Pending
502145,100465,2028-12-22 00:15:00,ATM Withdrawal,32595.45,36,DMart,ATM,Success
502146,100482,2028-12-27 12:14:00,Online Transfer,38426.46,49,Netflix,UPI,Success
502147,100499,2029-01-02 00:13:00,Cash Withdrawal,44257.47,12,PhonePe,Debit Card,Failed
502148,100516,2029-01-07 12:12:00,Deposit,188.48,25,Google Pay,Credit Card,Success
502149,100533,2029-01-13 00:11:00,UPI,6019.49,38,Amazon,Net Banking,Success
502150,100550,2029-01-18 12:10:00,Card Payment,11850.5,1,Flipkart,ATM,Success
502151,100567,2029-01-24 00:09:00,ATM Withdrawal,17681.51,14,Swiggy,UPI,Success
502152,100584,2029-01-29 12:08:00,Online Transfer,23512.52,27,Zomato,Debit Card,Success
502153,100601,2029-02-04 00:07:00,Cash Withdrawal,29343.53,40,Myntra,Credit Card,Success
502154,100618,2029-02-09 12:06:00,Deposit,35174.54,3,Uber,Net Banking,Success
502155,100635,2029-02-15 00:05:00,UPI,41005.55,16,IRCTC,ATM,Success
502156,100652,2029-02-20 12:04:00,Card Payment,46836.56,29,Reliance,UPI,Success
502157,100669,2029-02-26 00:03:00,ATM Withdrawal,2767.57,42,DMart,Debit Card,Success
502158,100686,2029-03-03 12:02:00,Online Transfer,8598.58,5,Netflix,Credit Card,Success
502159,100703,2029-03-09 00:01:00,Cash Withdrawal,328229.0,18,PhonePe,Net Banking,Success
502160,100720,2029-03-14 12:00:00,Deposit,20260.6,31,Google Pay,ATM,Success
502161,100737,2029-03-19 23:59:00,UPI,26091.61,44,Amazon,UPI,Success
502162,100754,2029-03-25 11:58:00,Card Payment,31922.62,7,Flipkart,Debit Card,Success
502163,100771,2029-03-30 23:57:00,ATM Withdrawal,37753.63,20,Swiggy,Credit Card,Success
502164,100788,2029-04-05 11:56:00,Online Transfer,43584.64,33,Zomato,Net Banking,Success
502165,100805,2029-04-10 23:55:00,Cash Withdrawal,49415.65,46,Myntra,ATM,Success
502166,100822,2029-04-16 11:54:00,Deposit,5346.66,9,Uber,UPI,Success
502167,100839,2029-04-21 23:53:00,UPI,11177.67,22,IRCTC,Debit Card,Success
502168,100856,2029-04-27 11:52:00,Card Payment,17008.68,35,Reliance,Credit Card,Success
502169,100873,2029-05-02 23:51:00,ATM Withdrawal,22839.69,48,DMart,Net Banking,Success
502170,100890,2029-05-08 11:50:00,Online Transfer,28670.7,11,Netflix,ATM,Success
502171,100907,2029-05-13 23:49:00,Cash Withdrawal,34501.71,24,PhonePe,UPI,Success
502172,100924,2029-05-19 11:48:00,Deposit,40332.72,37,Google Pay,Debit Card,Success
502173,100941,2029-05-24 23:47:00,UPI,46163.73,50,Amazon,Credit Card,Success
502174,100958,2029-05-30 11:46:00,Card Payment,2094.74,13,Flipkart,Net Banking,Success
502175,100975,2029-06-04 23:45:00,ATM Withdrawal,7925.75,26,Swiggy,ATM,Success
502176,100992,2029-06-10 11:44:00,Online Transfer,13756.76,39,Zomato,UPI,Success
502177,101009,2029-06-15 23:43:00,Cash Withdrawal,19587.77,2,Myntra,Debit Card,Success
502178,101026,2029-06-21 11:42:00,Deposit,25418.78,15,Uber,Credit Card,Success
502179,101043,2029-06-26 23:41:00,UPI,31249.79,28,IRCTC,Net Banking,Success
502180,101060,2029-07-02 11:40:00,Card Payment,37080.8,41,Reliance,ATM,Success
502181,101077,2029-07-07 23:39:00,ATM Withdrawal,42911.81,4,DMart,UPI,Success
502182,101094,2029-07-13 11:38:00,Online Transfer,48742.82,17,Netflix,Debit Card,Success
502183,101111,2029-07-18 23:37:00,Cash Withdrawal,4673.83,30,PhonePe,Credit Card,Success
502184,101128,2029-07-24 11:36:00,Deposit,10504.84,43,Google Pay,Net Banking,Success
502185,101145,2029-07-29 23:35:00,UPI,16335.85,6,Amazon,ATM,Success
502186,101162,2029-08-04 11:34:00,Card Payment,22166.86,19,Flipkart,UPI,Success
502187,101179,2029-08-09 23:33:00,ATM Withdrawal,27997.87,32,Swiggy,Debit Card,Success
502188,101196,2029-08-15 11:32:00,Online Transfer,33828.88,45,Zomato,Credit Card,Success
502189,101213,2029-08-20 23:31:00,Cash Withdrawal,39659.89,8,Myntra,Net Banking,Success
502190,101230,2029-08-26 11:30:00,Deposit,45490.9,21,Uber,ATM,Success
502191,101247,2029-08-31 23:29:00,UPI,1421.91,34,IRCTC,UPI,Success
502192,101264,2029-09-06 11:28:00,Card Payment,7252.92,47,Reliance,Debit Card,Success
502193,101281,2029-09-11 23:27:00,ATM Withdrawal,13083.93,10,DMart,Credit Card,Success
502194,101298,2029-09-17 11:26:00,Online Transfer,18914.94,23,Netflix,Net Banking,Success
502195,101315,2029-09-22 23:25:00,Cash Withdrawal,24745.95,36,PhonePe,ATM,Success
502196,101332,2029-09-28 11:24:00,Deposit,30576.96,49,Google Pay,UPI,Success
502197,101349,2029-10-03 23:23:00,UPI,36407.97,12,Amazon,Debit Card,Success
502198,101366,2029-10-09 11:22:00,Card Payment,42238.98,25,Flipkart,Credit Card,Success
502199,101383,2029-10-14 23:21:00,ATM Withdrawal,48069.99,38,Swiggy,Net Banking,Success
502200,101400,2029-10-20 11:20:00,Online Transfer,4000.0,1,Zomato,ATM,Success
502201,101417,2029-10-25 23:19:00,Cash Withdrawal,9831.01,14,Myntra,UPI,Success
502202,101434,2029-10-31 11:18:00,Deposit,15662.02,27,Uber,Debit Card,Success
502203,101451,2029-11-05 23:17:00,UPI,21493.03,40,IRCTC,Credit Card,Success
502204,101468,2029-11-11 11:16:00,Card Payment,27324.04,3,Reliance,Net Banking,Success
502205,101485,2029-11-16 23:15:00,ATM Withdrawal,33155.05,16,DMart,ATM,Success
502206,101502,2029-11-22 11:14:00,Online Transfer,38986.06,29,Netflix,UPI,Success
502207,101519,2029-11-27 23:13:00,Cash Withdrawal,44817.07,42,PhonePe,Debit Card,Success
502208,101536,2029-12-03 11:12:00,Deposit,748.08,5,Google Pay,Credit Card,Success
502209,101553,2029-12-08 23:11:00,UPI,6579.09,18,Amazon,Net Banking,Success
502210,101570,2029-12-14 11:10:00,Card Payment,12410.1,31,Flipkart,ATM,Success
502211,101587,2029-12-19 23:09:00,ATM Withdrawal,18241.11,44,Swiggy,UPI,Pending
502212,101604,2029-12-25 11:08:00,Online Transfer,24072.12,7,Zomato,Debit Card,Success
502213,101621,2029-12-30 23:07:00,Cash Withdrawal,29903.13,20,Myntra,Credit Card,Success
502214,101638,2030-01-05 11:06:00,Deposit,35734.14,33,Uber,Net Banking,Success
502215,101655,2030-01-10 23:05:00,UPI,41565.15,46,IRCTC,ATM,Success
502216,101672,2030-01-16 11:04:00,Card Payment,47396.16,9,Reliance,UPI,Success
502217,101689,2030-01-21 23:03:00,ATM Withdrawal,3327.17,22,DMart,Debit Card,Success
502218,101706,2030-01-27 11:02:00,Online Transfer,9158.18,35,Netflix,Credit Card,Success
502219,101723,2030-02-01 23:01:00,Cash Withdrawal,14989.19,48,PhonePe,Net Banking,Success
502220,101740,2030-02-07 11:00:00,Deposit,20820.2,11,Google Pay,ATM,Success
502221,101757,2030-02-12 22:59:00,UPI,26651.21,24,Amazon,UPI,Success
502222,101774,2030-02-18 10:58:00,Card Payment,32482.22,37,Flipkart,Debit Card,Success
502223,101791,2030-02-23 22:57:00,ATM Withdrawal,38313.23,50,Swiggy,Credit Card,Success
502224,101808,2030-03-01 10:56:00,Online Transfer,44144.24,13,Zomato,Net Banking,Success
502225,101825,2030-03-06 22:55:00,Cash Withdrawal,182275.0,26,Myntra,ATM,Success
502226,101842,2026-01-02 10:54:00,Deposit,5906.26,39,Uber,UPI,Success
502227,101859,2026-01-07 22:53:00,UPI,11737.27,2,IRCTC,Debit Card,Success
502228,101876,2026-01-13 10:52:00,Card Payment,17568.28,15,Reliance,Credit Card,Success
502229,101893,2026-01-18 22:51:00,ATM Withdrawal,23399.29,28,DMart,Net Banking,Success
502230,101910,2026-01-24 10:50:00,Online Transfer,29230.3,41,Netflix,ATM,Success
502231,101927,2026-01-29 22:49:00,Cash Withdrawal,35061.31,4,PhonePe,UPI,Success
502232,101944,2026-02-04 10:48:00,Deposit,40892.32,17,Google Pay,Debit Card,Success
502233,101961,2026-02-09 22:47:00,UPI,46723.33,30,Amazon,Credit Card,Success
502234,101978,2026-02-15 10:46:00,Card Payment,2654.34,43,Flipkart,Net Banking,Success
502235,101995,2026-02-20 22:45:00,ATM Withdrawal,8485.35,6,Swiggy,ATM,Success
502236,102012,2026-02-26 10:44:00,Online Transfer,14316.36,19,Zomato,UPI,Success
502237,102029,2026-03-03 22:43:00,Cash Withdrawal,20147.37,32,Myntra,Debit Card,Success
502238,102046,2026-03-09 10:42:00,Deposit,25978.38,45,Uber,Credit Card,Success
502239,102063,2026-03-14 22:41:00,UPI,31809.39,8,IRCTC,Net Banking,Success
502240,102080,2026-03-20 10:40:00,Card Payment,37640.4,21,Reliance,ATM,Success
502241,102097,2026-03-25 22:39:00,ATM Withdrawal,43471.41,34,DMart,UPI,Success
502242,102114,2026-03-31 10:38:00,Online Transfer,49302.42,47,Netflix,Debit Card,Success
502243,102131,2026-04-05 22:37:00,Cash Withdrawal,5233.43,10,PhonePe,Credit Card,Success
502244,102148,2026-04-11 10:36:00,Deposit,11064.44,23,Google Pay,Net Banking,Success
502245,102165,2026-04-16 22:35:00,UPI,16895.45,36,Amazon,ATM,Success
502246,102182,2026-04-22 10:34:00,Card Payment,22726.46,49,Flipkart,UPI,Success
502247,102199,2026-04-27 22:33:00,ATM Withdrawal,28557.47,12,Swiggy,Debit Card,Success
502248,102216,2026-05-03 10:32:00,Online Transfer,34388.48,25,Zomato,Credit Card,Success
502249,102233,2026-05-08 22:31:00,Cash Withdrawal,40219.49,38,Myntra,Net Banking,Success
502250,102250,2026-05-14 10:30:00,Deposit,46050.5,1,Uber,ATM,Success
502251,102267,2026-05-19 22:29:00,UPI,1981.51,14,IRCTC,UPI,Success
502252,102284,2026-05-25 10:28:00,Card Payment,7812.52,27,Reliance,Debit Card,Success
502253,102301,2026-05-30 22:27:00,ATM Withdrawal,13643.53,40,DMart,Credit Card,Success
502254,102318,2026-06-05 10:26:00,Online Transfer,19474.54,3,Netflix,Net Banking,Success
502255,102335,2026-06-10 22:25:00,Cash Withdrawal,25305.55,16,PhonePe,ATM,Success
502256,102352,2026-06-16 10:24:00,Deposit,31136.56,29,Google Pay,UPI,Success
502257,102369,2026-06-21 22:23:00,UPI,36967.57,42,Amazon,Debit Card,Success
502258,102386,2026-06-27 10:22:00,Card Payment,42798.58,5,Flipkart,Credit Card,Success
502259,102403,2026-07-02 22:21:00,ATM Withdrawal,48629.59,18,Swiggy,Net Banking,Success
502260,102420,2026-07-08 10:20:00,Online Transfer,4560.6,31,Zomato,ATM,Failed
502261,102437,2026-07-13 22:19:00,Cash Withdrawal,10391.61,44,Myntra,UPI,Success
502262,102454,2026-07-19 10:18:00,Deposit,16222.62,7,Uber,Debit Card,Success
502263,102471,2026-07-24 22:17:00,UPI,22053.63,20,IRCTC,Credit Card,Success
502264,102488,2026-07-30 10:16:00,Card Payment,27884.64,33,Reliance,Net Banking,Success
502265,102505,2026-08-04 22:15:00,ATM Withdrawal,33715.65,46,DMart,ATM,Success
502266,102522,2026-08-10 10:14:00,Online Transfer,39546.66,9,Netflix,UPI,Success
502267,102539,2026-08-15 22:13:00,Cash Withdrawal,45377.67,22,PhonePe,Debit Card,Success
502268,102556,2026-08-21 10:12:00,Deposit,1308.68,35,Google Pay,Credit Card,Success
502269,102573,2026-08-26 22:11:00,UPI,7139.69,48,Amazon,Net Banking,Success
502270,102590,2026-09-01 10:10:00,Card Payment,12970.7,11,Flipkart,ATM,Success
502271,102607,2026-09-06 22:09:00,ATM Withdrawal,18801.71,24,Swiggy,UPI,Success
502272,102624,2026-09-12 10:08:00,Online Transfer,24632.72,37,Zomato,Debit Card,Success
502273,102641,2026-09-17 22:07:00,Cash Withdrawal,30463.73,50,Myntra,Credit Card,Success
502274,102658,2026-09-23 10:06:00,Deposit,36294.74,13,Uber,Net Banking,Success
502275,102675,2026-09-28 22:05:00,UPI,42125.75,26,IRCTC,ATM,Success
502276,102692,2026-10-04 10:04:00,Card Payment,47956.76,39,Reliance,UPI,Success
502277,102709,2026-10-09 22:03:00,ATM Withdrawal,3887.77,2,DMart,Debit Card,Success
502278,102726,2026-10-15 10:02:00,Online Transfer,9718.78,15,Netflix,Credit Card,Pending
502279,102743,2026-10-20 22:01:00,Cash Withdrawal,15549.79,28,PhonePe,Net Banking,Success
502280,102760,2026-10-26 10:00:00,Deposit,21380.8,41,Google Pay,ATM,Success
502281,102777,2026-10-31 21:59:00,UPI,27211.81,4,Amazon,UPI,Success
502282,102794,2026-11-06 09:58:00,Card Payment,33042.82,17,Flipkart,Debit Card,Success
502283,102811,2026-11-11 21:57:00,ATM Withdrawal,38873.83,30,Swiggy,Credit Card,Success
502284,102828,2026-11-17 09:56:00,Online Transfer,44704.84,43,Zomato,Net Banking,Success
502285,102845,2026-11-22 21:55:00,Cash Withdrawal,635.85,6,Myntra,ATM,Success
502286,102862,2026-11-28 09:54:00,Deposit,421066.0,19,Uber,UPI,Success
502287,102879,2026-12-03 21:53:00,UPI,12297.87,32,IRCTC,Debit Card,Success
502288,102896,2026-12-09 09:52:00,Card Payment,18128.88,45,Reliance,Credit Card,Success
502289,102913,2026-12-14 21:51:00,ATM Withdrawal,23959.89,8,DMart,Net Banking,Success
502290,102930,2026-12-20 09:50:00,Online Transfer,29790.9,21,Netflix,ATM,Success
502291,102947,2026-12-25 21:49:00,Cash Withdrawal,35621.91,34,PhonePe,UPI,Success
502292,102964,2026-12-31 09:48:00,Deposit,41452.92,47,Google Pay,Debit Card,Success
502293,102981,2027-01-05 21:47:00,UPI,47283.93,10,Amazon,Credit Card,Success
502294,102998,2027-01-11 09:46:00,Card Payment,3214.94,23,Flipkart,Net Banking,Success
502295,100015,2027-01-16 21:45:00,ATM Withdrawal,9045.95,36,Swiggy,ATM,Success
502296,100032,2027-01-22 09:44:00,Online Transfer,14876.96,49,Zomato,UPI,Success
502297,100049,2027-01-27 21:43:00,Cash Withdrawal,20707.97,12,Myntra,Debit Card,Success
502298,100066,2027-02-02 09:42:00,Deposit,26538.98,25,Uber,Credit Card,Success
502299,100083,2027-02-07 21:41:00,UPI,32369.99,38,IRCTC,Net Banking,Success
502300,100100,2027-02-13 09:40:00,Card Payment,38200.0,1,Reliance,ATM,Success
502301,100117,2027-02-18 21:39:00,ATM Withdrawal,44031.01,14,DMart,UPI,Success
502302,100134,2027-02-24 09:38:00,Online Transfer,49862.02,27,Netflix,Debit Card,Success
502303,100151,2027-03-01 21:37:00,Cash Withdrawal,5793.03,40,PhonePe,Credit Card,Success
502304,100168,2027-03-07 09:36:00,Deposit,11624.04,3,Google Pay,Net Banking,Success
502305,100185,2027-03-12 21:35:00,UPI,17455.05,16,Amazon,ATM,Success
502306,100202,2027-03-18 09:34:00,Card Payment,23286.06,29,Flipkart,UPI,Success
502307,100219,2027-03-23 21:33:00,ATM Withdrawal,29117.07,42,Swiggy,Debit Card,Success
502308,100236,2027-03-29 09:32:00,Online Transfer,34948.08,5,Zomato,Credit Card,Success
502309,100253,2027-04-03 21:31:00,Cash Withdrawal,40779.09,18,Myntra,Net Banking,Success
502310,100270,2027-04-09 09:30:00,Deposit,46610.1,31,Uber,ATM,Success
502311,100287,2027-04-14 21:29:00,UPI,2541.11,44,IRCTC,UPI,Success
502312,100304,2027-04-20 09:28:00,Card Payment,8372.12,7,Reliance,Debit Card,Success
502313,100321,2027-04-25 21:27:00,ATM Withdrawal,14203.13,20,DMart,Credit Card,Success
502314,100338,2027-05-01 09:26:00,Online Transfer,219566.0,33,Netflix,Net Banking,Success
502315,100355,2027-05-06 21:25:00,Cash Withdrawal,25865.15,46,PhonePe,ATM,Success
502316,100372,2027-05-12 09:24:00,Deposit,31696.16,9,Google Pay,UPI,Success
502317,100389,2027-05-17 21:23:00,UPI,37527.17,22,Amazon,Debit Card,Success
502318,100406,2027-05-23 09:22:00,Card Payment,43358.18,35,Flipkart,Credit Card,Success
502319,100423,2027-05-28 21:21:00,ATM Withdrawal,49189.19,48,Swiggy,Net Banking,Success
502320,100440,2027-06-03 09:20:00,Online Transfer,5120.2,11,Zomato,ATM,Success
502321,100457,2027-06-08 21:19:00,Cash Withdrawal,10951.21,24,Myntra,UPI,Success
502322,100474,2027-06-14 09:18:00,Deposit,16782.22,37,Uber,Debit Card,Success
502323,100491,2027-06-19 21:17:00,UPI,22613.23,50,IRCTC,Credit Card,Success
502324,100508,2027-06-25 09:16:00,Card Payment,28444.24,13,Reliance,Net Banking,Success
502325,100525,2027-06-30 21:15:00,ATM Withdrawal,34275.25,26,DMart,ATM,Success
502326,100542,2027-07-06 09:14:00,Online Transfer,40106.26,39,Netflix,UPI,Success
502327,100559,2027-07-11 21:13:00,Cash Withdrawal,45937.27,2,PhonePe,Debit Card,Success
502328,100576,2027-07-17 09:12:00,Deposit,1868.28,15,Google Pay,Credit Card,Success
502329,100593,2027-07-22 21:11:00,UPI,7699.29,28,Amazon,Net Banking,Success
502330,100610,2027-07-28 09:10:00,Card Payment,13530.3,41,Flipkart,ATM,Success
502331,100627,2027-08-02 21:09:00,ATM Withdrawal,19361.31,4,Swiggy,UPI,Success
502332,100644,2027-08-08 09:08:00,Online Transfer,25192.32,17,Zomato,Debit Card,Success
502333,100661,2027-08-13 21:07:00,Cash Withdrawal,31023.33,30,Myntra,Credit Card,Success
502334,100678,2027-08-19 09:06:00,Deposit,36854.34,43,Uber,Net Banking,Success
502335,100695,2027-08-24 21:05:00,UPI,42685.35,6,IRCTC,ATM,Success
502336,100712,2027-08-30 09:04:00,Card Payment,48516.36,19,Reliance,UPI,Success
502337,100729,2027-09-04 21:03:00,ATM Withdrawal,4447.37,32,DMart,Debit Card,Success
502338,100746,2027-09-10 09:02:00,Online Transfer,10278.38,45,Netflix,Credit Card,Success
502339,100763,2027-09-15 21:01:00,Cash Withdrawal,16109.39,8,PhonePe,Net Banking,Success
502340,100780,2027-09-21 09:00:00,Deposit,21940.4,21,Google Pay,ATM,Success
502341,100797,2027-09-26 20:59:00,UPI,27771.41,34,Amazon,UPI,Success
502342,100814,2027-10-02 08:58:00,Card Payment,33602.42,47,Flipkart,Debit Card,Success
502343,100831,2027-10-07 20:57:00,ATM Withdrawal,39433.43,10,Swiggy,Credit Card,Success
502344,100848,2027-10-13 08:56:00,Online Transfer,45264.44,23,Zomato,Net Banking,Success
502345,100865,2027-10-18 20:55:00,Cash Withdrawal,1195.45,36,Myntra,ATM,Pending
502346,100882,2027-10-24 08:54:00,Deposit,7026.46,49,Uber,UPI,Success
502347,100899,2027-10-29 20:53:00,UPI,12857.47,12,IRCTC,Debit Card,Success
502348,100916,2027-11-04 08:52:00,Card Payment,18688.48,25,Reliance,Credit Card,Success
502349,100933,2027-11-09 20:51:00,ATM Withdrawal,24519.49,38,DMart,Net Banking,Success
502350,100950,2027-11-15 08:50:00,Online Transfer,30350.5,1,Netflix,ATM,Success
502351,100967,2027-11-20 20:49:00,Cash Withdrawal,36181.51,14,PhonePe,UPI,Success
502352,100984,2027-11-26 08:48:00,Deposit,42012.52,27,Google Pay,Debit Card,Success
502353,101001,2027-12-01 20:47:00,UPI,47843.53,40,Amazon,Credit Card,Success
502354,101018,2027-12-07 08:46:00,Card Payment,3774.54,3,Flipkart,Net Banking,Success
502355,101035,2027-12-12 20:45:00,ATM Withdrawal,9605.55,16,Swiggy,ATM,Success
502356,101052,2027-12-18 08:44:00,Online Transfer,15436.56,29,Zomato,UPI,Success
502357,101069,2027-12-23 20:43:00,Cash Withdrawal,21267.57,42,Myntra,Debit Card,Success
502358,101086,2027-12-29 08:42:00,Deposit,27098.58,5,Uber,Credit Card,Success
502359,101103,2028-01-03 20:41:00,UPI,32929.59,18,IRCTC,Net Banking,Success
502360,101120,2028-01-09 08:40:00,Card Payment,38760.6,31,Reliance,ATM,Success
502361,101137,2028-01-14 20:39:00,ATM Withdrawal,44591.61,44,DMart,UPI,Success
502362,101154,2028-01-20 08:38:00,Online Transfer,522.62,7,Netflix,Debit Card,Success
502363,101171,2028-01-25 20:37:00,Cash Withdrawal,6353.63,20,PhonePe,Credit Card,Success
502364,101188,2028-01-31 08:36:00,Deposit,12184.64,33,Google Pay,Net Banking,Success
502365,101205,2028-02-05 20:35:00,UPI,18015.65,46,Amazon,ATM,Success
502366,101222,2028-02-11 08:34:00,Card Payment,23846.66,9,Flipkart,UPI,Success
502367,101239,2028-02-16 20:33:00,ATM Withdrawal,29677.67,22,Swiggy,Debit Card,Success
502368,101256,2028-02-22 08:32:00,Online Transfer,35508.68,35,Zomato,Credit Card,Success
502369,101273,2028-02-27 20:31:00,Cash Withdrawal,41339.69,48,Myntra,Net Banking,Success
502370,101290,2028-03-04 08:30:00,Deposit,47170.7,11,Uber,ATM,Success
502371,101307,2028-03-09 20:29:00,UPI,3101.71,24,IRCTC,UPI,Success
502372,101324,2028-03-15 08:28:00,Card Payment,8932.72,37,Reliance,Debit Card,Success
502373,101341,2028-03-20 20:27:00,ATM Withdrawal,14763.73,50,DMart,Credit Card,Failed
502374,101358,2028-03-26 08:26:00,Online Transfer,20594.74,13,Netflix,Net Banking,Success
502375,101375,2028-03-31 20:25:00,Cash Withdrawal,26425.75,26,PhonePe,ATM,Success
502376,101392,2028-04-06 08:24:00,Deposit,32256.76,39,Google Pay,UPI,Success
502377,101409,2028-04-11 20:23:00,UPI,38087.77,2,Amazon,Debit Card,Success
502378,101426,2028-04-17 08:22:00,Card Payment,43918.78,15,Flipkart,Credit Card,Success
502379,101443,2028-04-22 20:21:00,ATM Withdrawal,49749.79,28,Swiggy,Net Banking,Success
502380,101460,2028-04-28 08:20:00,Online Transfer,5680.8,41,Zomato,ATM,Success
502381,101477,2028-05-03 20:19:00,Cash Withdrawal,11511.81,4,Myntra,UPI,Success
502382,101494,2028-05-09 08:18:00,Deposit,17342.82,17,Uber,Debit Card,Success
502383,101511,2028-05-14 20:17:00,UPI,23173.83,30,IRCTC,Credit Card,Success
502384,101528,2028-05-20 08:16:00,Card Payment,29004.84,43,Reliance,Net Banking,Success
502385,101545,2028-05-25 20:15:00,ATM Withdrawal,34835.85,6,DMart,ATM,Success
502386,101562,2028-05-31 08:14:00,Online Transfer,40666.86,19,Netflix,UPI,Success
502387,101579,2028-06-05 20:13:00,Cash Withdrawal,46497.87,32,PhonePe,Debit Card,Success
502388,101596,2028-06-11 08:12:00,Deposit,2428.88,45,Google Pay,Credit Card,Success
502389,101613,2028-06-16 20:11:00,UPI,8259.89,8,Amazon,Net Banking,Success
502390,101630,2028-06-22 08:10:00,Card Payment,14090.9,21,Flipkart,ATM,Success
502391,101647,2028-06-27 20:09:00,ATM Withdrawal,19921.91,34,Swiggy,UPI,Success
502392,101664,2028-07-03 08:08:00,Online Transfer,25752.92,47,Zomato,Debit Card,Success
502393,101681,2028-07-08 20:07:00,Cash Withdrawal,31583.93,10,Myntra,Credit Card,Success
502394,101698,2028-07-14 08:06:00,Deposit,37414.94,23,Uber,Net Banking,Success
502395,101715,2028-07-19 20:05:00,UPI,43245.95,36,IRCTC,ATM,Success
502396,101732,2028-07-25 08:04:00,Card Payment,49076.96,49,Reliance,UPI,Success
502397,101749,2028-07-30 20:03:00,ATM Withdrawal,5007.97,12,DMart,Debit Card,Success
502398,101766,2028-08-05 08:02:00,Online Transfer,10838.98,25,Netflix,Credit Card,Success
502399,101783,2028-08-10 20:01:00,Cash Withdrawal,16669.99,38,PhonePe,Net Banking,Success
502400,101800,2028-08-16 08:00:00,Deposit,22500.0,1,Google Pay,ATM,Success
502401,101817,2028-08-21 19:59:00,UPI,28331.01,14,Amazon,UPI,Success
502402,101834,2028-08-27 07:58:00,Card Payment,34162.02,27,Flipkart,Debit Card,Success
502403,101851,2028-09-01 19:57:00,ATM Withdrawal,256857.0,40,Swiggy,Credit Card,Success
502404,101868,2028-09-07 07:56:00,Online Transfer,45824.04,3,Zomato,Net Banking,Success
502405,101885,2028-09-12 19:55:00,Cash Withdrawal,1755.05,16,Myntra,ATM,Success
502406,101902,2028-09-18 07:54:00,Deposit,7586.06,29,Uber,UPI,Success
502407,101919,2028-09-23 19:53:00,UPI,13417.07,42,IRCTC,Debit Card,Success
502408,101936,2028-09-29 07:52:00,Card Payment,19248.08,5,Reliance,Credit Card,Success
502409,101953,2028-10-04 19:51:00,ATM Withdrawal,25079.09,18,DMart,Net Banking,Success
502410,101970,2028-10-10 07:50:00,Online Transfer,30910.1,31,Netflix,ATM,Success
502411,101987,2028-10-15 19:49:00,Cash Withdrawal,36741.11,44,PhonePe,UPI,Success
502412,102004,2028-10-21 07:48:00,Deposit,42572.12,7,Google Pay,Debit Card,Pending
502413,102021,2028-10-26 19:47:00,UPI,513903.0,20,Amazon,Credit Card,Success
502414,102038,2028-11-01 07:46:00,Card Payment,4334.14,33,Flipkart,Net Banking,Success
502415,102055,2028-11-06 19:45:00,ATM Withdrawal,10165.15,46,Swiggy,ATM,Success
502416,102072,2028-11-12 07:44:00,Online Transfer,15996.16,9,Zomato,UPI,Success
502417,102089,2028-11-17 19:43:00,Cash Withdrawal,21827.17,22,Myntra,Debit Card,Success
502418,102106,2028-11-23 07:42:00,Deposit,27658.18,35,Uber,Credit Card,Success
502419,102123,2028-11-28 19:41:00,UPI,33489.19,48,IRCTC,Net Banking,Success
502420,102140,2028-12-04 07:40:00,Card Payment,39320.2,11,Reliance,ATM,Success
502421,102157,2028-12-09 19:39:00,ATM Withdrawal,45151.21,24,DMart,UPI,Success
502422,102174,2028-12-15 07:38:00,Online Transfer,1082.22,37,Netflix,Debit Card,Success
502423,102191,2028-12-20 19:37:00,Cash Withdrawal,6913.23,50,PhonePe,Credit Card,Success
502424,102208,2028-12-26 07:36:00,Deposit,12744.24,13,Google Pay,Net Banking,Success
502425,102225,2028-12-31 19:35:00,UPI,18575.25,26,Amazon,ATM,Success
502426,102242,2029-01-06 07:34:00,Card Payment,24406.26,39,Flipkart,UPI,Success
502427,102259,2029-01-11 19:33:00,ATM Withdrawal,30237.27,2,Swiggy,Debit Card,Success
502428,102276,2029-01-17 07:32:00,Online Transfer,36068.28,15,Zomato,Credit Card,Success
502429,102293,2029-01-22 19:31:00,Cash Withdrawal,41899.29,28,Myntra,Net Banking,Success
502430,102310,2029-01-28 07:30:00,Deposit,47730.3,41,Uber,ATM,Success
502431,102327,2029-02-02 19:29:00,UPI,3661.31,4,IRCTC,UPI,Success
502432,102344,2029-02-08 07:28:00,Card Payment,9492.32,17,Reliance,Debit Card,Success
502433,102361,2029-02-13 19:27:00,ATM Withdrawal,15323.33,30,DMart,Credit Card,Success
502434,102378,2029-02-19 07:26:00,Online Transfer,21154.34,43,Netflix,Net Banking,Success
502435,102395,2029-02-24 19:25:00,Cash Withdrawal,26985.35,6,PhonePe,ATM,Success
502436,102412,2029-03-02 07:24:00,Deposit,32816.36,19,Google Pay,UPI,Success
502437,102429,2029-03-07 19:23:00,UPI,38647.37,32,Amazon,Debit Card,Success
502438,102446,2029-03-13 07:22:00,Card Payment,44478.38,45,Flipkart,Credit Card,Success
502439,102463,2029-03-18 19:21:00,ATM Withdrawal,409.39,8,Swiggy,Net Banking,Success
502440,102480,2029-03-24 07:20:00,Online Transfer,6240.4,21,Zomato,ATM,Success
502441,102497,2029-03-29 19:19:00,Cash Withdrawal,12071.41,34,Myntra,UPI,Success
502442,102514,2029-04-04 07:18:00,Deposit,17902.42,47,Uber,Debit Card,Success
502443,102531,2029-04-09 19:17:00,UPI,23733.43,10,IRCTC,Credit Card,Success
502444,102548,2029-04-15 07:16:00,Card Payment,29564.44,23,Reliance,Net Banking,Success
502445,102565,2029-04-20 19:15:00,ATM Withdrawal,35395.45,36,DMart,ATM,Success
502446,102582,2029-04-26 07:14:00,Online Transfer,41226.46,49,Netflix,UPI,Success
502447,102599,2029-05-01 19:13:00,Cash Withdrawal,47057.47,12,PhonePe,Debit Card,Success
502448,102616,2029-05-07 07:12:00,Deposit,2988.48,25,Google Pay,Credit Card,Success
502449,102633,2029-05-12 19:11:00,UPI,8819.49,38,Amazon,Net Banking,Success
502450,102650,2029-05-18 07:10:00,Card Payment,14650.5,1,Flipkart,ATM,Success
502451,102667,2029-05-23 19:09:00,ATM Withdrawal,20481.51,14,Swiggy,UPI,Success
502452,102684,2029-05-29 07:08:00,Online Transfer,26312.52,27,Zomato,Debit Card,Success
502453,102701,2029-06-03 19:07:00,Cash Withdrawal,32143.53,40,Myntra,Credit Card,Success
502454,102718,2029-06-09 07:06:00,Deposit,37974.54,3,Uber,Net Banking,Success
502455,102735,2029-06-14 19:05:00,UPI,43805.55,16,IRCTC,ATM,Success
502456,102752,2029-06-20 07:04:00,Card Payment,49636.56,29,Reliance,UPI,Success
502457,102769,2029-06-25 19:03:00,ATM Withdrawal,5567.57,42,DMart,Debit Card,Success
502458,102786,2029-07-01 07:02:00,Online Transfer,11398.58,5,Netflix,Credit Card,Success
502459,102803,2029-07-06 19:01:00,Cash Withdrawal,17229.59,18,PhonePe,Net Banking,Success
502460,102820,2029-07-12 07:00:00,Deposit,23060.6,31,Google Pay,ATM,Success
502461,102837,2029-07-17 18:59:00,UPI,28891.61,44,Amazon,UPI,Success
502462,102854,2029-07-23 06:58:00,Card Payment,34722.62,7,Flipkart,Debit Card,Success
502463,102871,2029-07-28 18:57:00,ATM Withdrawal,40553.63,20,Swiggy,Credit Card,Success
502464,102888,2029-08-03 06:56:00,Online Transfer,46384.64,33,Zomato,Net Banking,Success
502465,102905,2029-08-08 18:55:00,Cash Withdrawal,2315.65,46,Myntra,ATM,Success
502466,102922,2029-08-14 06:54:00,Deposit,8146.66,9,Uber,UPI,Success
502467,102939,2029-08-19 18:53:00,UPI,13977.67,22,IRCTC,Debit Card,Success
502468,102956,2029-08-25 06:52:00,Card Payment,19808.68,35,Reliance,Credit Card,Success
502469,102973,2029-08-30 18:51:00,ATM Withdrawal,25639.69,48,DMart,Net Banking,Success
502470,102990,2029-09-05 06:50:00,Online Transfer,31470.7,11,Netflix,ATM,Success
502471,100007,2029-09-10 18:49:00,Cash Withdrawal,37301.71,24,PhonePe,UPI,Success
502472,100024,2029-09-16 06:48:00,Deposit,43132.72,37,Google Pay,Debit Card,Success
502473,100041,2029-09-21 18:47:00,UPI,48963.73,50,Amazon,Credit Card,Success
502474,100058,2029-09-27 06:46:00,Card Payment,4894.74,13,Flipkart,Net Banking,Success
502475,100075,2029-10-02 18:45:00,ATM Withdrawal,10725.75,26,Swiggy,ATM,Success
502476,100092,2029-10-08 06:44:00,Online Transfer,16556.76,39,Zomato,UPI,Success
502477,100109,2029-10-13 18:43:00,Cash Withdrawal,22387.77,2,Myntra,Debit Card,Success
502478,100126,2029-10-19 06:42:00,Deposit,28218.78,15,Uber,Credit Card,Success
502479,100143,2029-10-24 18:41:00,UPI,34049.79,28,IRCTC,Net Banking,Pending
502480,100160,2029-10-30 06:40:00,Card Payment,39880.8,41,Reliance,ATM,Success
502481,100177,2029-11-04 18:39:00,ATM Withdrawal,45711.81,4,DMart,UPI,Success
502482,100194,2029-11-10 06:38:00,Online Transfer,1642.82,17,Netflix,Debit Card,Success
502483,100211,2029-11-15 18:37:00,Cash Withdrawal,7473.83,30,PhonePe,Credit Card,Success
502484,100228,2029-11-21 06:36:00,Deposit,13304.84,43,Google Pay,Net Banking,Success
502485,100245,2029-11-26 18:35:00,UPI,19135.85,6,Amazon,ATM,Success
502486,100262,2029-12-02 06:34:00,Card Payment,24966.86,19,Flipkart,UPI,Failed
502487,100279,2029-12-07 18:33:00,ATM Withdrawal,30797.87,32,Swiggy,Debit Card,Success
502488,100296,2029-12-13 06:32:00,Online Transfer,36628.88,45,Zomato,Credit Card,Success
502489,100313,2029-12-18 18:31:00,Cash Withdrawal,42459.89,8,Myntra,Net Banking,Success
502490,100330,2029-12-24 06:30:00,Deposit,48290.9,21,Uber,ATM,Success
502491,100347,2029-12-29 18:29:00,UPI,4221.91,34,IRCTC,UPI,Success
502492,100364,2030-01-04 06:28:00,Card Payment,294148.0,47,Reliance,Debit Card,Success
502493,100381,2030-01-09 18:27:00,ATM Withdrawal,15883.93,10,DMart,Credit Card,Success
502494,100398,2030-01-15 06:26:00,Online Transfer,21714.94,23,Netflix,Net Banking,Success
502495,100415,2030-01-20 18:25:00,Cash Withdrawal,27545.95,36,PhonePe,ATM,Success
502496,100432,2030-01-26 06:24:00,Deposit,33376.96,49,Google Pay,UPI,Success
502497,100449,2030-01-31 18:23:00,UPI,39207.97,12,Amazon,Debit Card,Success
502498,100466,2030-02-06 06:22:00,Card Payment,45038.98,25,Flipkart,Credit Card,Success
502499,100483,2030-02-11 18:21:00,ATM Withdrawal,969.99,38,Swiggy,Net Banking,Success
502500,100500,2030-02-17 06:20:00,Online Transfer,6800.0,1,Zomato,ATM,Success
502501,100517,2030-02-22 18:19:00,Cash Withdrawal,12631.01,14,Myntra,UPI,Success
502502,100534,2030-02-28 06:18:00,Deposit,18462.02,27,Uber,Debit Card,Success
502503,100551,2030-03-05 18:17:00,UPI,24293.03,40,IRCTC,Credit Card,Success
502504,100568,2026-01-01 06:16:00,Card Payment,30124.04,3,Reliance,Net Banking,Success
502505,100585,2026-01-06 18:15:00,ATM Withdrawal,35955.05,16,DMart,ATM,Success
502506,100602,2026-01-12 06:14:00,Online Transfer,41786.06,29,Netflix,UPI,Success
502507,100619,2026-01-17 18:13:00,Cash Withdrawal,47617.07,42,PhonePe,Debit Card,Success
502508,100636,2026-01-23 06:12:00,Deposit,3548.08,5,Google Pay,Credit Card,Success
502509,100653,2026-01-28 18:11:00,UPI,9379.09,18,Amazon,Net Banking,Success
502510,100670,2026-02-03 06:10:00,Card Payment,15210.1,31,Flipkart,ATM,Success
502511,100687,2026-02-08 18:09:00,ATM Withdrawal,21041.11,44,Swiggy,UPI,Success
502512,100704,2026-02-14 06:08:00,Online Transfer,26872.12,7,Zomato,Debit Card,Success
502513,100721,2026-02-19 18:07:00,Cash Withdrawal,32703.13,20,Myntra,Credit Card,Success
502514,100738,2026-02-25 06:06:00,Deposit,38534.14,33,Uber,Net Banking,Success
502515,100755,2026-03-02 18:05:00,UPI,44365.15,46,IRCTC,ATM,Success
502516,100772,2026-03-08 06:04:00,Card Payment,296.16,9,Reliance,UPI,Success
502517,100789,2026-03-13 18:03:00,ATM Withdrawal,6127.17,22,DMart,Debit Card,Success
502518,100806,2026-03-19 06:02:00,Online Transfer,11958.18,35,Netflix,Credit Card,Success
502519,100823,2026-03-24 18:01:00,Cash Withdrawal,17789.19,48,PhonePe,Net Banking,Success
502520,100840,2026-03-30 06:00:00,Deposit,23620.2,11,Google Pay,ATM,Success
502521,100857,2026-04-04 17:59:00,UPI,29451.21,24,Amazon,UPI,Success
502522,100874,2026-04-10 05:58:00,Card Payment,35282.22,37,Flipkart,Debit Card,Success
502523,100891,2026-04-15 17:57:00,ATM Withdrawal,41113.23,50,Swiggy,Credit Card,Success
502524,100908,2026-04-21 05:56:00,Online Transfer,46944.24,13,Zomato,Net Banking,Success
502525,100925,2026-04-26 17:55:00,Cash Withdrawal,2875.25,26,Myntra,ATM,Success
502526,100942,2026-05-02 05:54:00,Deposit,8706.26,39,Uber,UPI,Success
502527,100959,2026-05-07 17:53:00,UPI,14537.27,2,IRCTC,Debit Card,Success
502528,100976,2026-05-13 05:52:00,Card Payment,20368.28,15,Reliance,Credit Card,Success
502529,100993,2026-05-18 17:51:00,ATM Withdrawal,26199.29,28,DMart,Net Banking,Success
502530,101010,2026-05-24 05:50:00,Online Transfer,32030.3,41,Netflix,ATM,Success
502531,101027,2026-05-29 17:49:00,Cash Withdrawal,37861.31,4,PhonePe,UPI,Success
502532,101044,2026-06-04 05:48:00,Deposit,43692.32,17,Google Pay,Debit Card,Success
502533,101061,2026-06-09 17:47:00,UPI,49523.33,30,Amazon,Credit Card,Success
502534,101078,2026-06-15 05:46:00,Card Payment,5454.34,43,Flipkart,Net Banking,Success
502535,101095,2026-06-20 17:45:00,ATM Withdrawal,11285.35,6,Swiggy,ATM,Success
502536,101112,2026-06-26 05:44:00,Online Transfer,17116.36,19,Zomato,UPI,Success
502537,101129,2026-07-01 17:43:00,Cash Withdrawal,22947.37,32,Myntra,Debit Card,Success
502538,101146,2026-07-07 05:42:00,Deposit,28778.38,45,Uber,Credit Card,Success
502539,101163,2026-07-12 17:41:00,UPI,34609.39,8,IRCTC,Net Banking,Success
502540,101180,2026-07-18 05:40:00,Card Payment,606740.0,21,Reliance,ATM,Success
502541,101197,2026-07-23 17:39:00,ATM Withdrawal,46271.41,34,DMart,UPI,Success
502542,101214,2026-07-29 05:38:00,Online Transfer,2202.42,47,Netflix,Debit Card,Success
502543,101231,2026-08-03 17:37:00,Cash Withdrawal,8033.43,10,PhonePe,Credit Card,Success
502544,101248,2026-08-09 05:36:00,Deposit,13864.44,23,Google Pay,Net Banking,Success
502545,101265,2026-08-14 17:35:00,UPI,19695.45,36,Amazon,ATM,Success
502546,101282,2026-08-20 05:34:00,Card Payment,25526.46,49,Flipkart,UPI,Pending
502547,101299,2026-08-25 17:33:00,ATM Withdrawal,31357.47,12,Swiggy,Debit Card,Success
502548,101316,2026-08-31 05:32:00,Online Transfer,37188.48,25,Zomato,Credit Card,Success
502549,101333,2026-09-05 17:31:00,Cash Withdrawal,43019.49,38,Myntra,Net Banking,Success
502550,101350,2026-09-11 05:30:00,Deposit,48850.5,1,Uber,ATM,Success
502551,101367,2026-09-16 17:29:00,UPI,4781.51,14,IRCTC,UPI,Success
502552,101384,2026-09-22 05:28:00,Card Payment,10612.52,27,Reliance,Debit Card,Success
502553,101401,2026-09-27 17:27:00,ATM Withdrawal,16443.53,40,DMart,Credit Card,Success
502554,101418,2026-10-03 05:26:00,Online Transfer,22274.54,3,Netflix,Net Banking,Success
502555,101435,2026-10-08 17:25:00,Cash Withdrawal,28105.55,16,PhonePe,ATM,Success
502556,101452,2026-10-14 05:24:00,Deposit,33936.56,29,Google Pay,UPI,Success
502557,101469,2026-10-19 17:23:00,UPI,39767.57,42,Amazon,Debit Card,Success
502558,101486,2026-10-25 05:22:00,Card Payment,45598.58,5,Flipkart,Credit Card,Success
502559,101503,2026-10-30 17:21:00,ATM Withdrawal,1529.59,18,Swiggy,Net Banking,Success
502560,101520,2026-11-05 05:20:00,Online Transfer,7360.6,31,Zomato,ATM,Success
502561,101537,2026-11-10 17:19:00,Cash Withdrawal,13191.61,44,Myntra,UPI,Success
502562,101554,2026-11-16 05:18:00,Deposit,19022.62,7,Uber,Debit Card,Success
502563,101571,2026-11-21 17:17:00,UPI,24853.63,20,IRCTC,Credit Card,Success
502564,101588,2026-11-27 05:16:00,Card Payment,30684.64,33,Reliance,Net Banking,Success
502565,101605,2026-12-02 17:15:00,ATM Withdrawal,36515.65,46,DMart,ATM,Success
502566,101622,2026-12-08 05:14:00,Online Transfer,42346.66,9,Netflix,UPI,Success
502567,101639,2026-12-13 17:13:00,Cash Withdrawal,48177.67,22,PhonePe,Debit Card,Success
502568,101656,2026-12-19 05:12:00,Deposit,4108.68,35,Google Pay,Credit Card,Success
502569,101673,2026-12-24 17:11:00,UPI,9939.69,48,Amazon,Net Banking,Success
502570,101690,2026-12-30 05:10:00,Card Payment,15770.7,11,Flipkart,ATM,Success
502571,101707,2027-01-04 17:09:00,ATM Withdrawal,21601.71,24,Swiggy,UPI,Success
502572,101724,2027-01-10 05:08:00,Online Transfer,27432.72,37,Zomato,Debit Card,Success
502573,101741,2027-01-15 17:07:00,Cash Withdrawal,33263.73,50,Myntra,Credit Card,Success
502574,101758,2027-01-21 05:06:00,Deposit,39094.74,13,Uber,Net Banking,Success
502575,101775,2027-01-26 17:05:00,UPI,44925.75,26,IRCTC,ATM,Success
502576,101792,2027-02-01 05:04:00,Card Payment,856.76,39,Reliance,UPI,Success
502577,101809,2027-02-06 17:03:00,ATM Withdrawal,6687.77,2,DMart,Debit Card,Success
502578,101826,2027-02-12 05:02:00,Online Transfer,12518.78,15,Netflix,Credit Card,Success
502579,101843,2027-02-17 17:01:00,Cash Withdrawal,18349.79,28,PhonePe,Net Banking,Success
502580,101860,2027-02-23 05:00:00,Deposit,24180.8,41,Google Pay,ATM,Success
502581,101877,2027-02-28 16:59:00,UPI,331439.0,4,Amazon,UPI,Success
502582,101894,2027-03-06 04:58:00,Card Payment,35842.82,17,Flipkart,Debit Card,Success
502583,101911,2027-03-11 16:57:00,ATM Withdrawal,41673.83,30,Swiggy,Credit Card,Success
502584,101928,2027-03-17 04:56:00,Online Transfer,47504.84,43,Zomato,Net Banking,Success
502585,101945,2027-03-22 16:55:00,Cash Withdrawal,3435.85,6,Myntra,ATM,Success
502586,101962,2027-03-28 04:54:00,Deposit,9266.86,19,Uber,UPI,Success
502587,101979,2027-04-02 16:53:00,UPI,15097.87,32,IRCTC,Debit Card,Success
502588,101996,2027-04-08 04:52:00,Card Payment,20928.88,45,Reliance,Credit Card,Success
502589,102013,2027-04-13 16:51:00,ATM Withdrawal,26759.89,8,DMart,Net Banking,Success
502590,102030,2027-04-19 04:50:00,Online Transfer,32590.9,21,Netflix,ATM,Success
502591,102047,2027-04-24 16:49:00,Cash Withdrawal,38421.91,34,PhonePe,UPI,Success
502592,102064,2027-04-30 04:48:00,Deposit,44252.92,47,Google Pay,Debit Card,Success
502593,102081,2027-05-05 16:47:00,UPI,183.93,10,Amazon,Credit Card,Success
502594,102098,2027-05-11 04:46:00,Card Payment,6014.94,23,Flipkart,Net Banking,Success
502595,102115,2027-05-16 16:45:00,ATM Withdrawal,11845.95,36,Swiggy,ATM,Success
502596,102132,2027-05-22 04:44:00,Online Transfer,17676.96,49,Zomato,UPI,Success
502597,102149,2027-05-27 16:43:00,Cash Withdrawal,23507.97,12,Myntra,Debit Card,Success
502598,102166,2027-06-02 04:42:00,Deposit,29338.98,25,Uber,Credit Card,Success
502599,102183,2027-06-07 16:41:00,UPI,35169.99,38,IRCTC,Net Banking,Failed
502600,102200,2027-06-13 04:40:00,Card Payment,41000.0,1,Reliance,ATM,Success
502601,102217,2027-06-18 16:39:00,ATM Withdrawal,46831.01,14,DMart,UPI,Success
502602,102234,2027-06-24 04:38:00,Online Transfer,2762.02,27,Netflix,Debit Card,Success
502603,102251,2027-06-29 16:37:00,Cash Withdrawal,8593.03,40,PhonePe,Credit Card,Success
502604,102268,2027-07-05 04:36:00,Deposit,14424.04,3,Google Pay,Net Banking,Success
502605,102285,2027-07-10 16:35:00,UPI,20255.05,16,Amazon,ATM,Success
502606,102302,2027-07-16 04:34:00,Card Payment,26086.06,29,Flipkart,UPI,Success
502607,102319,2027-07-21 16:33:00,ATM Withdrawal,31917.07,42,Swiggy,Debit Card,Success
502608,102336,2027-07-27 04:32:00,Online Transfer,37748.08,5,Zomato,Credit Card,Success
502609,102353,2027-08-01 16:31:00,Cash Withdrawal,43579.09,18,Myntra,Net Banking,Success
502610,102370,2027-08-07 04:30:00,Deposit,49410.1,31,Uber,ATM,Success
502611,102387,2027-08-12 16:29:00,UPI,5341.11,44,IRCTC,UPI,Success
502612,102404,2027-08-18 04:28:00,Card Payment,11172.12,7,Reliance,Debit Card,Success
502613,102421,2027-08-23 16:27:00,ATM Withdrawal,17003.13,20,DMart,Credit Card,Pending
502614,102438,2027-08-29 04:26:00,Online Transfer,22834.14,33,Netflix,Net Banking,Success
502615,102455,2027-09-03 16:25:00,Cash Withdrawal,28665.15,46,PhonePe,ATM,Success
502616,102472,2027-09-09 04:24:00,Deposit,34496.16,9,Google Pay,UPI,Success
502617,102489,2027-09-14 16:23:00,UPI,40327.17,22,Amazon,Debit Card,Success
502618,102506,2027-09-20 04:22:00,Card Payment,46158.18,35,Flipkart,Credit Card,Success
502619,102523,2027-09-25 16:21:00,ATM Withdrawal,2089.19,48,Swiggy,Net Banking,Success
502620,102540,2027-10-01 04:20:00,Online Transfer,7920.2,11,Zomato,ATM,Success
502621,102557,2027-10-06 16:19:00,Cash Withdrawal,13751.21,24,Myntra,UPI,Success
502622,102574,2027-10-12 04:18:00,Deposit,19582.22,37,Uber,Debit Card,Success
502623,102591,2027-10-17 16:17:00,UPI,25413.23,50,IRCTC,Credit Card,Success
502624,102608,2027-10-23 04:16:00,Card Payment,31244.24,13,Reliance,Net Banking,Success
502625,102625,2027-10-28 16:15:00,ATM Withdrawal,37075.25,26,DMart,ATM,Success
502626,102642,2027-11-03 04:14:00,Online Transfer,42906.26,39,Netflix,UPI,Success
502627,102659,2027-11-08 16:13:00,Cash Withdrawal,48737.27,2,PhonePe,Debit Card,Success
502628,102676,2027-11-14 04:12:00,Deposit,4668.28,15,Google Pay,Credit Card,Success
502629,102693,2027-11-19 16:11:00,UPI,10499.29,28,Amazon,Net Banking,Success
502630,102710,2027-11-25 04:10:00,Card Payment,16330.3,41,Flipkart,ATM,Success
502631,102727,2027-11-30 16:09:00,ATM Withdrawal,22161.31,4,Swiggy,UPI,Success
502632,102744,2027-12-06 04:08:00,Online Transfer,27992.32,17,Zomato,Debit Card,Success
502633,102761,2027-12-11 16:07:00,Cash Withdrawal,33823.33,30,Myntra,Credit Card,Success
502634,102778,2027-12-17 04:06:00,Deposit,39654.34,43,Uber,Net Banking,Success
502635,102795,2027-12-22 16:05:00,UPI,45485.35,6,IRCTC,ATM,Success
502636,102812,2027-12-28 04:04:00,Card Payment,1416.36,19,Reliance,UPI,Success
502637,102829,2028-01-02 16:03:00,ATM Withdrawal,7247.37,32,DMart,Debit Card,Success
502638,102846,2028-01-08 04:02:00,Online Transfer,13078.38,45,Netflix,Credit Card,Success
502639,102863,2028-01-13 16:01:00,Cash Withdrawal,18909.39,8,PhonePe,Net Banking,Success
502640,102880,2028-01-19 04:00:00,Deposit,24740.4,21,Google Pay,ATM,Success
502641,102897,2028-01-24 15:59:00,UPI,30571.41,34,Amazon,UPI,Success
502642,102914,2028-01-30 03:58:00,Card Payment,36402.42,47,Flipkart,Debit Card,Success
502643,102931,2028-02-04 15:57:00,ATM Withdrawal,42233.43,10,Swiggy,Credit Card,Success
502644,102948,2028-02-10 03:56:00,Online Transfer,48064.44,23,Zomato,Net Banking,Success
502645,102965,2028-02-15 15:55:00,Cash Withdrawal,3995.45,36,Myntra,ATM,Success
502646,102982,2028-02-21 03:54:00,Deposit,9826.46,49,Uber,UPI,Success
502647,102999,2028-02-26 15:53:00,UPI,15657.47,12,IRCTC,Debit Card,Success
502648,100016,2028-03-03 03:52:00,Card Payment,21488.48,25,Reliance,Credit Card,Success
502649,100033,2028-03-08 15:51:00,ATM Withdrawal,27319.49,38,DMart,Net Banking,Success
502650,100050,2028-03-14 03:50:00,Online Transfer,33150.5,1,Netflix,ATM,Success
502651,100067,2028-03-19 15:49:00,Cash Withdrawal,38981.51,14,PhonePe,UPI,Success
502652,100084,2028-03-25 03:48:00,Deposit,44812.52,27,Google Pay,Debit Card,Success
502653,100101,2028-03-30 15:47:00,UPI,743.53,40,Amazon,Credit Card,Success
502654,100118,2028-04-05 03:46:00,Card Payment,6574.54,3,Flipkart,Net Banking,Success
502655,100135,2028-04-10 15:45:00,ATM Withdrawal,12405.55,16,Swiggy,ATM,Success
502656,100152,2028-04-16 03:44:00,Online Transfer,18236.56,29,Zomato,UPI,Success
502657,100169,2028-04-21 15:43:00,Cash Withdrawal,24067.57,42,Myntra,Debit Card,Success
502658,100186,2028-04-27 03:42:00,Deposit,29898.58,5,Uber,Credit Card,Success
502659,100203,2028-05-02 15:41:00,UPI,35729.59,18,IRCTC,Net Banking,Success
502660,100220,2028-05-08 03:40:00,Card Payment,41560.6,31,Reliance,ATM,Success
502661,100237,2028-05-13 15:39:00,ATM Withdrawal,47391.61,44,DMart,UPI,Success
502662,100254,2028-05-19 03:38:00,Online Transfer,3322.62,7,Netflix,Debit Card,Success
502663,100271,2028-05-24 15:37:00,Cash Withdrawal,9153.63,20,PhonePe,Credit Card,Success
502664,100288,2028-05-30 03:36:00,Deposit,14984.64,33,Google Pay,Net Banking,Success
502665,100305,2028-06-04 15:35:00,UPI,20815.65,46,Amazon,ATM,Success
502666,100322,2028-06-10 03:34:00,Card Payment,26646.66,9,Flipkart,UPI,Success
502667,100339,2028-06-15 15:33:00,ATM Withdrawal,699577.0,22,Swiggy,Debit Card,Success
502668,100356,2028-06-21 03:32:00,Online Transfer,38308.68,35,Zomato,Credit Card,Success
502669,100373,2028-06-26 15:31:00,Cash Withdrawal,44139.69,48,Myntra,Net Banking,Success
502670,100390,2028-07-02 03:30:00,Deposit,368730.0,11,Uber,ATM,Success
502671,100407,2028-07-07 15:29:00,UPI,5901.71,24,IRCTC,UPI,Success
502672,100424,2028-07-13 03:28:00,Card Payment,11732.72,37,Reliance,Debit Card,Success
502673,100441,2028-07-18 15:27:00,ATM Withdrawal,17563.73,50,DMart,Credit Card,Success
502674,100458,2028-07-24 03:26:00,Online Transfer,23394.74,13,Netflix,Net Banking,Success
502675,100475,2028-07-29 15:25:00,Cash Withdrawal,29225.75,26,PhonePe,ATM,Success
502676,100492,2028-08-04 03:24:00,Deposit,35056.76,39,Google Pay,UPI,Success
502677,100509,2028-08-09 15:23:00,UPI,40887.77,2,Amazon,Debit Card,Success
502678,100526,2028-08-15 03:22:00,Card Payment,46718.78,15,Flipkart,Credit Card,Success
502679,100543,2028-08-20 15:21:00,ATM Withdrawal,2649.79,28,Swiggy,Net Banking,Success
502680,100560,2028-08-26 03:20:00,Online Transfer,8480.8,41,Zomato,ATM,Pending
502681,100577,2028-08-31 15:19:00,Cash Withdrawal,14311.81,4,Myntra,UPI,Success
502682,100594,2028-09-06 03:18:00,Deposit,20142.82,17,Uber,Debit Card,Success
502683,100611,2028-09-11 15:17:00,UPI,25973.83,30,IRCTC,Credit Card,Success
502684,100628,2028-09-17 03:16:00,Card Payment,31804.84,43,Reliance,Net Banking,Success
502685,100645,2028-09-22 15:15:00,ATM Withdrawal,37635.85,6,DMart,ATM,Success
502686,100662,2028-09-28 03:14:00,Online Transfer,43466.86,19,Netflix,UPI,Success
502687,100679,2028-10-03 15:13:00,Cash Withdrawal,49297.87,32,PhonePe,Debit Card,Success
502688,100696,2028-10-09 03:12:00,Deposit,5228.88,45,Google Pay,Credit Card,Success
502689,100713,2028-10-14 15:11:00,UPI,11059.89,8,Amazon,Net Banking,Success
502690,100730,2028-10-20 03:10:00,Card Payment,16890.9,21,Flipkart,ATM,Success
502691,100747,2028-10-25 15:09:00,ATM Withdrawal,22721.91,34,Swiggy,UPI,Success
502692,100764,2028-10-31 03:08:00,Online Transfer,28552.92,47,Zomato,Debit Card,Success
502693,100781,2028-11-05 15:07:00,Cash Withdrawal,34383.93,10,Myntra,Credit Card,Success
502694,100798,2028-11-11 03:06:00,Deposit,40214.94,23,Uber,Net Banking,Success
502695,100815,2028-11-16 15:05:00,UPI,46045.95,36,IRCTC,ATM,Success
502696,100832,2028-11-22 03:04:00,Card Payment,1976.96,49,Reliance,UPI,Success
502697,100849,2028-11-27 15:03:00,ATM Withdrawal,7807.97,12,DMart,Debit Card,Success
502698,100866,2028-12-03 03:02:00,Online Transfer,13638.98,25,Netflix,Credit Card,Success
502699,100883,2028-12-08 15:01:00,Cash Withdrawal,19469.99,38,PhonePe,Net Banking,Success
502700,100900,2028-12-14 03:00:00,Deposit,25300.0,1,Google Pay,ATM,Success
502701,100917,2028-12-19 14:59:00,UPI,31131.01,14,Amazon,UPI,Success
502702,100934,2028-12-25 02:58:00,Card Payment,36962.02,27,Flipkart,Debit Card,Success
502703,100951,2028-12-30 14:57:00,ATM Withdrawal,42793.03,40,Swiggy,Credit Card,Success
502704,100968,2029-01-05 02:56:00,Online Transfer,48624.04,3,Zomato,Net Banking,Success
502705,100985,2029-01-10 14:55:00,Cash Withdrawal,4555.05,16,Myntra,ATM,Success
502706,101002,2029-01-16 02:54:00,Deposit,10386.06,29,Uber,UPI,Success
502707,101019,2029-01-21 14:53:00,UPI,16217.07,42,IRCTC,Debit Card,Success
502708,101036,2029-01-27 02:52:00,Card Payment,22048.08,5,Reliance,Credit Card,Success
502709,101053,2029-02-01 14:51:00,ATM Withdrawal,27879.09,18,DMart,Net Banking,Success
502710,101070,2029-02-07 02:50:00,Online Transfer,33710.1,31,Netflix,ATM,Success
502711,101087,2029-02-12 14:49:00,Cash Withdrawal,39541.11,44,PhonePe,UPI,Success
502712,101104,2029-02-18 02:48:00,Deposit,45372.12,7,Google Pay,Debit Card,Failed
502713,101121,2029-02-23 14:47:00,UPI,1303.13,20,Amazon,Credit Card,Success
502714,101138,2029-03-01 02:46:00,Card Payment,7134.14,33,Flipkart,Net Banking,Success
502715,101155,2029-03-06 14:45:00,ATM Withdrawal,12965.15,46,Swiggy,ATM,Success
502716,101172,2029-03-12 02:44:00,Online Transfer,18796.16,9,Zomato,UPI,Success
502717,101189,2029-03-17 14:43:00,Cash Withdrawal,24627.17,22,Myntra,Debit Card,Success
502718,101206,2029-03-23 02:42:00,Deposit,30458.18,35,Uber,Credit Card,Success
502719,101223,2029-03-28 14:41:00,UPI,36289.19,48,IRCTC,Net Banking,Success
502720,101240,2029-04-03 02:40:00,Card Payment,42120.2,11,Reliance,ATM,Success
502721,101257,2029-04-08 14:39:00,ATM Withdrawal,47951.21,24,DMart,UPI,Success
502722,101274,2029-04-14 02:38:00,Online Transfer,3882.22,37,Netflix,Debit Card,Success
502723,101291,2029-04-19 14:37:00,Cash Withdrawal,9713.23,50,PhonePe,Credit Card,Success
502724,101308,2029-04-25 02:36:00,Deposit,15544.24,13,Google Pay,Net Banking,Success
502725,101325,2029-04-30 14:35:00,UPI,21375.25,26,Amazon,ATM,Success
502726,101342,2029-05-06 02:34:00,Card Payment,27206.26,39,Flipkart,UPI,Success
502727,101359,2029-05-11 14:33:00,ATM Withdrawal,33037.27,2,Swiggy,Debit Card,Success
502728,101376,2029-05-17 02:32:00,Online Transfer,38868.28,15,Zomato,Credit Card,Success
502729,101393,2029-05-22 14:31:00,Cash Withdrawal,44699.29,28,Myntra,Net Banking,Success
502730,101410,2029-05-28 02:30:00,Deposit,630.3,41,Uber,ATM,Success
502731,101427,2029-06-02 14:29:00,UPI,6461.31,4,IRCTC,UPI,Success
502732,101444,2029-06-08 02:28:00,Card Payment,12292.32,17,Reliance,Debit Card,Success
502733,101461,2029-06-13 14:27:00,ATM Withdrawal,18123.33,30,DMart,Credit Card,Success
502734,101478,2029-06-19 02:26:00,Online Transfer,23954.34,43,Netflix,Net Banking,Success
502735,101495,2029-06-24 14:25:00,Cash Withdrawal,29785.35,6,PhonePe,ATM,Success
502736,101512,2029-06-30 02:24:00,Deposit,35616.36,19,Google Pay,UPI,Success
502737,101529,2029-07-05 14:23:00,UPI,41447.37,32,Amazon,Debit Card,Success
502738,101546,2029-07-11 02:22:00,Card Payment,47278.38,45,Flipkart,Credit Card,Success
502739,101563,2029-07-16 14:21:00,ATM Withdrawal,3209.39,8,Swiggy,Net Banking,Success
502740,101580,2029-07-22 02:20:00,Online Transfer,9040.4,21,Zomato,ATM,Success
502741,101597,2029-07-27 14:19:00,Cash Withdrawal,14871.41,34,Myntra,UPI,Success
502742,101614,2029-08-02 02:18:00,Deposit,20702.42,47,Uber,Debit Card,Success
502743,101631,2029-08-07 14:17:00,UPI,26533.43,10,IRCTC,Credit Card,Success
502744,101648,2029-08-13 02:16:00,Card Payment,32364.44,23,Reliance,Net Banking,Success
502745,101665,2029-08-18 14:15:00,ATM Withdrawal,38195.45,36,DMart,ATM,Success
502746,101682,2029-08-24 02:14:00,Online Transfer,44026.46,49,Netflix,UPI,Success
502747,101699,2029-08-29 14:13:00,Cash Withdrawal,49857.47,12,PhonePe,Debit Card,Pending
502748,101716,2029-09-04 02:12:00,Deposit,5788.48,25,Google Pay,Credit Card,Success
502749,101733,2029-09-09 14:11:00,UPI,11619.49,38,Amazon,Net Banking,Success
502750,101750,2029-09-15 02:10:00,Card Payment,17450.5,1,Flipkart,ATM,Success
502751,101767,2029-09-20 14:09:00,ATM Withdrawal,23281.51,14,Swiggy,UPI,Success
502752,101784,2029-09-26 02:08:00,Online Transfer,29112.52,27,Zomato,Debit Card,Success
502753,101801,2029-10-01 14:07:00,Cash Withdrawal,34943.53,40,Myntra,Credit Card,Success
502754,101818,2029-10-07 02:06:00,Deposit,40774.54,3,Uber,Net Banking,Success
502755,101835,2029-10-12 14:05:00,UPI,46605.55,16,IRCTC,ATM,Success
502756,101852,2029-10-18 02:04:00,Card Payment,2536.56,29,Reliance,UPI,Success
502757,101869,2029-10-23 14:03:00,ATM Withdrawal,8367.57,42,DMart,Debit Card,Success
502758,101886,2029-10-29 02:02:00,Online Transfer,14198.58,5,Netflix,Credit Card,Success
502759,101903,2029-11-03 14:01:00,Cash Withdrawal,406021.0,18,PhonePe,Net Banking,Success
502760,101920,2029-11-09 02:00:00,Deposit,25860.6,31,Google Pay,ATM,Success
502761,101937,2029-11-14 13:59:00,UPI,31691.61,44,Amazon,UPI,Success
502762,101954,2029-11-20 01:58:00,Card Payment,37522.62,7,Flipkart,Debit Card,Success
502763,101971,2029-11-25 13:57:00,ATM Withdrawal,43353.63,20,Swiggy,Credit Card,Success
502764,101988,2029-12-01 01:56:00,Online Transfer,49184.64,33,Zomato,Net Banking,Success
502765,102005,2029-12-06 13:55:00,Cash Withdrawal,5115.65,46,Myntra,ATM,Success
502766,102022,2029-12-12 01:54:00,Deposit,10946.66,9,Uber,UPI,Success
502767,102039,2029-12-17 13:53:00,UPI,16777.67,22,IRCTC,Debit Card,Success
502768,102056,2029-12-23 01:52:00,Card Payment,22608.68,35,Reliance,Credit Card,Success
502769,102073,2029-12-28 13:51:00,ATM Withdrawal,28439.69,48,DMart,Net Banking,Success
502770,102090,2030-01-03 01:50:00,Online Transfer,34270.7,11,Netflix,ATM,Success
502771,102107,2030-01-08 13:49:00,Cash Withdrawal,40101.71,24,PhonePe,UPI,Success
502772,102124,2030-01-14 01:48:00,Deposit,45932.72,37,Google Pay,Debit Card,Success
502773,102141,2030-01-19 13:47:00,UPI,1863.73,50,Amazon,Credit Card,Success
502774,102158,2030-01-25 01:46:00,Card Payment,7694.74,13,Flipkart,Net Banking,Success
502775,102175,2030-01-30 13:45:00,ATM Withdrawal,13525.75,26,Swiggy,ATM,Success
502776,102192,2030-02-05 01:44:00,Online Transfer,19356.76,39,Zomato,UPI,Success
502777,102209,2030-02-10 13:43:00,Cash Withdrawal,25187.77,2,Myntra,Debit Card,Success
502778,102226,2030-02-16 01:42:00,Deposit,31018.78,15,Uber,Credit Card,Success
502779,102243,2030-02-21 13:41:00,UPI,36849.79,28,IRCTC,Net Banking,Success
502780,102260,2030-02-27 01:40:00,Card Payment,42680.8,41,Reliance,ATM,Success
502781,102277,2030-03-04 13:39:00,ATM Withdrawal,48511.81,4,DMart,UPI,Success
502782,102294,2030-03-10 01:38:00,Online Transfer,4442.82,17,Netflix,Debit Card,Success
502783,102311,2026-01-05 13:37:00,Cash Withdrawal,10273.83,30,PhonePe,Credit Card,Success
502784,102328,2026-01-11 01:36:00,Deposit,16104.84,43,Google Pay,Net Banking,Success
502785,102345,2026-01-16 13:35:00,UPI,21935.85,6,Amazon,ATM,Success
502786,102362,2026-01-22 01:34:00,Card Payment,27766.86,19,Flipkart,UPI,Success
502787,102379,2026-01-27 13:33:00,ATM Withdrawal,33597.87,32,Swiggy,Debit Card,Success
502788,102396,2026-02-02 01:32:00,Online Transfer,39428.88,45,Zomato,Credit Card,Success
502789,102413,2026-02-07 13:31:00,Cash Withdrawal,45259.89,8,Myntra,Net Banking,Success
502790,102430,2026-02-13 01:30:00,Deposit,1190.9,21,Uber,ATM,Success
502791,102447,2026-02-18 13:29:00,UPI,7021.91,34,IRCTC,UPI,Success
502792,102464,2026-02-24 01:28:00,Card Payment,12852.92,47,Reliance,Debit Card,Success
502793,102481,2026-03-01 13:27:00,ATM Withdrawal,18683.93,10,DMart,Credit Card,Success
502794,102498,2026-03-07 01:26:00,Online Transfer,792414.0,23,Netflix,Net Banking,Success
502795,102515,2026-03-12 13:25:00,Cash Withdrawal,30345.95,36,PhonePe,ATM,Success
502796,102532,2026-03-18 01:24:00,Deposit,36176.96,49,Google Pay,UPI,Success
502797,102549,2026-03-23 13:23:00,UPI,42007.97,12,Amazon,Debit Card,Success
502798,102566,2026-03-29 01:22:00,Card Payment,47838.98,25,Flipkart,Credit Card,Success
502799,102583,2026-04-03 13:21:00,ATM Withdrawal,3769.99,38,Swiggy,Net Banking,Success
502800,102600,2026-04-09 01:20:00,Online Transfer,9600.0,1,Zomato,ATM,Success
502801,102617,2026-04-14 13:19:00,Cash Withdrawal,15431.01,14,Myntra,UPI,Success
502802,102634,2026-04-20 01:18:00,Deposit,21262.02,27,Uber,Debit Card,Success
502803,102651,2026-04-25 13:17:00,UPI,27093.03,40,IRCTC,Credit Card,Success
502804,102668,2026-05-01 01:16:00,Card Payment,32924.04,3,Reliance,Net Banking,Success
502805,102685,2026-05-06 13:15:00,ATM Withdrawal,38755.05,16,DMart,ATM,Success
502806,102702,2026-05-12 01:14:00,Online Transfer,44586.06,29,Netflix,UPI,Success
502807,102719,2026-05-17 13:13:00,Cash Withdrawal,517.07,42,PhonePe,Debit Card,Success
502808,102736,2026-05-23 01:12:00,Deposit,6348.08,5,Google Pay,Credit Card,Success
502809,102753,2026-05-28 13:11:00,UPI,12179.09,18,Amazon,Net Banking,Success
502810,102770,2026-06-03 01:10:00,Card Payment,18010.1,31,Flipkart,ATM,Success
502811,102787,2026-06-08 13:09:00,ATM Withdrawal,23841.11,44,Swiggy,UPI,Success
502812,102804,2026-06-14 01:08:00,Online Transfer,29672.12,7,Zomato,Debit Card,Success
502813,102821,2026-06-19 13:07:00,Cash Withdrawal,35503.13,20,Myntra,Credit Card,Success
502814,102838,2026-06-25 01:06:00,Deposit,41334.14,33,Uber,Net Banking,Pending
502815,102855,2026-06-30 13:05:00,UPI,47165.15,46,IRCTC,ATM,Success
502816,102872,2026-07-06 01:04:00,Card Payment,3096.16,9,Reliance,UPI,Success
502817,102889,2026-07-11 13:03:00,ATM Withdrawal,8927.17,22,DMart,Debit Card,Success
502818,102906,2026-07-17 01:02:00,Online Transfer,14758.18,35,Netflix,Credit Card,Success
502819,102923,2026-07-22 13:01:00,Cash Withdrawal,20589.19,48,PhonePe,Net Banking,Success
502820,102940,2026-07-28 01:00:00,Deposit,26420.2,11,Google Pay,ATM,Success
502821,102957,2026-08-02 12:59:00,UPI,32251.21,24,Amazon,UPI,Success
502822,102974,2026-08-08 00:58:00,Card Payment,38082.22,37,Flipkart,Debit Card,Success
502823,102991,2026-08-13 12:57:00,ATM Withdrawal,43913.23,50,Swiggy,Credit Card,Success
502824,100008,2026-08-19 00:56:00,Online Transfer,49744.24,13,Zomato,Net Banking,Success
502825,100025,2026-08-24 12:55:00,Cash Withdrawal,5675.25,26,Myntra,ATM,Failed
502826,100042,2026-08-30 00:54:00,Deposit,11506.26,39,Uber,UPI,Success
502827,100059,2026-09-04 12:53:00,UPI,17337.27,2,IRCTC,Debit Card,Success
502828,100076,2026-09-10 00:52:00,Card Payment,23168.28,15,Reliance,Credit Card,Success
502829,100093,2026-09-15 12:51:00,ATM Withdrawal,28999.29,28,DMart,Net Banking,Success
502830,100110,2026-09-21 00:50:00,Online Transfer,34830.3,41,Netflix,ATM,Success
502831,100127,2026-09-26 12:49:00,Cash Withdrawal,40661.31,4,PhonePe,UPI,Success
502832,100144,2026-10-02 00:48:00,Deposit,46492.32,17,Google Pay,Debit Card,Success
502833,100161,2026-10-07 12:47:00,UPI,2423.33,30,Amazon,Credit Card,Success
502834,100178,2026-10-13 00:46:00,Card Payment,8254.34,43,Flipkart,Net Banking,Success
502835,100195,2026-10-18 12:45:00,ATM Withdrawal,14085.35,6,Swiggy,ATM,Success
502836,100212,2026-10-24 00:44:00,Online Transfer,19916.36,19,Zomato,UPI,Success
502837,100229,2026-10-29 12:43:00,Cash Withdrawal,25747.37,32,Myntra,Debit Card,Success
502838,100246,2026-11-04 00:42:00,Deposit,31578.38,45,Uber,Credit Card,Success
502839,100263,2026-11-09 12:41:00,UPI,37409.39,8,IRCTC,Net Banking,Success
502840,100280,2026-11-15 00:40:00,Card Payment,43240.4,21,Reliance,ATM,Success
502841,100297,2026-11-20 12:39:00,ATM Withdrawal,49071.41,34,DMart,UPI,Success
502842,100314,2026-11-26 00:38:00,Online Transfer,5002.42,47,Netflix,Debit Card,Success
502843,100331,2026-12-01 12:37:00,Cash Withdrawal,10833.43,10,PhonePe,Credit Card,Success
502844,100348,2026-12-07 00:36:00,Deposit,16664.44,23,Google Pay,Net Banking,Success
502845,100365,2026-12-12 12:35:00,UPI,22495.45,36,Amazon,ATM,Success
502846,100382,2026-12-18 00:34:00,Card Payment,28326.46,49,Flipkart,UPI,Success
502847,100399,2026-12-23 12:33:00,ATM Withdrawal,34157.47,12,Swiggy,Debit Card,Success
502848,100416,2026-12-29 00:32:00,Online Transfer,443312.0,25,Zomato,Credit Card,Success
502849,100433,2027-01-03 12:31:00,Cash Withdrawal,45819.49,38,Myntra,Net Banking,Success
502850,100450,2027-01-09 00:30:00,Deposit,1750.5,1,Uber,ATM,Success
502851,100467,2027-01-14 12:29:00,UPI,7581.51,14,IRCTC,UPI,Success
502852,100484,2027-01-20 00:28:00,Card Payment,13412.52,27,Reliance,Debit Card,Success
502853,100501,2027-01-25 12:27:00,ATM Withdrawal,19243.53,40,DMart,Credit Card,Success
502854,100518,2027-01-31 00:26:00,Online Transfer,25074.54,3,Netflix,Net Banking,Success
502855,100535,2027-02-05 12:25:00,Cash Withdrawal,30905.55,16,PhonePe,ATM,Success
502856,100552,2027-02-11 00:24:00,Deposit,36736.56,29,Google Pay,UPI,Success
502857,100569,2027-02-16 12:23:00,UPI,42567.57,42,Amazon,Debit Card,Success
502858,100586,2027-02-22 00:22:00,Card Payment,48398.58,5,Flipkart,Credit Card,Success
502859,100603,2027-02-27 12:21:00,ATM Withdrawal,4329.59,18,Swiggy,Net Banking,Success
502860,100620,2027-03-05 00:20:00,Online Transfer,10160.6,31,Zomato,ATM,Success
502861,100637,2027-03-10 12:19:00,Cash Withdrawal,15991.61,44,Myntra,UPI,Success
502862,100654,2027-03-16 00:18:00,Deposit,21822.62,7,Uber,Debit Card,Success
502863,100671,2027-03-21 12:17:00,UPI,27653.63,20,IRCTC,Credit Card,Success
502864,100688,2027-03-27 00:16:00,Card Payment,33484.64,33,Reliance,Net Banking,Success
502865,100705,2027-04-01 12:15:00,ATM Withdrawal,39315.65,46,DMart,ATM,Success
502866,100722,2027-04-07 00:14:00,Online Transfer,45146.66,9,Netflix,UPI,Success
502867,100739,2027-04-12 12:13:00,Cash Withdrawal,1077.67,22,PhonePe,Debit Card,Success
502868,100756,2027-04-18 00:12:00,Deposit,6908.68,35,Google Pay,Credit Card,Success
502869,100773,2027-04-23 12:11:00,UPI,12739.69,48,Amazon,Net Banking,Success
502870,100790,2027-04-29 00:10:00,Card Payment,18570.7,11,Flipkart,ATM,Success
502871,100807,2027-05-04 12:09:00,ATM Withdrawal,24401.71,24,Swiggy,UPI,Success
502872,100824,2027-05-10 00:08:00,Online Transfer,30232.72,37,Zomato,Debit Card,Success
502873,100841,2027-05-15 12:07:00,Cash Withdrawal,36063.73,50,Myntra,Credit Card,Success
502874,100858,2027-05-21 00:06:00,Deposit,41894.74,13,Uber,Net Banking,Success
502875,100875,2027-05-26 12:05:00,UPI,47725.75,26,IRCTC,ATM,Success
502876,100892,2027-06-01 00:04:00,Card Payment,3656.76,39,Reliance,UPI,Success
502877,100909,2027-06-06 12:03:00,ATM Withdrawal,9487.77,2,DMart,Debit Card,Success
502878,100926,2027-06-12 00:02:00,Online Transfer,15318.78,15,Netflix,Credit Card,Success
502879,100943,2027-06-17 12:01:00,Cash Withdrawal,21149.79,28,PhonePe,Net Banking,Success
502880,100960,2027-06-23 00:00:00,Deposit,26980.8,41,Google Pay,ATM,Success
502881,100977,2027-06-28 11:59:00,UPI,32811.81,4,Amazon,UPI,Pending
502882,100994,2027-07-03 23:58:00,Card Payment,38642.82,17,Flipkart,Debit Card,Success
502883,101011,2027-07-09 11:57:00,ATM Withdrawal,44473.83,30,Swiggy,Credit Card,Success
502884,101028,2027-07-14 23:56:00,Online Transfer,404.84,43,Zomato,Net Banking,Success
502885,101045,2027-07-20 11:55:00,Cash Withdrawal,6235.85,6,Myntra,ATM,Success
502886,101062,2027-07-25 23:54:00,Deposit,12066.86,19,Uber,UPI,Success
502887,101079,2027-07-31 11:53:00,UPI,17897.87,32,IRCTC,Debit Card,Success
502888,101096,2027-08-05 23:52:00,Card Payment,23728.88,45,Reliance,Credit Card,Success
502889,101113,2027-08-11 11:51:00,ATM Withdrawal,29559.89,8,DMart,Net Banking,Success
502890,101130,2027-08-16 23:50:00,Online Transfer,35390.9,21,Netflix,ATM,Success
502891,101147,2027-08-22 11:49:00,Cash Withdrawal,41221.91,34,PhonePe,UPI,Success
502892,101164,2027-08-27 23:48:00,Deposit,47052.92,47,Google Pay,Debit Card,Success
502893,101181,2027-09-02 11:47:00,UPI,2983.93,10,Amazon,Credit Card,Success
502894,101198,2027-09-07 23:46:00,Card Payment,8814.94,23,Flipkart,Net Banking,Success
502895,101215,2027-09-13 11:45:00,ATM Withdrawal,14645.95,36,Swiggy,ATM,Success
502896,101232,2027-09-18 23:44:00,Online Transfer,20476.96,49,Zomato,UPI,Success
502897,101249,2027-09-24 11:43:00,Cash Withdrawal,26307.97,12,Myntra,Debit Card,Success
502898,101266,2027-09-29 23:42:00,Deposit,32138.98,25,Uber,Credit Card,Success
502899,101283,2027-10-05 11:41:00,UPI,37969.99,38,IRCTC,Net Banking,Success
502900,101300,2027-10-10 23:40:00,Card Payment,43800.0,1,Reliance,ATM,Success
502901,101317,2027-10-16 11:39:00,ATM Withdrawal,49631.01,14,DMart,UPI,Success
502902,101334,2027-10-21 23:38:00,Online Transfer,5562.02,27,Netflix,Debit Card,Success
502903,101351,2027-10-27 11:37:00,Cash Withdrawal,11393.03,40,PhonePe,Credit Card,Success
502904,101368,2027-11-01 23:36:00,Deposit,17224.04,3,Google Pay,Net Banking,Success
502905,101385,2027-11-07 11:35:00,UPI,23055.05,16,Amazon,ATM,Success
502906,101402,2027-11-12 23:34:00,Card Payment,28886.06,29,Flipkart,UPI,Success
502907,101419,2027-11-18 11:33:00,ATM Withdrawal,34717.07,42,Swiggy,Debit Card,Success
502908,101436,2027-11-23 23:32:00,Online Transfer,40548.08,5,Zomato,Credit Card,Success
502909,101453,2027-11-29 11:31:00,Cash Withdrawal,46379.09,18,Myntra,Net Banking,Success
502910,101470,2027-12-04 23:30:00,Deposit,2310.1,31,Uber,ATM,Success
502911,101487,2027-12-10 11:29:00,UPI,8141.11,44,IRCTC,UPI,Success
502912,101504,2027-12-15 23:28:00,Card Payment,13972.12,7,Reliance,Debit Card,Success
502913,101521,2027-12-21 11:27:00,ATM Withdrawal,19803.13,20,DMart,Credit Card,Success
502914,101538,2027-12-26 23:26:00,Online Transfer,25634.14,33,Netflix,Net Banking,Success
502915,101555,2028-01-01 11:25:00,Cash Withdrawal,31465.15,46,PhonePe,ATM,Success
502916,101572,2028-01-06 23:24:00,Deposit,37296.16,9,Google Pay,UPI,Success
502917,101589,2028-01-12 11:23:00,UPI,43127.17,22,Amazon,Debit Card,Success
502918,101606,2028-01-17 23:22:00,Card Payment,48958.18,35,Flipkart,Credit Card,Success
502919,101623,2028-01-23 11:21:00,ATM Withdrawal,4889.19,48,Swiggy,Net Banking,Success
502920,101640,2028-01-28 23:20:00,Online Transfer,10720.2,11,Zomato,ATM,Success
502921,101657,2028-02-03 11:19:00,Cash Withdrawal,885251.0,24,Myntra,UPI,Success
502922,101674,2028-02-08 23:18:00,Deposit,22382.22,37,Uber,Debit Card,Success
502923,101691,2028-02-14 11:17:00,UPI,28213.23,50,IRCTC,Credit Card,Success
502924,101708,2028-02-19 23:16:00,Card Payment,34044.24,13,Reliance,Net Banking,Success
502925,101725,2028-02-25 11:15:00,ATM Withdrawal,39875.25,26,DMart,ATM,Success
502926,101742,2028-03-01 23:14:00,Online Transfer,45706.26,39,Netflix,UPI,Success
502927,101759,2028-03-07 11:13:00,Cash Withdrawal,1637.27,2,PhonePe,Debit Card,Success
502928,101776,2028-03-12 23:12:00,Deposit,7468.28,15,Google Pay,Credit Card,Success
502929,101793,2028-03-18 11:11:00,UPI,13299.29,28,Amazon,Net Banking,Success
502930,101810,2028-03-23 23:10:00,Card Payment,19130.3,41,Flipkart,ATM,Success
502931,101827,2028-03-29 11:09:00,ATM Withdrawal,24961.31,4,Swiggy,UPI,Success
502932,101844,2028-04-03 23:08:00,Online Transfer,30792.32,17,Zomato,Debit Card,Success
502933,101861,2028-04-09 11:07:00,Cash Withdrawal,36623.33,30,Myntra,Credit Card,Success
502934,101878,2028-04-14 23:06:00,Deposit,42454.34,43,Uber,Net Banking,Success
502935,101895,2028-04-20 11:05:00,UPI,48285.35,6,IRCTC,ATM,Success
502936,101912,2028-04-25 23:04:00,Card Payment,4216.36,19,Reliance,UPI,Success
502937,101929,2028-05-01 11:03:00,ATM Withdrawal,180603.0,32,DMart,Debit Card,Success
502938,101946,2028-05-06 23:02:00,Online Transfer,15878.38,45,Netflix,Credit Card,Failed
502939,101963,2028-05-12 11:01:00,Cash Withdrawal,21709.39,8,PhonePe,Net Banking,Success
502940,101980,2028-05-17 23:00:00,Deposit,27540.4,21,Google Pay,ATM,Success
502941,101997,2028-05-23 10:59:00,UPI,33371.41,34,Amazon,UPI,Success
502942,102014,2028-05-28 22:58:00,Card Payment,39202.42,47,Flipkart,Debit Card,Success
502943,102031,2028-06-03 10:57:00,ATM Withdrawal,45033.43,10,Swiggy,Credit Card,Success
502944,102048,2028-06-08 22:56:00,Online Transfer,964.44,23,Zomato,Net Banking,Success
502945,102065,2028-06-14 10:55:00,Cash Withdrawal,6795.45,36,Myntra,ATM,Success
502946,102082,2028-06-19 22:54:00,Deposit,12626.46,49,Uber,UPI,Success
502947,102099,2028-06-25 10:53:00,UPI,18457.47,12,IRCTC,Debit Card,Success
502948,102116,2028-06-30 22:52:00,Card Payment,24288.48,25,Reliance,Credit Card,Pending
502949,102133,2028-07-06 10:51:00,ATM Withdrawal,30119.49,38,DMart,Net Banking,Success
502950,102150,2028-07-11 22:50:00,Online Transfer,35950.5,1,Netflix,ATM,Success
502951,102167,2028-07-17 10:49:00,Cash Withdrawal,41781.51,14,PhonePe,UPI,Success
502952,102184,2028-07-22 22:48:00,Deposit,47612.52,27,Google Pay,Debit Card,Success
502953,102201,2028-07-28 10:47:00,UPI,3543.53,40,Amazon,Credit Card,Success
502954,102218,2028-08-02 22:46:00,Card Payment,9374.54,3,Flipkart,Net Banking,Success
502955,102235,2028-08-08 10:45:00,ATM Withdrawal,15205.55,16,Swiggy,ATM,Success
502956,102252,2028-08-13 22:44:00,Online Transfer,21036.56,29,Zomato,UPI,Success
502957,102269,2028-08-19 10:43:00,Cash Withdrawal,26867.57,42,Myntra,Debit Card,Success
502958,102286,2028-08-24 22:42:00,Deposit,32698.58,5,Uber,Credit Card,Success
502959,102303,2028-08-30 10:41:00,UPI,38529.59,18,IRCTC,Net Banking,Success
502960,102320,2028-09-04 22:40:00,Card Payment,44360.6,31,Reliance,ATM,Success
502961,102337,2028-09-10 10:39:00,ATM Withdrawal,291.61,44,DMart,UPI,Success
502962,102354,2028-09-15 22:38:00,Online Transfer,6122.62,7,Netflix,Debit Card,Success
502963,102371,2028-09-21 10:37:00,Cash Withdrawal,11953.63,20,PhonePe,Credit Card,Success
502964,102388,2028-09-26 22:36:00,Deposit,17784.64,33,Google Pay,Net Banking,Success
502965,102405,2028-10-02 10:35:00,UPI,23615.65,46,Amazon,ATM,Success
502966,102422,2028-10-07 22:34:00,Card Payment,29446.66,9,Flipkart,UPI,Success
502967,102439,2028-10-13 10:33:00,ATM Withdrawal,35277.67,22,Swiggy,Debit Card,Success
502968,102456,2028-10-18 22:32:00,Online Transfer,41108.68,35,Zomato,Credit Card,Success
502969,102473,2028-10-24 10:31:00,Cash Withdrawal,46939.69,48,Myntra,Net Banking,Success
502970,102490,2028-10-29 22:30:00,Deposit,2870.7,11,Uber,ATM,Success
502971,102507,2028-11-04 10:29:00,UPI,8701.71,24,IRCTC,UPI,Success
502972,102524,2028-11-09 22:28:00,Card Payment,14532.72,37,Reliance,Debit Card,Success
502973,102541,2028-11-15 10:27:00,ATM Withdrawal,20363.73,50,DMart,Credit Card,Success
502974,102558,2028-11-20 22:26:00,Online Transfer,26194.74,13,Netflix,Net Banking,Success
502975,102575,2028-11-26 10:25:00,Cash Withdrawal,32025.75,26,PhonePe,ATM,Success
502976,102592,2028-12-01 22:24:00,Deposit,37856.76,39,Google Pay,UPI,Success
502977,102609,2028-12-07 10:23:00,UPI,43687.77,2,Amazon,Debit Card,Success
502978,102626,2028-12-12 22:22:00,Card Payment,49518.78,15,Flipkart,Credit Card,Success
502979,102643,2028-12-18 10:21:00,ATM Withdrawal,5449.79,28,Swiggy,Net Banking,Success
502980,102660,2028-12-23 22:20:00,Online Transfer,11280.8,41,Zomato,ATM,Success
502981,102677,2028-12-29 10:19:00,Cash Withdrawal,17111.81,4,Myntra,UPI,Success
502982,102694,2029-01-03 22:18:00,Deposit,22942.82,17,Uber,Debit Card,Success
502983,102711,2029-01-09 10:17:00,UPI,28773.83,30,IRCTC,Credit Card,Success
502984,102728,2029-01-14 22:16:00,Card Payment,34604.84,43,Reliance,Net Banking,Success
502985,102745,2029-01-20 10:15:00,ATM Withdrawal,40435.85,6,DMart,ATM,Success
502986,102762,2029-01-25 22:14:00,Online Transfer,46266.86,19,Netflix,UPI,Success
502987,102779,2029-01-31 10:13:00,Cash Withdrawal,2197.87,32,PhonePe,Debit Card,Success
502988,102796,2029-02-05 22:12:00,Deposit,8028.88,45,Google Pay,Credit Card,Success
502989,102813,2029-02-11 10:11:00,UPI,13859.89,8,Amazon,Net Banking,Success
502990,102830,2029-02-16 22:10:00,Card Payment,19690.9,21,Flipkart,ATM,Success
502991,102847,2029-02-22 10:09:00,ATM Withdrawal,25521.91,34,Swiggy,UPI,Success
502992,102864,2029-02-27 22:08:00,Online Transfer,31352.92,47,Zomato,Debit Card,Success
502993,102881,2029-03-05 10:07:00,Cash Withdrawal,37183.93,10,Myntra,Credit Card,Success
502994,102898,2029-03-10 22:06:00,Deposit,43014.94,23,Uber,Net Banking,Success
502995,102915,2029-03-16 10:05:00,UPI,48845.95,36,IRCTC,ATM,Success
502996,102932,2029-03-21 22:04:00,Card Payment,4776.96,49,Reliance,UPI,Success
502997,102949,2029-03-27 10:03:00,ATM Withdrawal,10607.97,12,DMart,Debit Card,Success
502998,102966,2029-04-01 22:02:00,Online Transfer,16438.98,25,Netflix,Credit Card,Success
502999,102983,2029-04-07 10:01:00,Cash Withdrawal,22269.99,38,PhonePe,Net Banking,Success
503000,100000,2029-04-12 22:00:00,Deposit,28100.0,1,Google Pay,ATM,Success
503001,100017,2029-04-18 09:59:00,UPI,33931.01,14,Amazon,UPI,Success
503002,100034,2029-04-23 21:58:00,Card Payment,39762.02,27,Flipkart,Debit Card,Success
503003,100051,2029-04-29 09:57:00,ATM Withdrawal,45593.03,40,Swiggy,Credit Card,Success
503004,100068,2029-05-04 21:56:00,Online Transfer,1524.04,3,Zomato,Net Banking,Success
503005,100085,2029-05-10 09:55:00,Cash Withdrawal,7355.05,16,Myntra,ATM,Success
503006,100102,2029-05-15 21:54:00,Deposit,13186.06,29,Uber,UPI,Success
503007,100119,2029-05-21 09:53:00,UPI,19017.07,42,IRCTC,Debit Card,Success
503008,100136,2029-05-26 21:52:00,Card Payment,24848.08,5,Reliance,Credit Card,Success
503009,100153,2029-06-01 09:51:00,ATM Withdrawal,30679.09,18,DMart,Net Banking,Success
503010,100170,2029-06-06 21:50:00,Online Transfer,36510.1,31,Netflix,ATM,Success
503011,100187,2029-06-12 09:49:00,Cash Withdrawal,42341.11,44,PhonePe,UPI,Success
503012,100204,2029-06-17 21:48:00,Deposit,48172.12,7,Google Pay,Debit Card,Success
503013,100221,2029-06-23 09:47:00,UPI,4103.13,20,Amazon,Credit Card,Success
503014,100238,2029-06-28 21:46:00,Card Payment,9934.14,33,Flipkart,Net Banking,Success
503015,100255,2029-07-04 09:45:00,ATM Withdrawal,15765.15,46,Swiggy,ATM,Pending
503016,100272,2029-07-09 21:44:00,Online Transfer,21596.16,9,Zomato,UPI,Success
503017,100289,2029-07-15 09:43:00,Cash Withdrawal,27427.17,22,Myntra,Debit Card,Success
503018,100306,2029-07-20 21:42:00,Deposit,33258.18,35,Uber,Credit Card,Success
503019,100323,2029-07-26 09:41:00,UPI,39089.19,48,IRCTC,Net Banking,Success
503020,100340,2029-07-31 21:40:00,Card Payment,44920.2,11,Reliance,ATM,Success
503021,100357,2029-08-06 09:39:00,ATM Withdrawal,851.21,24,DMart,UPI,Success
503022,100374,2029-08-11 21:38:00,Online Transfer,6682.22,37,Netflix,Debit Card,Success
503023,100391,2029-08-17 09:37:00,Cash Withdrawal,12513.23,50,PhonePe,Credit Card,Success
503024,100408,2029-08-22 21:36:00,Deposit,18344.24,13,Google Pay,Net Banking,Success
503025,100425,2029-08-28 09:35:00,UPI,24175.25,26,Amazon,ATM,Success
503026,100442,2029-09-02 21:34:00,Card Payment,217894.0,39,Flipkart,UPI,Success
503027,100459,2029-09-08 09:33:00,ATM Withdrawal,35837.27,2,Swiggy,Debit Card,Success
503028,100476,2029-09-13 21:32:00,Online Transfer,41668.28,15,Zomato,Credit Card,Success
503029,100493,2029-09-19 09:31:00,Cash Withdrawal,47499.29,28,Myntra,Net Banking,Success
503030,100510,2029-09-24 21:30:00,Deposit,3430.3,41,Uber,ATM,Success
503031,100527,2029-09-30 09:29:00,UPI,9261.31,4,IRCTC,UPI,Success
503032,100544,2029-10-05 21:28:00,Card Payment,15092.32,17,Reliance,Debit Card,Success
503033,100561,2029-10-11 09:27:00,ATM Withdrawal,20923.33,30,DMart,Credit Card,Success
503034,100578,2029-10-16 21:26:00,Online Transfer,26754.34,43,Netflix,Net Banking,Success
503035,100595,2029-10-22 09:25:00,Cash Withdrawal,32585.35,6,PhonePe,ATM,Success
503036,100612,2029-10-27 21:24:00,Deposit,38416.36,19,Google Pay,UPI,Success
503037,100629,2029-11-02 09:23:00,UPI,44247.37,32,Amazon,Debit Card,Success
503038,100646,2029-11-07 21:22:00,Card Payment,178.38,45,Flipkart,Credit Card,Success
503039,100663,2029-11-13 09:21:00,ATM Withdrawal,6009.39,8,Swiggy,Net Banking,Success
503040,100680,2029-11-18 21:20:00,Online Transfer,11840.4,21,Zomato,ATM,Success
503041,100697,2029-11-24 09:19:00,Cash Withdrawal,17671.41,34,Myntra,UPI,Success
503042,100714,2029-11-29 21:18:00,Deposit,23502.42,47,Uber,Debit Card,Success
503043,100731,2029-12-05 09:17:00,UPI,29333.43,10,IRCTC,Credit Card,Success
503044,100748,2029-12-10 21:16:00,Card Payment,35164.44,23,Reliance,Net Banking,Success
503045,100765,2029-12-16 09:15:00,ATM Withdrawal,40995.45,36,DMart,ATM,Success
503046,100782,2029-12-21 21:14:00,Online Transfer,46826.46,49,Netflix,UPI,Success
503047,100799,2029-12-27 09:13:00,Cash Withdrawal,2757.47,12,PhonePe,Debit Card,Success
503048,100816,2030-01-01 21:12:00,Deposit,978088.0,25,Google Pay,Credit Card,Success
503049,100833,2030-01-07 09:11:00,UPI,14419.49,38,Amazon,Net Banking,Success
503050,100850,2030-01-12 21:10:00,Card Payment,20250.5,1,Flipkart,ATM,Success
503051,100867,2030-01-18 09:09:00,ATM Withdrawal,26081.51,14,Swiggy,UPI,Failed
503052,100884,2030-01-23 21:08:00,Online Transfer,31912.52,27,Zomato,Debit Card,Success
503053,100901,2030-01-29 09:07:00,Cash Withdrawal,37743.53,40,Myntra,Credit Card,Success
503054,100918,2030-02-03 21:06:00,Deposit,43574.54,3,Uber,Net Banking,Success
503055,100935,2030-02-09 09:05:00,UPI,49405.55,16,IRCTC,ATM,Success
503056,100952,2030-02-14 21:04:00,Card Payment,5336.56,29,Reliance,UPI,Success
503057,100969,2030-02-20 09:03:00,ATM Withdrawal,11167.57,42,DMart,Debit Card,Success
503058,100986,2030-02-25 21:02:00,Online Transfer,16998.58,5,Netflix,Credit Card,Success
503059,101003,2030-03-03 09:01:00,Cash Withdrawal,22829.59,18,PhonePe,Net Banking,Success
503060,101020,2030-03-08 21:00:00,Deposit,28660.6,31,Google Pay,ATM,Success
503061,101037,2026-01-04 08:59:00,UPI,34491.61,44,Amazon,UPI,Success
503062,101054,2026-01-09 20:58:00,Card Payment,40322.62,7,Flipkart,Debit Card,Success
503063,101071,2026-01-15 08:57:00,ATM Withdrawal,46153.63,20,Swiggy,Credit Card,Success
503064,101088,2026-01-20 20:56:00,Online Transfer,2084.64,33,Zomato,Net Banking,Success
503065,101105,2026-01-26 08:55:00,Cash Withdrawal,7915.65,46,Myntra,ATM,Success
503066,101122,2026-01-31 20:54:00,Deposit,13746.66,9,Uber,UPI,Success
503067,101139,2026-02-06 08:53:00,UPI,19577.67,22,IRCTC,Debit Card,Success
503068,101156,2026-02-11 20:52:00,Card Payment,25408.68,35,Reliance,Credit Card,Success
503069,101173,2026-02-17 08:51:00,ATM Withdrawal,31239.69,48,DMart,Net Banking,Success
503070,101190,2026-02-22 20:50:00,Online Transfer,37070.7,11,Netflix,ATM,Success
503071,101207,2026-02-28 08:49:00,Cash Withdrawal,42901.71,24,PhonePe,UPI,Success
503072,101224,2026-03-05 20:48:00,Deposit,48732.72,37,Google Pay,Debit Card,Success
503073,101241,2026-03-11 08:47:00,UPI,4663.73,50,Amazon,Credit Card,Success
503074,101258,2026-03-16 20:46:00,Card Payment,10494.74,13,Flipkart,Net Banking,Success
503075,101275,2026-03-22 08:45:00,ATM Withdrawal,16325.75,26,Swiggy,ATM,Success
503076,101292,2026-03-27 20:44:00,Online Transfer,22156.76,39,Zomato,UPI,Success
503077,101309,2026-04-02 08:43:00,Cash Withdrawal,27987.77,2,Myntra,Debit Card,Success
503078,101326,2026-04-07 20:42:00,Deposit,33818.78,15,Uber,Credit Card,Success
503079,101343,2026-04-13 08:41:00,UPI,39649.79,28,IRCTC,Net Banking,Success
503080,101360,2026-04-18 20:40:00,Card Payment,45480.8,41,Reliance,ATM,Success
503081,101377,2026-04-24 08:39:00,ATM Withdrawal,1411.81,4,DMart,UPI,Success
503082,101394,2026-04-29 20:38:00,Online Transfer,7242.82,17,Netflix,Debit Card,Pending
503083,101411,2026-05-05 08:37:00,Cash Withdrawal,13073.83,30,PhonePe,Credit Card,Success
503084,101428,2026-05-10 20:36:00,Deposit,18904.84,43,Google Pay,Net Banking,Success
503085,101445,2026-05-16 08:35:00,UPI,24735.85,6,Amazon,ATM,Success
503086,101462,2026-05-21 20:34:00,Card Payment,30566.86,19,Flipkart,UPI,Success
503087,101479,2026-05-27 08:33:00,ATM Withdrawal,36397.87,32,Swiggy,Debit Card,Success
503088,101496,2026-06-01 20:32:00,Online Transfer,42228.88,45,Zomato,Credit Card,Success
503089,101513,2026-06-07 08:31:00,Cash Withdrawal,48059.89,8,Myntra,Net Banking,Success
503090,101530,2026-06-12 20:30:00,Deposit,3990.9,21,Uber,ATM,Success
503091,101547,2026-06-18 08:29:00,UPI,9821.91,34,IRCTC,UPI,Success
503092,101564,2026-06-23 20:28:00,Card Payment,15652.92,47,Reliance,Debit Card,Success
503093,101581,2026-06-29 08:27:00,ATM Withdrawal,21483.93,10,DMart,Credit Card,Success
503094,101598,2026-07-04 20:26:00,Online Transfer,27314.94,23,Netflix,Net Banking,Success
503095,101615,2026-07-10 08:25:00,Cash Withdrawal,33145.95,36,PhonePe,ATM,Success
503096,101632,2026-07-15 20:24:00,Deposit,38976.96,49,Google Pay,UPI,Success
503097,101649,2026-07-21 08:23:00,UPI,44807.97,12,Amazon,Debit Card,Success
503098,101666,2026-07-26 20:22:00,Card Payment,738.98,25,Flipkart,Credit Card,Success
503099,101683,2026-08-01 08:21:00,ATM Withdrawal,6569.99,38,Swiggy,Net Banking,Success
503100,101700,2026-08-06 20:20:00,Online Transfer,12400.0,1,Zomato,ATM,Success
503101,101717,2026-08-12 08:19:00,Cash Withdrawal,18231.01,14,Myntra,UPI,Success
503102,101734,2026-08-17 20:18:00,Deposit,24062.02,27,Uber,Debit Card,Success
503103,101751,2026-08-23 08:17:00,UPI,29893.03,40,IRCTC,Credit Card,Success
503104,101768,2026-08-28 20:16:00,Card Payment,35724.04,3,Reliance,Net Banking,Success
503105,101785,2026-09-03 08:15:00,ATM Withdrawal,41555.05,16,DMart,ATM,Success
503106,101802,2026-09-08 20:14:00,Online Transfer,47386.06,29,Netflix,UPI,Success
503107,101819,2026-09-14 08:13:00,Cash Withdrawal,3317.07,42,PhonePe,Debit Card,Success
503108,101836,2026-09-19 20:12:00,Deposit,9148.08,5,Google Pay,Credit Card,Success
503109,101853,2026-09-25 08:11:00,UPI,14979.09,18,Amazon,Net Banking,Success
503110,101870,2026-09-30 20:10:00,Card Payment,20810.1,31,Flipkart,ATM,Success
503111,101887,2026-10-06 08:09:00,ATM Withdrawal,26641.11,44,Swiggy,UPI,Success
503112,101904,2026-10-11 20:08:00,Online Transfer,32472.12,7,Zomato,Debit Card,Success
503113,101921,2026-10-17 08:07:00,Cash Withdrawal,38303.13,20,Myntra,Credit Card,Success
503114,101938,2026-10-22 20:06:00,Deposit,44134.14,33,Uber,Net Banking,Success
503115,101955,2026-10-28 08:05:00,UPI,255185.0,46,IRCTC,ATM,Success
503116,101972,2026-11-02 20:04:00,Card Payment,5896.16,9,Reliance,UPI,Success
503117,101989,2026-11-08 08:03:00,ATM Withdrawal,11727.17,22,DMart,Debit Card,Success
503118,102006,2026-11-13 20:02:00,Online Transfer,17558.18,35,Netflix,Credit Card,Success
503119,102023,2026-11-19 08:01:00,Cash Withdrawal,23389.19,48,PhonePe,Net Banking,Success
503120,102040,2026-11-24 20:00:00,Deposit,29220.2,11,Google Pay,ATM,Success
503121,102057,2026-11-30 07:59:00,UPI,35051.21,24,Amazon,UPI,Success
503122,102074,2026-12-05 19:58:00,Card Payment,40882.22,37,Flipkart,Debit Card,Success
503123,102091,2026-12-11 07:57:00,ATM Withdrawal,46713.23,50,Swiggy,Credit Card,Success
503124,102108,2026-12-16 19:56:00,Online Transfer,2644.24,13,Zomato,Net Banking,Success
503125,102125,2026-12-22 07:55:00,Cash Withdrawal,8475.25,26,Myntra,ATM,Success
503126,102142,2026-12-27 19:54:00,Deposit,14306.26,39,Uber,UPI,Success
503127,102159,2027-01-02 07:53:00,UPI,20137.27,2,IRCTC,Debit Card,Success
503128,102176,2027-01-07 19:52:00,Card Payment,25968.28,15,Reliance,Credit Card,Success
503129,102193,2027-01-13 07:51:00,ATM Withdrawal,31799.29,28,DMart,Net Banking,Success
503130,102210,2027-01-18 19:50:00,Online Transfer,37630.3,41,Netflix,ATM,Success
503131,102227,2027-01-24 07:49:00,Cash Withdrawal,43461.31,4,PhonePe,UPI,Success
503132,102244,2027-01-29 19:48:00,Deposit,49292.32,17,Google Pay,Debit Card,Success
503133,102261,2027-02-04 07:47:00,UPI,5223.33,30,Amazon,Credit Card,Success
503134,102278,2027-02-09 19:46:00,Card Payment,11054.34,43,Flipkart,Net Banking,Success
503135,102295,2027-02-15 07:45:00,ATM Withdrawal,16885.35,6,Swiggy,ATM,Success
503136,102312,2027-02-20 19:44:00,Online Transfer,22716.36,19,Zomato,UPI,Success
503137,102329,2027-02-26 07:43:00,Cash Withdrawal,28547.37,32,Myntra,Debit Card,Success
503138,102346,2027-03-03 19:42:00,Deposit,34378.38,45,Uber,Credit Card,Success
503139,102363,2027-03-09 07:41:00,UPI,40209.39,8,IRCTC,Net Banking,Success
503140,102380,2027-03-14 19:40:00,Card Payment,46040.4,21,Reliance,ATM,Success
503141,102397,2027-03-20 07:39:00,ATM Withdrawal,1971.41,34,DMart,UPI,Success
503142,102414,2027-03-25 19:38:00,Online Transfer,7802.42,47,Netflix,Debit Card,Success
503143,102431,2027-03-31 07:37:00,Cash Withdrawal,13633.43,10,PhonePe,Credit Card,Success
503144,102448,2027-04-05 19:36:00,Deposit,19464.44,23,Google Pay,Net Banking,Success
503145,102465,2027-04-11 07:35:00,UPI,25295.45,36,Amazon,ATM,Success
503146,102482,2027-04-16 19:34:00,Card Payment,31126.46,49,Flipkart,UPI,Success
503147,102499,2027-04-22 07:33:00,ATM Withdrawal,36957.47,12,Swiggy,Debit Card,Success
503148,102516,2027-04-27 19:32:00,Online Transfer,42788.48,25,Zomato,Credit Card,Success
503149,102533,2027-05-03 07:31:00,Cash Withdrawal,48619.49,38,Myntra,Net Banking,Pending
503150,102550,2027-05-08 19:30:00,Deposit,4550.5,1,Uber,ATM,Success
503151,102567,2027-05-14 07:29:00,UPI,10381.51,14,IRCTC,UPI,Success
503152,102584,2027-05-19 19:28:00,Card Payment,16212.52,27,Reliance,Debit Card,Success
503153,102601,2027-05-25 07:27:00,ATM Withdrawal,22043.53,40,DMart,Credit Card,Success
503154,102618,2027-05-30 19:26:00,Online Transfer,27874.54,3,Netflix,Net Banking,Success
503155,102635,2027-06-05 07:25:00,Cash Withdrawal,33705.55,16,PhonePe,ATM,Success
503156,102652,2027-06-10 19:24:00,Deposit,39536.56,29,Google Pay,UPI,Success
503157,102669,2027-06-16 07:23:00,UPI,45367.57,42,Amazon,Debit Card,Success
503158,102686,2027-06-21 19:22:00,Card Payment,1298.58,5,Flipkart,Credit Card,Success
503159,102703,2027-06-27 07:21:00,ATM Withdrawal,7129.59,18,Swiggy,Net Banking,Success
503160,102720,2027-07-02 19:20:00,Online Transfer,12960.6,31,Zomato,ATM,Success
503161,102737,2027-07-08 07:19:00,Cash Withdrawal,18791.61,44,Myntra,UPI,Success
503162,102754,2027-07-13 19:18:00,Deposit,24622.62,7,Uber,Debit Card,Success
503163,102771,2027-07-19 07:17:00,UPI,30453.63,20,IRCTC,Credit Card,Success
503164,102788,2027-07-24 19:16:00,Card Payment,36284.64,33,Reliance,Net Banking,Failed
503165,102805,2027-07-30 07:15:00,ATM Withdrawal,42115.65,46,DMart,ATM,Success
503166,102822,2027-08-04 19:14:00,Online Transfer,47946.66,9,Netflix,UPI,Success
503167,102839,2027-08-10 07:13:00,Cash Withdrawal,3877.67,22,PhonePe,Debit Card,Success
503168,102856,2027-08-15 19:12:00,Deposit,9708.68,35,Google Pay,Credit Card,Success
503169,102873,2027-08-21 07:11:00,UPI,15539.69,48,Amazon,Net Banking,Success
503170,102890,2027-08-26 19:10:00,Card Payment,21370.7,11,Flipkart,ATM,Success
503171,102907,2027-09-01 07:09:00,ATM Withdrawal,27201.71,24,Swiggy,UPI,Success
503172,102924,2027-09-06 19:08:00,Online Transfer,33032.72,37,Zomato,Debit Card,Success
503173,102941,2027-09-12 07:07:00,Cash Withdrawal,38863.73,50,Myntra,Credit Card,Success
503174,102958,2027-09-17 19:06:00,Deposit,44694.74,13,Uber,Net Banking,Success
503175,102975,2027-09-23 07:05:00,UPI,320925.0,26,IRCTC,ATM,Success
503176,102992,2027-09-28 19:04:00,Card Payment,6456.76,39,Reliance,UPI,Success
503177,100009,2027-10-04 07:03:00,ATM Withdrawal,12287.77,2,DMart,Debit Card,Success
503178,100026,2027-10-09 19:02:00,Online Transfer,18118.78,15,Netflix,Credit Card,Success
503179,100043,2027-10-15 07:01:00,Cash Withdrawal,23949.79,28,PhonePe,Net Banking,Success
503180,100060,2027-10-20 19:00:00,Deposit,29780.8,41,Google Pay,ATM,Success
503181,100077,2027-10-26 06:59:00,UPI,35611.81,4,Amazon,UPI,Success
503182,100094,2027-10-31 18:58:00,Card Payment,41442.82,17,Flipkart,Debit Card,Success
503183,100111,2027-11-06 06:57:00,ATM Withdrawal,47273.83,30,Swiggy,Credit Card,Success
503184,100128,2027-11-11 18:56:00,Online Transfer,3204.84,43,Zomato,Net Banking,Success
503185,100145,2027-11-17 06:55:00,Cash Withdrawal,9035.85,6,Myntra,ATM,Success
503186,100162,2027-11-22 18:54:00,Deposit,14866.86,19,Uber,UPI,Success
503187,100179,2027-11-28 06:53:00,UPI,20697.87,32,IRCTC,Debit Card,Success
503188,100196,2027-12-03 18:52:00,Card Payment,26528.88,45,Reliance,Credit Card,Success
503189,100213,2027-12-09 06:51:00,ATM Withdrawal,32359.89,8,DMart,Net Banking,Success
503190,100230,2027-12-14 18:50:00,Online Transfer,38190.9,21,Netflix,ATM,Success
503191,100247,2027-12-20 06:49:00,Cash Withdrawal,44021.91,34,PhonePe,UPI,Success
503192,100264,2027-12-25 18:48:00,Deposit,49852.92,47,Google Pay,Debit Card,Success
503193,100281,2027-12-31 06:47:00,UPI,5783.93,10,Amazon,Credit Card,Success
503194,100298,2028-01-05 18:46:00,Card Payment,11614.94,23,Flipkart,Net Banking,Success
503195,100315,2028-01-11 06:45:00,ATM Withdrawal,17445.95,36,Swiggy,ATM,Success
503196,100332,2028-01-16 18:44:00,Online Transfer,23276.96,49,Zomato,UPI,Success
503197,100349,2028-01-22 06:43:00,Cash Withdrawal,29107.97,12,Myntra,Debit Card,Success
503198,100366,2028-01-27 18:42:00,Deposit,34938.98,25,Uber,Credit Card,Success
503199,100383,2028-02-02 06:41:00,UPI,40769.99,38,IRCTC,Net Banking,Success
503200,100400,2028-02-07 18:40:00,Card Payment,46600.0,1,Reliance,ATM,Success
503201,100417,2028-02-13 06:39:00,ATM Withdrawal,2531.01,14,DMart,UPI,Success
503202,100434,2028-02-18 18:38:00,Online Transfer,8362.02,27,Netflix,Debit Card,Success
503203,100451,2028-02-24 06:37:00,Cash Withdrawal,14193.03,40,PhonePe,Credit Card,Success
503204,100468,2028-02-29 18:36:00,Deposit,292476.0,3,Google Pay,Net Banking,Success
503205,100485,2028-03-06 06:35:00,UPI,25855.05,16,Amazon,ATM,Success
503206,100502,2028-03-11 18:34:00,Card Payment,31686.06,29,Flipkart,UPI,Success
503207,100519,2028-03-17 06:33:00,ATM Withdrawal,37517.07,42,Swiggy,Debit Card,Success
503208,100536,2028-03-22 18:32:00,Online Transfer,43348.08,5,Zomato,Credit Card,Success
503209,100553,2028-03-28 06:31:00,Cash Withdrawal,49179.09,18,Myntra,Net Banking,Success
503210,100570,2028-04-02 18:30:00,Deposit,5110.1,31,Uber,ATM,Success
503211,100587,2028-04-08 06:29:00,UPI,10941.11,44,IRCTC,UPI,Success
503212,100604,2028-04-13 18:28:00,Card Payment,16772.12,7,Reliance,Debit Card,Success
503213,100621,2028-04-19 06:27:00,ATM Withdrawal,22603.13,20,DMart,Credit Card,Success
503214,100638,2028-04-24 18:26:00,Online Transfer,28434.14,33,Netflix,Net Banking,Success
503215,100655,2028-04-30 06:25:00,Cash Withdrawal,34265.15,46,PhonePe,ATM,Success
503216,100672,2028-05-05 18:24:00,Deposit,40096.16,9,Google Pay,UPI,Pending
503217,100689,2028-05-11 06:23:00,UPI,45927.17,22,Amazon,Debit Card,Success
503218,100706,2028-05-16 18:22:00,Card Payment,1858.18,35,Flipkart,Credit Card,Success
503219,100723,2028-05-22 06:21:00,ATM Withdrawal,7689.19,48,Swiggy,Net Banking,Success
503220,100740,2028-05-27 18:20:00,Online Transfer,13520.2,11,Zomato,ATM,Success
503221,100757,2028-06-02 06:19:00,Cash Withdrawal,19351.21,24,Myntra,UPI,Success
503222,100774,2028-06-07 18:18:00,Deposit,25182.22,37,Uber,Debit Card,Success
503223,100791,2028-06-13 06:17:00,UPI,31013.23,50,IRCTC,Credit Card,Success
503224,100808,2028-06-18 18:16:00,Card Payment,36844.24,13,Reliance,Net Banking,Success
503225,100825,2028-06-24 06:15:00,ATM Withdrawal,42675.25,26,DMart,ATM,Success
503226,100842,2028-06-29 18:14:00,Online Transfer,48506.26,39,Netflix,UPI,Success
503227,100859,2028-07-05 06:13:00,Cash Withdrawal,4437.27,2,PhonePe,Debit Card,Success
503228,100876,2028-07-10 18:12:00,Deposit,10268.28,15,Google Pay,Credit Card,Success
503229,100893,2028-07-16 06:11:00,UPI,16099.29,28,Amazon,Net Banking,Success
503230,100910,2028-07-21 18:10:00,Card Payment,21930.3,41,Flipkart,ATM,Success
503231,100927,2028-07-27 06:09:00,ATM Withdrawal,27761.31,4,Swiggy,UPI,Success
503232,100944,2028-08-01 18:08:00,Online Transfer,33592.32,17,Zomato,Debit Card,Success
503233,100961,2028-08-07 06:07:00,Cash Withdrawal,39423.33,30,Myntra,Credit Card,Success
503234,100978,2028-08-12 18:06:00,Deposit,45254.34,43,Uber,Net Banking,Success
503235,100995,2028-08-18 06:05:00,UPI,1185.35,6,IRCTC,ATM,Success
503236,101012,2028-08-23 18:04:00,Card Payment,7016.36,19,Reliance,UPI,Success
503237,101029,2028-08-29 06:03:00,ATM Withdrawal,12847.37,32,DMart,Debit Card,Success
503238,101046,2028-09-03 18:02:00,Online Transfer,18678.38,45,Netflix,Credit Card,Success
503239,101063,2028-09-09 06:01:00,Cash Withdrawal,24509.39,8,PhonePe,Net Banking,Success
503240,101080,2028-09-14 18:00:00,Deposit,30340.4,21,Google Pay,ATM,Success
503241,101097,2028-09-20 05:59:00,UPI,36171.41,34,Amazon,UPI,Success
503242,101114,2028-09-25 17:58:00,Card Payment,42002.42,47,Flipkart,Debit Card,Success
503243,101131,2028-10-01 05:57:00,ATM Withdrawal,47833.43,10,Swiggy,Credit Card,Success
503244,101148,2028-10-06 17:56:00,Online Transfer,3764.44,23,Zomato,Net Banking,Success
503245,101165,2028-10-12 05:55:00,Cash Withdrawal,9595.45,36,Myntra,ATM,Success
503246,101182,2028-10-17 17:54:00,Deposit,15426.46,49,Uber,UPI,Success
503247,101199,2028-10-23 05:53:00,UPI,21257.47,12,IRCTC,Debit Card,Success
503248,101216,2028-10-28 17:52:00,Card Payment,27088.48,25,Reliance,Credit Card,Success
503249,101233,2028-11-03 05:51:00,ATM Withdrawal,32919.49,38,DMart,Net Banking,Success
503250,101250,2028-11-08 17:50:00,Online Transfer,38750.5,1,Netflix,ATM,Success
503251,101267,2028-11-14 05:49:00,Cash Withdrawal,44581.51,14,PhonePe,UPI,Success
503252,101284,2028-11-19 17:48:00,Deposit,512.52,27,Google Pay,Debit Card,Success
503253,101301,2028-11-25 05:47:00,UPI,6343.53,40,Amazon,Credit Card,Success
503254,101318,2028-11-30 17:46:00,Card Payment,12174.54,3,Flipkart,Net Banking,Success
503255,101335,2028-12-06 05:45:00,ATM Withdrawal,18005.55,16,Swiggy,ATM,Success
503256,101352,2028-12-11 17:44:00,Online Transfer,23836.56,29,Zomato,UPI,Success
503257,101369,2028-12-17 05:43:00,Cash Withdrawal,29667.57,42,Myntra,Debit Card,Success
503258,101386,2028-12-22 17:42:00,Deposit,35498.58,5,Uber,Credit Card,Success
503259,101403,2028-12-28 05:41:00,UPI,41329.59,18,IRCTC,Net Banking,Success
503260,101420,2029-01-02 17:40:00,Card Payment,47160.6,31,Reliance,ATM,Success
503261,101437,2029-01-08 05:39:00,ATM Withdrawal,3091.61,44,DMart,UPI,Success
503262,101454,2029-01-13 17:38:00,Online Transfer,8922.62,7,Netflix,Debit Card,Success
503263,101471,2029-01-19 05:37:00,Cash Withdrawal,14753.63,20,PhonePe,Credit Card,Success
503264,101488,2029-01-24 17:36:00,Deposit,20584.64,33,Google Pay,Net Banking,Success
503265,101505,2029-01-30 05:35:00,UPI,26415.65,46,Amazon,ATM,Success
503266,101522,2029-02-04 17:34:00,Card Payment,32246.66,9,Flipkart,UPI,Success
503267,101539,2029-02-10 05:33:00,ATM Withdrawal,38077.67,22,Swiggy,Debit Card,Success
503268,101556,2029-02-15 17:32:00,Online Transfer,43908.68,35,Zomato,Credit Card,Success
503269,101573,2029-02-21 05:31:00,Cash Withdrawal,49739.69,48,Myntra,Net Banking,Success
503270,101590,2029-02-26 17:30:00,Deposit,5670.7,11,Uber,ATM,Success
503271,101607,2029-03-04 05:29:00,UPI,11501.71,24,IRCTC,UPI,Success
503272,101624,2029-03-09 17:28:00,Card Payment,17332.72,37,Reliance,Debit Card,Success
503273,101641,2029-03-15 05:27:00,ATM Withdrawal,23163.73,50,DMart,Credit Card,Success
503274,101658,2029-03-20 17:26:00,Online Transfer,28994.74,13,Netflix,Net Banking,Success
503275,101675,2029-03-26 05:25:00,Cash Withdrawal,34825.75,26,PhonePe,ATM,Success
503276,101692,2029-03-31 17:24:00,Deposit,40656.76,39,Google Pay,UPI,Success
503277,101709,2029-04-06 05:23:00,UPI,46487.77,2,Amazon,Debit Card,Failed
503278,101726,2029-04-11 17:22:00,Card Payment,2418.78,15,Flipkart,Credit Card,Success
503279,101743,2029-04-17 05:21:00,ATM Withdrawal,8249.79,28,Swiggy,Net Banking,Success
503280,101760,2029-04-22 17:20:00,Online Transfer,14080.8,41,Zomato,ATM,Success
503281,101777,2029-04-28 05:19:00,Cash Withdrawal,19911.81,4,Myntra,UPI,Success
503282,101794,2029-05-03 17:18:00,Deposit,25742.82,17,Uber,Debit Card,Success
503283,101811,2029-05-09 05:17:00,UPI,31573.83,30,IRCTC,Credit Card,Pending
503284,101828,2029-05-14 17:16:00,Card Payment,37404.84,43,Reliance,Net Banking,Success
503285,101845,2029-05-20 05:15:00,ATM Withdrawal,43235.85,6,DMart,ATM,Success
503286,101862,2029-05-25 17:14:00,Online Transfer,49066.86,19,Netflix,UPI,Success
503287,101879,2029-05-31 05:13:00,Cash Withdrawal,4997.87,32,PhonePe,Debit Card,Success
503288,101896,2029-06-05 17:12:00,Deposit,10828.88,45,Google Pay,Credit Card,Success
503289,101913,2029-06-11 05:11:00,UPI,16659.89,8,Amazon,Net Banking,Success
503290,101930,2029-06-16 17:10:00,Card Payment,22490.9,21,Flipkart,ATM,Success
503291,101947,2029-06-22 05:09:00,ATM Withdrawal,28321.91,34,Swiggy,UPI,Success
503292,101964,2029-06-27 17:08:00,Online Transfer,34152.92,47,Zomato,Debit Card,Success
503293,101981,2029-07-03 05:07:00,Cash Withdrawal,329767.0,10,Myntra,Credit Card,Success
503294,101998,2029-07-08 17:06:00,Deposit,45814.94,23,Uber,Net Banking,Success
503295,102015,2029-07-14 05:05:00,UPI,1745.95,36,IRCTC,ATM,Success
503296,102032,2029-07-19 17:04:00,Card Payment,7576.96,49,Reliance,UPI,Success
503297,102049,2029-07-25 05:03:00,ATM Withdrawal,13407.97,12,DMart,Debit Card,Success
503298,102066,2029-07-30 17:02:00,Online Transfer,19238.98,25,Netflix,Credit Card,Success
503299,102083,2029-08-05 05:01:00,Cash Withdrawal,25069.99,38,PhonePe,Net Banking,Success
503300,102100,2029-08-10 17:00:00,Deposit,30900.0,1,Google Pay,ATM,Success
503301,102117,2029-08-16 04:59:00,UPI,36731.01,14,Amazon,UPI,Success
503302,102134,2029-08-21 16:58:00,Card Payment,413762.0,27,Flipkart,Debit Card,Success
503303,102151,2029-08-27 04:57:00,ATM Withdrawal,48393.03,40,Swiggy,Credit Card,Success
503304,102168,2029-09-01 16:56:00,Online Transfer,4324.04,3,Zomato,Net Banking,Success
503305,102185,2029-09-07 04:55:00,Cash Withdrawal,10155.05,16,Myntra,ATM,Success
503306,102202,2029-09-12 16:54:00,Deposit,15986.06,29,Uber,UPI,Success
503307,102219,2029-09-18 04:53:00,UPI,21817.07,42,IRCTC,Debit Card,Success
503308,102236,2029-09-23 16:52:00,Card Payment,27648.08,5,Reliance,Credit Card,Success
503309,102253,2029-09-29 04:51:00,ATM Withdrawal,33479.09,18,DMart,Net Banking,Success
503310,102270,2029-10-04 16:50:00,Online Transfer,39310.1,31,Netflix,ATM,Success
503311,102287,2029-10-10 04:49:00,Cash Withdrawal,45141.11,44,PhonePe,UPI,Success
503312,102304,2029-10-15 16:48:00,Deposit,1072.12,7,Google Pay,Debit Card,Success
503313,102321,2029-10-21 04:47:00,UPI,6903.13,20,Amazon,Credit Card,Success
503314,102338,2029-10-26 16:46:00,Card Payment,12734.14,33,Flipkart,Net Banking,Success
503315,102355,2029-11-01 04:45:00,ATM Withdrawal,18565.15,46,Swiggy,ATM,Success
503316,102372,2029-11-06 16:44:00,Online Transfer,24396.16,9,Zomato,UPI,Success
503317,102389,2029-11-12 04:43:00,Cash Withdrawal,30227.17,22,Myntra,Debit Card,Success
503318,102406,2029-11-17 16:42:00,Deposit,36058.18,35,Uber,Credit Card,Success
503319,102423,2029-11-23 04:41:00,UPI,41889.19,48,IRCTC,Net Banking,Success
503320,102440,2029-11-28 16:40:00,Card Payment,47720.2,11,Reliance,ATM,Success
503321,102457,2029-12-04 04:39:00,ATM Withdrawal,3651.21,24,DMart,UPI,Success
503322,102474,2029-12-09 16:38:00,Online Transfer,9482.22,37,Netflix,Debit Card,Success
503323,102491,2029-12-15 04:37:00,Cash Withdrawal,15313.23,50,PhonePe,Credit Card,Success
503324,102508,2029-12-20 16:36:00,Deposit,21144.24,13,Google Pay,Net Banking,Success
503325,102525,2029-12-26 04:35:00,UPI,26975.25,26,Amazon,ATM,Success
503326,102542,2029-12-31 16:34:00,Card Payment,32806.26,39,Flipkart,UPI,Success
503327,102559,2030-01-06 04:33:00,ATM Withdrawal,38637.27,2,Swiggy,Debit Card,Success
503328,102576,2030-01-11 16:32:00,Online Transfer,44468.28,15,Zomato,Credit Card,Success
503329,102593,2030-01-17 04:31:00,Cash Withdrawal,399.29,28,Myntra,Net Banking,Success
503330,102610,2030-01-22 16:30:00,Deposit,6230.3,41,Uber,ATM,Success
503331,102627,2030-01-28 04:29:00,UPI,12061.31,4,IRCTC,UPI,Success
503332,102644,2030-02-02 16:28:00,Card Payment,17892.32,17,Reliance,Debit Card,Success
503333,102661,2030-02-08 04:27:00,ATM Withdrawal,23723.33,30,DMart,Credit Card,Success
503334,102678,2030-02-13 16:26:00,Online Transfer,29554.34,43,Netflix,Net Banking,Success
503335,102695,2030-02-19 04:25:00,Cash Withdrawal,35385.35,6,PhonePe,ATM,Success
503336,102712,2030-02-24 16:24:00,Deposit,41216.36,19,Google Pay,UPI,Success
503337,102729,2030-03-02 04:23:00,UPI,47047.37,32,Amazon,Debit Card,Success
503338,102746,2030-03-07 16:22:00,Card Payment,2978.38,45,Flipkart,Credit Card,Success
503339,102763,2026-01-03 04:21:00,ATM Withdrawal,8809.39,8,Swiggy,Net Banking,Success
503340,102780,2026-01-08 16:20:00,Online Transfer,14640.4,21,Zomato,ATM,Success
503341,102797,2026-01-14 04:19:00,Cash Withdrawal,20471.41,34,Myntra,UPI,Success
503342,102814,2026-01-19 16:18:00,Deposit,26302.42,47,Uber,Debit Card,Success
503343,102831,2026-01-25 04:17:00,UPI,32133.43,10,IRCTC,Credit Card,Success
503344,102848,2026-01-30 16:16:00,Card Payment,37964.44,23,Reliance,Net Banking,Success
503345,102865,2026-02-05 04:15:00,ATM Withdrawal,43795.45,36,DMart,ATM,Success
503346,102882,2026-02-10 16:14:00,Online Transfer,49626.46,49,Netflix,UPI,Success
503347,102899,2026-02-16 04:13:00,Cash Withdrawal,5557.47,12,PhonePe,Debit Card,Success
503348,102916,2026-02-21 16:12:00,Deposit,11388.48,25,Google Pay,Credit Card,Success
503349,102933,2026-02-27 04:11:00,UPI,17219.49,38,Amazon,Net Banking,Success
503350,102950,2026-03-04 16:10:00,Card Payment,23050.5,1,Flipkart,ATM,Pending
503351,102967,2026-03-10 04:09:00,ATM Withdrawal,28881.51,14,Swiggy,UPI,Success
503352,102984,2026-03-15 16:08:00,Online Transfer,34712.52,27,Zomato,Debit Card,Success
503353,100001,2026-03-21 04:07:00,Cash Withdrawal,40543.53,40,Myntra,Credit Card,Success
503354,100018,2026-03-26 16:06:00,Deposit,46374.54,3,Uber,Net Banking,Success
503355,100035,2026-04-01 04:05:00,UPI,2305.55,16,IRCTC,ATM,Success
503356,100052,2026-04-06 16:04:00,Card Payment,8136.56,29,Reliance,UPI,Success
503357,100069,2026-04-12 04:03:00,ATM Withdrawal,13967.57,42,DMart,Debit Card,Success
503358,100086,2026-04-17 16:02:00,Online Transfer,19798.58,5,Netflix,Credit Card,Success
503359,100103,2026-04-23 04:01:00,Cash Withdrawal,25629.59,18,PhonePe,Net Banking,Success
503360,100120,2026-04-28 16:00:00,Deposit,31460.6,31,Google Pay,ATM,Success
503361,100137,2026-05-04 03:59:00,UPI,37291.61,44,Amazon,UPI,Success
503362,100154,2026-05-09 15:58:00,Card Payment,43122.62,7,Flipkart,Debit Card,Success
503363,100171,2026-05-15 03:57:00,ATM Withdrawal,48953.63,20,Swiggy,Credit Card,Success
503364,100188,2026-05-20 15:56:00,Online Transfer,4884.64,33,Zomato,Net Banking,Success
503365,100205,2026-05-26 03:55:00,Cash Withdrawal,10715.65,46,Myntra,ATM,Success
503366,100222,2026-05-31 15:54:00,Deposit,16546.66,9,Uber,UPI,Success
503367,100239,2026-06-06 03:53:00,UPI,22377.67,22,IRCTC,Debit Card,Success
503368,100256,2026-06-11 15:52:00,Card Payment,28208.68,35,Reliance,Credit Card,Success
503369,100273,2026-06-17 03:51:00,ATM Withdrawal,34039.69,48,DMart,Net Banking,Success
503370,100290,2026-06-22 15:50:00,Online Transfer,39870.7,11,Netflix,ATM,Success
503371,100307,2026-06-28 03:49:00,Cash Withdrawal,45701.71,24,PhonePe,UPI,Success
503372,100324,2026-07-03 15:48:00,Deposit,1632.72,37,Google Pay,Debit Card,Success
503373,100341,2026-07-09 03:47:00,UPI,7463.73,50,Amazon,Credit Card,Success
503374,100358,2026-07-14 15:46:00,Card Payment,13294.74,13,Flipkart,Net Banking,Success
503375,100375,2026-07-20 03:45:00,ATM Withdrawal,19125.75,26,Swiggy,ATM,Success
503376,100392,2026-07-25 15:44:00,Online Transfer,24956.76,39,Zomato,UPI,Success
503377,100409,2026-07-31 03:43:00,Cash Withdrawal,30787.77,2,Myntra,Debit Card,Success
503378,100426,2026-08-05 15:42:00,Deposit,36618.78,15,Uber,Credit Card,Success
503379,100443,2026-08-11 03:41:00,UPI,42449.79,28,IRCTC,Net Banking,Success
503380,100460,2026-08-16 15:40:00,Card Payment,48280.8,41,Reliance,ATM,Success
503381,100477,2026-08-22 03:39:00,ATM Withdrawal,4211.81,4,DMart,UPI,Success
503382,100494,2026-08-27 15:38:00,Online Transfer,367058.0,17,Netflix,Debit Card,Success
503383,100511,2026-09-02 03:37:00,Cash Withdrawal,15873.83,30,PhonePe,Credit Card,Success
503384,100528,2026-09-07 15:36:00,Deposit,21704.84,43,Google Pay,Net Banking,Success
503385,100545,2026-09-13 03:35:00,UPI,27535.85,6,Amazon,ATM,Success
503386,100562,2026-09-18 15:34:00,Card Payment,33366.86,19,Flipkart,UPI,Success
503387,100579,2026-09-24 03:33:00,ATM Withdrawal,39197.87,32,Swiggy,Debit Card,Success
503388,100596,2026-09-29 15:32:00,Online Transfer,45028.88,45,Zomato,Credit Card,Success
503389,100613,2026-10-05 03:31:00,Cash Withdrawal,959.89,8,Myntra,Net Banking,Success
503390,100630,2026-10-10 15:30:00,Deposit,6790.9,21,Uber,ATM,Failed
503391,100647,2026-10-16 03:29:00,UPI,12621.91,34,IRCTC,UPI,Success
503392,100664,2026-10-21 15:28:00,Card Payment,18452.92,47,Reliance,Debit Card,Success
503393,100681,2026-10-27 03:27:00,ATM Withdrawal,24283.93,10,DMart,Credit Card,Success
503394,100698,2026-11-01 15:26:00,Online Transfer,30114.94,23,Netflix,Net Banking,Success
503395,100715,2026-11-07 03:25:00,Cash Withdrawal,35945.95,36,PhonePe,ATM,Success
503396,100732,2026-11-12 15:24:00,Deposit,41776.96,49,Google Pay,UPI,Success
503397,100749,2026-11-18 03:23:00,UPI,47607.97,12,Amazon,Debit Card,Success
503398,100766,2026-11-23 15:22:00,Card Payment,3538.98,25,Flipkart,Credit Card,Success
503399,100783,2026-11-29 03:21:00,ATM Withdrawal,9369.99,38,Swiggy,Net Banking,Success
503400,100800,2026-12-04 15:20:00,Online Transfer,15200.0,1,Zomato,ATM,Success
503401,100817,2026-12-10 03:19:00,Cash Withdrawal,21031.01,14,Myntra,UPI,Success
503402,100834,2026-12-15 15:18:00,Deposit,26862.02,27,Uber,Debit Card,Success
503403,100851,2026-12-21 03:17:00,UPI,32693.03,40,IRCTC,Credit Card,Success
503404,100868,2026-12-26 15:16:00,Card Payment,38524.04,3,Reliance,Net Banking,Success
503405,100885,2027-01-01 03:15:00,ATM Withdrawal,44355.05,16,DMart,ATM,Success
503406,100902,2027-01-06 15:14:00,Online Transfer,286.06,29,Netflix,UPI,Success
503407,100919,2027-01-12 03:13:00,Cash Withdrawal,6117.07,42,PhonePe,Debit Card,Success
503408,100936,2027-01-17 15:12:00,Deposit,11948.08,5,Google Pay,Credit Card,Success
503409,100953,2027-01-23 03:11:00,UPI,17779.09,18,Amazon,Net Banking,Success
503410,100970,2027-01-28 15:10:00,Card Payment,23610.1,31,Flipkart,ATM,Success
503411,100987,2027-02-03 03:09:00,ATM Withdrawal,29441.11,44,Swiggy,UPI,Success
503412,101004,2027-02-08 15:08:00,Online Transfer,35272.12,7,Zomato,Debit Card,Success
503413,101021,2027-02-14 03:07:00,Cash Withdrawal,41103.13,20,Myntra,Credit Card,Success
503414,101038,2027-02-19 15:06:00,Deposit,46934.14,33,Uber,Net Banking,Success
503415,101055,2027-02-25 03:05:00,UPI,2865.15,46,IRCTC,ATM,Success
503416,101072,2027-03-02 15:04:00,Card Payment,8696.16,9,Reliance,UPI,Success
503417,101089,2027-03-08 03:03:00,ATM Withdrawal,14527.17,22,DMart,Debit Card,Pending
503418,101106,2027-03-13 15:02:00,Online Transfer,20358.18,35,Netflix,Credit Card,Success
503419,101123,2027-03-19 03:01:00,Cash Withdrawal,26189.19,48,PhonePe,Net Banking,Success
503420,101140,2027-03-24 15:00:00,Deposit,32020.2,11,Google Pay,ATM,Success
503421,101157,2027-03-30 02:59:00,UPI,37851.21,24,Amazon,UPI,Success
503422,101174,2027-04-04 14:58:00,Card Payment,43682.22,37,Flipkart,Debit Card,Success
503423,101191,2027-04-10 02:57:00,ATM Withdrawal,49513.23,50,Swiggy,Credit Card,Success
503424,101208,2027-04-15 14:56:00,Online Transfer,5444.24,13,Zomato,Net Banking,Success
503425,101225,2027-04-21 02:55:00,Cash Withdrawal,11275.25,26,Myntra,ATM,Success
503426,101242,2027-04-26 14:54:00,Deposit,17106.26,39,Uber,UPI,Success
503427,101259,2027-05-02 02:53:00,UPI,22937.27,2,IRCTC,Debit Card,Success
503428,101276,2027-05-07 14:52:00,Card Payment,28768.28,15,Reliance,Credit Card,Success
503429,101293,2027-05-13 02:51:00,ATM Withdrawal,506599.0,28,DMart,Net Banking,Success
503430,101310,2027-05-18 14:50:00,Online Transfer,40430.3,41,Netflix,ATM,Success
503431,101327,2027-05-24 02:49:00,Cash Withdrawal,46261.31,4,PhonePe,UPI,Success
503432,101344,2027-05-29 14:48:00,Deposit,2192.32,17,Google Pay,Debit Card,Success
503433,101361,2027-06-04 02:47:00,UPI,8023.33,30,Amazon,Credit Card,Success
503434,101378,2027-06-09 14:46:00,Card Payment,13854.34,43,Flipkart,Net Banking,Success
503435,101395,2027-06-15 02:45:00,ATM Withdrawal,19685.35,6,Swiggy,ATM,Success
503436,101412,2027-06-20 14:44:00,Online Transfer,25516.36,19,Zomato,UPI,Success
503437,101429,2027-06-26 02:43:00,Cash Withdrawal,31347.37,32,Myntra,Debit Card,Success
503438,101446,2027-07-01 14:42:00,Deposit,37178.38,45,Uber,Credit Card,Success
503439,101463,2027-07-07 02:41:00,UPI,43009.39,8,IRCTC,Net Banking,Success
503440,101480,2027-07-12 14:40:00,Card Payment,48840.4,21,Reliance,ATM,Success
503441,101497,2027-07-18 02:39:00,ATM Withdrawal,4771.41,34,DMart,UPI,Success
503442,101514,2027-07-23 14:38:00,Online Transfer,10602.42,47,Netflix,Debit Card,Success
503443,101531,2027-07-29 02:37:00,Cash Withdrawal,16433.43,10,PhonePe,Credit Card,Success
503444,101548,2027-08-03 14:36:00,Deposit,22264.44,23,Google Pay,Net Banking,Success
503445,101565,2027-08-09 02:35:00,UPI,28095.45,36,Amazon,ATM,Success
503446,101582,2027-08-14 14:34:00,Card Payment,33926.46,49,Flipkart,UPI,Success
503447,101599,2027-08-20 02:33:00,ATM Withdrawal,39757.47,12,Swiggy,Debit Card,Success
503448,101616,2027-08-25 14:32:00,Online Transfer,45588.48,25,Zomato,Credit Card,Success
503449,101633,2027-08-31 02:31:00,Cash Withdrawal,1519.49,38,Myntra,Net Banking,Success
503450,101650,2027-09-05 14:30:00,Deposit,7350.5,1,Uber,ATM,Success
503451,101667,2027-09-11 02:29:00,UPI,13181.51,14,IRCTC,UPI,Success
503452,101684,2027-09-16 14:28:00,Card Payment,19012.52,27,Reliance,Debit Card,Success
503453,101701,2027-09-22 02:27:00,ATM Withdrawal,24843.53,40,DMart,Credit Card,Success
503454,101718,2027-09-27 14:26:00,Online Transfer,30674.54,3,Netflix,Net Banking,Success
503455,101735,2027-10-03 02:25:00,Cash Withdrawal,36505.55,16,PhonePe,ATM,Success
503456,101752,2027-10-08 14:24:00,Deposit,42336.56,29,Google Pay,UPI,Success
503457,101769,2027-10-14 02:23:00,UPI,48167.57,42,Amazon,Debit Card,Success
503458,101786,2027-10-19 14:22:00,Card Payment,4098.58,5,Flipkart,Credit Card,Success
503459,101803,2027-10-25 02:21:00,ATM Withdrawal,9929.59,18,Swiggy,Net Banking,Success
503460,101820,2027-10-30 14:20:00,Online Transfer,15760.6,31,Zomato,ATM,Success
503461,101837,2027-11-05 02:19:00,Cash Withdrawal,21591.61,44,Myntra,UPI,Success
503462,101854,2027-11-10 14:18:00,Deposit,27422.62,7,Uber,Debit Card,Success
503463,101871,2027-11-16 02:17:00,UPI,33253.63,20,IRCTC,Credit Card,Success
503464,101888,2027-11-21 14:16:00,Card Payment,39084.64,33,Reliance,Net Banking,Success
503465,101905,2027-11-27 02:15:00,ATM Withdrawal,44915.65,46,DMart,ATM,Success
503466,101922,2027-12-02 14:14:00,Online Transfer,846.66,9,Netflix,UPI,Success
503467,101939,2027-12-08 02:13:00,Cash Withdrawal,6677.67,22,PhonePe,Debit Card,Success
503468,101956,2027-12-13 14:12:00,Deposit,12508.68,35,Google Pay,Credit Card,Success
503469,101973,2027-12-19 02:11:00,UPI,18339.69,48,Amazon,Net Banking,Success
503470,101990,2027-12-24 14:10:00,Card Payment,24170.7,11,Flipkart,ATM,Success
503471,102007,2027-12-30 02:09:00,ATM Withdrawal,404349.0,24,Swiggy,UPI,Success
503472,102024,2028-01-04 14:08:00,Online Transfer,35832.72,37,Zomato,Debit Card,Success
503473,102041,2028-01-10 02:07:00,Cash Withdrawal,41663.73,50,Myntra,Credit Card,Success
503474,102058,2028-01-15 14:06:00,Deposit,47494.74,13,Uber,Net Banking,Success
503475,102075,2028-01-21 02:05:00,UPI,3425.75,26,IRCTC,ATM,Success
503476,102092,2028-01-26 14:04:00,Card Payment,9256.76,39,Reliance,UPI,Success
503477,102109,2028-02-01 02:03:00,ATM Withdrawal,15087.77,2,DMart,Debit Card,Success
503478,102126,2028-02-06 14:02:00,Online Transfer,20918.78,15,Netflix,Credit Card,Success
503479,102143,2028-02-12 02:01:00,Cash Withdrawal,26749.79,28,PhonePe,Net Banking,Success
503480,102160,2028-02-17 14:00:00,Deposit,32580.8,41,Google Pay,ATM,Success
503481,102177,2028-02-23 01:59:00,UPI,38411.81,4,Amazon,UPI,Success
503482,102194,2028-02-28 13:58:00,Card Payment,44242.82,17,Flipkart,Debit Card,Success
503483,102211,2028-03-05 01:57:00,ATM Withdrawal,173.83,30,Swiggy,Credit Card,Success
503484,102228,2028-03-10 13:56:00,Online Transfer,6004.84,43,Zomato,Net Banking,Pending
503485,102245,2028-03-16 01:55:00,Cash Withdrawal,11835.85,6,Myntra,ATM,Success
503486,102262,2028-03-21 13:54:00,Deposit,17666.86,19,Uber,UPI,Success
503487,102279,2028-03-27 01:53:00,UPI,23497.87,32,IRCTC,Debit Card,Success
503488,102296,2028-04-01 13:52:00,Card Payment,29328.88,45,Reliance,Credit Card,Success
503489,102313,2028-04-07 01:51:00,ATM Withdrawal,35159.89,8,DMart,Net Banking,Success
503490,102330,2028-04-12 13:50:00,Online Transfer,40990.9,21,Netflix,ATM,Success
503491,102347,2028-04-18 01:49:00,Cash Withdrawal,46821.91,34,PhonePe,UPI,Success
503492,102364,2028-04-23 13:48:00,Deposit,2752.92,47,Google Pay,Debit Card,Success
503493,102381,2028-04-29 01:47:00,UPI,8583.93,10,Amazon,Credit Card,Success
503494,102398,2028-05-04 13:46:00,Card Payment,14414.94,23,Flipkart,Net Banking,Success
503495,102415,2028-05-10 01:45:00,ATM Withdrawal,20245.95,36,Swiggy,ATM,Success
503496,102432,2028-05-15 13:44:00,Online Transfer,26076.96,49,Zomato,UPI,Success
503497,102449,2028-05-21 01:43:00,Cash Withdrawal,31907.97,12,Myntra,Debit Card,Success
503498,102466,2028-05-26 13:42:00,Deposit,37738.98,25,Uber,Credit Card,Success
503499,102483,2028-06-01 01:41:00,UPI,43569.99,38,IRCTC,Net Banking,Success
503500,102500,2028-06-06 13:40:00,Card Payment,49400.0,1,Reliance,ATM,Success
503501,102517,2028-06-12 01:39:00,ATM Withdrawal,5331.01,14,DMart,UPI,Success
503502,102534,2028-06-17 13:38:00,Online Transfer,11162.02,27,Netflix,Debit Card,Success
503503,102551,2028-06-23 01:37:00,Cash Withdrawal,16993.03,40,PhonePe,Credit Card,Failed
503504,102568,2028-06-28 13:36:00,Deposit,22824.04,3,Google Pay,Net Banking,Success
503505,102585,2028-07-04 01:35:00,UPI,28655.05,16,Amazon,ATM,Success
503506,102602,2028-07-09 13:34:00,Card Payment,34486.06,29,Flipkart,UPI,Success
503507,102619,2028-07-15 01:33:00,ATM Withdrawal,40317.07,42,Swiggy,Debit Card,Success
503508,102636,2028-07-20 13:32:00,Online Transfer,46148.08,5,Zomato,Credit Card,Success
503509,102653,2028-07-26 01:31:00,Cash Withdrawal,2079.09,18,Myntra,Net Banking,Success
503510,102670,2028-07-31 13:30:00,Deposit,7910.1,31,Uber,ATM,Success
503511,102687,2028-08-06 01:29:00,UPI,13741.11,44,IRCTC,UPI,Success
503512,102704,2028-08-11 13:28:00,Card Payment,19572.12,7,Reliance,Debit Card,Success
503513,102721,2028-08-17 01:27:00,ATM Withdrawal,25403.13,20,DMart,Credit Card,Success
503514,102738,2028-08-22 13:26:00,Online Transfer,31234.14,33,Netflix,Net Banking,Success
503515,102755,2028-08-28 01:25:00,Cash Withdrawal,37065.15,46,PhonePe,ATM,Success
503516,102772,2028-09-02 13:24:00,Deposit,42896.16,9,Google Pay,UPI,Success
503517,102789,2028-09-08 01:23:00,UPI,48727.17,22,Amazon,Debit Card,Success
503518,102806,2028-09-13 13:22:00,Card Payment,4658.18,35,Flipkart,Credit Card,Success
503519,102823,2028-09-19 01:21:00,ATM Withdrawal,10489.19,48,Swiggy,Net Banking,Success
503520,102840,2028-09-24 13:20:00,Online Transfer,16320.2,11,Zomato,ATM,Success
503521,102857,2028-09-30 01:19:00,Cash Withdrawal,22151.21,24,Myntra,UPI,Success
503522,102874,2028-10-05 13:18:00,Deposit,27982.22,37,Uber,Debit Card,Success
503523,102891,2028-10-11 01:17:00,UPI,33813.23,50,IRCTC,Credit Card,Success
503524,102908,2028-10-16 13:16:00,Card Payment,39644.24,13,Reliance,Net Banking,Success
503525,102925,2028-10-22 01:15:00,ATM Withdrawal,45475.25,26,DMart,ATM,Success
503526,102942,2028-10-27 13:14:00,Online Transfer,1406.26,39,Netflix,UPI,Success
503527,102959,2028-11-02 01:13:00,Cash Withdrawal,7237.27,2,PhonePe,Debit Card,Success
503528,102976,2028-11-07 13:12:00,Deposit,13068.28,15,Google Pay,Credit Card,Success
503529,102993,2028-11-13 01:11:00,UPI,18899.29,28,Amazon,Net Banking,Success
503530,100010,2028-11-18 13:10:00,Card Payment,24730.3,41,Flipkart,ATM,Success
503531,100027,2028-11-24 01:09:00,ATM Withdrawal,30561.31,4,Swiggy,UPI,Success
503532,100044,2028-11-29 13:08:00,Online Transfer,36392.32,17,Zomato,Debit Card,Success
503533,100061,2028-12-05 01:07:00,Cash Withdrawal,42223.33,30,Myntra,Credit Card,Success
503534,100078,2028-12-10 13:06:00,Deposit,48054.34,43,Uber,Net Banking,Success
503535,100095,2028-12-16 01:05:00,UPI,3985.35,6,IRCTC,ATM,Success
503536,100112,2028-12-21 13:04:00,Card Payment,9816.36,19,Reliance,UPI,Success
503537,100129,2028-12-27 01:03:00,ATM Withdrawal,15647.37,32,DMart,Debit Card,Success
503538,100146,2029-01-01 13:02:00,Online Transfer,21478.38,45,Netflix,Credit Card,Success
503539,100163,2029-01-07 01:01:00,Cash Withdrawal,27309.39,8,PhonePe,Net Banking,Success
503540,100180,2029-01-12 13:00:00,Deposit,33140.4,21,Google Pay,ATM,Success
503541,100197,2029-01-18 00:59:00,UPI,38971.41,34,Amazon,UPI,Success
503542,100214,2029-01-23 12:58:00,Card Payment,44802.42,47,Flipkart,Debit Card,Success
503543,100231,2029-01-29 00:57:00,ATM Withdrawal,733.43,10,Swiggy,Credit Card,Success
503544,100248,2029-02-03 12:56:00,Online Transfer,6564.44,23,Zomato,Net Banking,Success
503545,100265,2029-02-09 00:55:00,Cash Withdrawal,12395.45,36,Myntra,ATM,Success
503546,100282,2029-02-14 12:54:00,Deposit,18226.46,49,Uber,UPI,Success
503547,100299,2029-02-20 00:53:00,UPI,24057.47,12,IRCTC,Debit Card,Success
503548,100316,2029-02-25 12:52:00,Card Payment,29888.48,25,Reliance,Credit Card,Success
503549,100333,2029-03-03 00:51:00,ATM Withdrawal,35719.49,38,DMart,Net Banking,Success
503550,100350,2029-03-08 12:50:00,Online Transfer,41550.5,1,Netflix,ATM,Success
503551,100367,2029-03-14 00:49:00,Cash Withdrawal,47381.51,14,PhonePe,UPI,Pending
503552,100384,2029-03-19 12:48:00,Deposit,3312.52,27,Google Pay,Debit Card,Success
503553,100401,2029-03-25 00:47:00,UPI,9143.53,40,Amazon,Credit Card,Success
503554,100418,2029-03-30 12:46:00,Card Payment,14974.54,3,Flipkart,Net Banking,Success
503555,100435,2029-04-05 00:45:00,ATM Withdrawal,20805.55,16,Swiggy,ATM,Success
503556,100452,2029-04-10 12:44:00,Online Transfer,599436.0,29,Zomato,UPI,Success
503557,100469,2029-04-16 00:43:00,Cash Withdrawal,32467.57,42,Myntra,Debit Card,Success
503558,100486,2029-04-21 12:42:00,Deposit,38298.58,5,Uber,Credit Card,Success
503559,100503,2029-04-27 00:41:00,UPI,44129.59,18,IRCTC,Net Banking,Success
503560,100520,2029-05-02 12:40:00,Card Payment,441640.0,31,Reliance,ATM,Success
503561,100537,2029-05-08 00:39:00,ATM Withdrawal,5891.61,44,DMart,UPI,Success
503562,100554,2029-05-13 12:38:00,Online Transfer,11722.62,7,Netflix,Debit Card,Success
503563,100571,2029-05-19 00:37:00,Cash Withdrawal,17553.63,20,PhonePe,Credit Card,Success
503564,100588,2029-05-24 12:36:00,Deposit,23384.64,33,Google Pay,Net Banking,Success
503565,100605,2029-05-30 00:35:00,UPI,29215.65,46,Amazon,ATM,Success
503566,100622,2029-06-04 12:34:00,Card Payment,35046.66,9,Flipkart,UPI,Success
503567,100639,2029-06-10 00:33:00,ATM Withdrawal,40877.67,22,Swiggy,Debit Card,Success
503568,100656,2029-06-15 12:32:00,Online Transfer,46708.68,35,Zomato,Credit Card,Success
503569,100673,2029-06-21 00:31:00,Cash Withdrawal,2639.69,48,Myntra,Net Banking,Success
503570,100690,2029-06-26 12:30:00,Deposit,8470.7,11,Uber,ATM,Success
503571,100707,2029-07-02 00:29:00,UPI,14301.71,24,IRCTC,UPI,Success
503572,100724,2029-07-07 12:28:00,Card Payment,20132.72,37,Reliance,Debit Card,Success
503573,100741,2029-07-13 00:27:00,ATM Withdrawal,25963.73,50,DMart,Credit Card,Success
503574,100758,2029-07-18 12:26:00,Online Transfer,31794.74,13,Netflix,Net Banking,Success
503575,100775,2029-07-24 00:25:00,Cash Withdrawal,37625.75,26,PhonePe,ATM,Success
503576,100792,2029-07-29 12:24:00,Deposit,43456.76,39,Google Pay,UPI,Success
503577,100809,2029-08-04 00:23:00,UPI,49287.77,2,Amazon,Debit Card,Success
503578,100826,2029-08-09 12:22:00,Card Payment,5218.78,15,Flipkart,Credit Card,Success
503579,100843,2029-08-15 00:21:00,ATM Withdrawal,11049.79,28,Swiggy,Net Banking,Success
503580,100860,2029-08-20 12:20:00,Online Transfer,16880.8,41,Zomato,ATM,Success
503581,100877,2029-08-26 00:19:00,Cash Withdrawal,22711.81,4,Myntra,UPI,Success
503582,100894,2029-08-31 12:18:00,Deposit,28542.82,17,Uber,Debit Card,Success
503583,100911,2029-09-06 00:17:00,UPI,34373.83,30,IRCTC,Credit Card,Success
503584,100928,2029-09-11 12:16:00,Card Payment,40204.84,43,Reliance,Net Banking,Success
503585,100945,2029-09-17 00:15:00,ATM Withdrawal,46035.85,6,DMart,ATM,Success
503586,100962,2029-09-22 12:14:00,Online Transfer,1966.86,19,Netflix,UPI,Success
503587,100979,2029-09-28 00:13:00,Cash Withdrawal,7797.87,32,PhonePe,Debit Card,Success
503588,100996,2029-10-03 12:12:00,Deposit,13628.88,45,Google Pay,Credit Card,Success
503589,101013,2029-10-09 00:11:00,UPI,19459.89,8,Amazon,Net Banking,Success
503590,101030,2029-10-14 12:10:00,Card Payment,25290.9,21,Flipkart,ATM,Success
503591,101047,2029-10-20 00:09:00,ATM Withdrawal,31121.91,34,Swiggy,UPI,Success
503592,101064,2029-10-25 12:08:00,Online Transfer,36952.92,47,Zomato,Debit Card,Success
503593,101081,2029-10-31 00:07:00,Cash Withdrawal,42783.93,10,Myntra,Credit Card,Success
503594,101098,2029-11-05 12:06:00,Deposit,48614.94,23,Uber,Net Banking,Success
503595,101115,2029-11-11 00:05:00,UPI,4545.95,36,IRCTC,ATM,Success
503596,101132,2029-11-16 12:04:00,Card Payment,10376.96,49,Reliance,UPI,Success
503597,101149,2029-11-22 00:03:00,ATM Withdrawal,16207.97,12,DMart,Debit Card,Success
503598,101166,2029-11-27 12:02:00,Online Transfer,22038.98,25,Netflix,Credit Card,Success
503599,101183,2029-12-03 00:01:00,Cash Withdrawal,27869.99,38,PhonePe,Net Banking,Success
503600,101200,2029-12-08 12:00:00,Deposit,33700.0,1,Google Pay,ATM,Success
503601,101217,2029-12-13 23:59:00,UPI,39531.01,14,Amazon,UPI,Success
503602,101234,2029-12-19 11:58:00,Card Payment,45362.02,27,Flipkart,Debit Card,Success
503603,101251,2029-12-24 23:57:00,ATM Withdrawal,1293.03,40,Swiggy,Credit Card,Success
503604,101268,2029-12-30 11:56:00,Online Transfer,7124.04,3,Zomato,Net Banking,Success
503605,101285,2030-01-04 23:55:00,Cash Withdrawal,12955.05,16,Myntra,ATM,Success
503606,101302,2030-01-10 11:54:00,Deposit,18786.06,29,Uber,UPI,Success
503607,101319,2030-01-15 23:53:00,UPI,24617.07,42,IRCTC,Debit Card,Success
503608,101336,2030-01-21 11:52:00,Card Payment,30448.08,5,Reliance,Credit Card,Success
503609,101353,2030-01-26 23:51:00,ATM Withdrawal,36279.09,18,DMart,Net Banking,Success
503610,101370,2030-02-01 11:50:00,Online Transfer,42110.1,31,Netflix,ATM,Success
503611,101387,2030-02-06 23:49:00,Cash Withdrawal,47941.11,44,PhonePe,UPI,Success
503612,101404,2030-02-12 11:48:00,Deposit,3872.12,7,Google Pay,Debit Card,Success
503613,101421,2030-02-17 23:47:00,UPI,9703.13,20,Amazon,Credit Card,Success
503614,101438,2030-02-23 11:46:00,Card Payment,15534.14,33,Flipkart,Net Banking,Success
503615,101455,2030-02-28 23:45:00,ATM Withdrawal,21365.15,46,Swiggy,ATM,Success
503616,101472,2030-03-06 11:44:00,Online Transfer,27196.16,9,Zomato,UPI,Failed
503617,101489,2026-01-01 23:43:00,Cash Withdrawal,33027.17,22,Myntra,Debit Card,Success
503618,101506,2026-01-07 11:42:00,Deposit,38858.18,35,Uber,Credit Card,Pending
503619,101523,2026-01-12 23:41:00,UPI,44689.19,48,IRCTC,Net Banking,Success
503620,101540,2026-01-18 11:40:00,Card Payment,620.2,11,Reliance,ATM,Success
503621,101557,2026-01-23 23:39:00,ATM Withdrawal,6451.21,24,DMart,UPI,Success
503622,101574,2026-01-29 11:38:00,Online Transfer,12282.22,37,Netflix,Debit Card,Success
503623,101591,2026-02-03 23:37:00,Cash Withdrawal,18113.23,50,PhonePe,Credit Card,Success
503624,101608,2026-02-09 11:36:00,Deposit,23944.24,13,Google Pay,Net Banking,Success
503625,101625,2026-02-14 23:35:00,UPI,29775.25,26,Amazon,ATM,Success
503626,101642,2026-02-20 11:34:00,Card Payment,35606.26,39,Flipkart,UPI,Success
503627,101659,2026-02-25 23:33:00,ATM Withdrawal,41437.27,2,Swiggy,Debit Card,Success
503628,101676,2026-03-03 11:32:00,Online Transfer,47268.28,15,Zomato,Credit Card,Success
503629,101693,2026-03-08 23:31:00,Cash Withdrawal,3199.29,28,Myntra,Net Banking,Success
503630,101710,2026-03-14 11:30:00,Deposit,9030.3,41,Uber,ATM,Success
503631,101727,2026-03-19 23:29:00,UPI,14861.31,4,IRCTC,UPI,Success
503632,101744,2026-03-25 11:28:00,Card Payment,20692.32,17,Reliance,Debit Card,Success
503633,101761,2026-03-30 23:27:00,ATM Withdrawal,26523.33,30,DMart,Credit Card,Success
503634,101778,2026-04-05 11:26:00,Online Transfer,32354.34,43,Netflix,Net Banking,Success
503635,101795,2026-04-10 23:25:00,Cash Withdrawal,38185.35,6,PhonePe,ATM,Success
503636,101812,2026-04-16 11:24:00,Deposit,44016.36,19,Google Pay,UPI,Success
503637,101829,2026-04-21 23:23:00,UPI,49847.37,32,Amazon,Debit Card,Success
503638,101846,2026-04-27 11:22:00,Card Payment,5778.38,45,Flipkart,Credit Card,Success
503639,101863,2026-05-02 23:21:00,ATM Withdrawal,11609.39,8,Swiggy,Net Banking,Success
503640,101880,2026-05-08 11:20:00,Online Transfer,17440.4,21,Zomato,ATM,Success
503641,101897,2026-05-13 23:19:00,Cash Withdrawal,23271.41,34,Myntra,UPI,Success
503642,101914,2026-05-19 11:18:00,Deposit,29102.42,47,Uber,Debit Card,Success
503643,101931,2026-05-24 23:17:00,UPI,34933.43,10,IRCTC,Credit Card,Success
503644,101948,2026-05-30 11:16:00,Card Payment,40764.44,23,Reliance,Net Banking,Success
503645,101965,2026-06-04 23:15:00,ATM Withdrawal,46595.45,36,DMart,ATM,Success
503646,101982,2026-06-10 11:14:00,Online Transfer,2526.46,49,Netflix,UPI,Success
503647,101999,2026-06-15 23:13:00,Cash Withdrawal,8357.47,12,PhonePe,Debit Card,Success
503648,102016,2026-06-21 11:12:00,Deposit,14188.48,25,Google Pay,Credit Card,Success
503649,102033,2026-06-26 23:11:00,UPI,178931.0,38,Amazon,Net Banking,Success
503650,102050,2026-07-02 11:10:00,Card Payment,25850.5,1,Flipkart,ATM,Success
503651,102067,2026-07-07 23:09:00,ATM Withdrawal,31681.51,14,Swiggy,UPI,Success
503652,102084,2026-07-13 11:08:00,Online Transfer,37512.52,27,Zomato,Debit Card,Success
503653,102101,2026-07-18 23:07:00,Cash Withdrawal,43343.53,40,Myntra,Credit Card,Success
503654,102118,2026-07-24 11:06:00,Deposit,49174.54,3,Uber,Net Banking,Success
503655,102135,2026-07-29 23:05:00,UPI,5105.55,16,IRCTC,ATM,Success
503656,102152,2026-08-04 11:04:00,Card Payment,10936.56,29,Reliance,UPI,Success
503657,102169,2026-08-09 23:03:00,ATM Withdrawal,16767.57,42,DMart,Debit Card,Success
503658,102186,2026-08-15 11:02:00,Online Transfer,22598.58,5,Netflix,Credit Card,Success
503659,102203,2026-08-20 23:01:00,Cash Withdrawal,28429.59,18,PhonePe,Net Banking,Success
503660,102220,2026-08-26 11:00:00,Deposit,34260.6,31,Google Pay,ATM,Success
503661,102237,2026-08-31 22:59:00,UPI,40091.61,44,Amazon,UPI,Success
503662,102254,2026-09-06 10:58:00,Card Payment,45922.62,7,Flipkart,Debit Card,Success
503663,102271,2026-09-11 22:57:00,ATM Withdrawal,1853.63,20,Swiggy,Credit Card,Success
503664,102288,2026-09-17 10:56:00,Online Transfer,7684.64,33,Zomato,Net Banking,Success
503665,102305,2026-09-22 22:55:00,Cash Withdrawal,13515.65,46,Myntra,ATM,Success
503666,102322,2026-09-28 10:54:00,Deposit,19346.66,9,Uber,UPI,Success
503667,102339,2026-10-03 22:53:00,UPI,25177.67,22,IRCTC,Debit Card,Success
503668,102356,2026-10-09 10:52:00,Card Payment,31008.68,35,Reliance,Credit Card,Success
503669,102373,2026-10-14 22:51:00,ATM Withdrawal,36839.69,48,DMart,Net Banking,Success
503670,102390,2026-10-20 10:50:00,Online Transfer,42670.7,11,Netflix,ATM,Success
503671,102407,2026-10-25 22:49:00,Cash Withdrawal,48501.71,24,PhonePe,UPI,Success
503672,102424,2026-10-31 10:48:00,Deposit,4432.72,37,Google Pay,Debit Card,Success
503673,102441,2026-11-05 22:47:00,UPI,10263.73,50,Amazon,Credit Card,Success
503674,102458,2026-11-11 10:46:00,Card Payment,16094.74,13,Flipkart,Net Banking,Success
503675,102475,2026-11-16 22:45:00,ATM Withdrawal,21925.75,26,Swiggy,ATM,Success
503676,102492,2026-11-22 10:44:00,Online Transfer,27756.76,39,Zomato,UPI,Success
503677,102509,2026-11-27 22:43:00,Cash Withdrawal,33587.77,2,Myntra,Debit Card,Success
503678,102526,2026-12-03 10:42:00,Deposit,39418.78,15,Uber,Credit Card,Success
503679,102543,2026-12-08 22:41:00,UPI,45249.79,28,IRCTC,Net Banking,Success
503680,102560,2026-12-14 10:40:00,Card Payment,1180.8,41,Reliance,ATM,Success
503681,102577,2026-12-19 22:39:00,ATM Withdrawal,7011.81,4,DMart,UPI,Success
503682,102594,2026-12-25 10:38:00,Online Transfer,12842.82,17,Netflix,Debit Card,Success
503683,102611,2026-12-30 22:37:00,Cash Withdrawal,692273.0,30,PhonePe,Credit Card,Success
503684,102628,2027-01-05 10:36:00,Deposit,24504.84,43,Google Pay,Net Banking,Success
503685,102645,2027-01-10 22:35:00,UPI,30335.85,6,Amazon,ATM,Pending
503686,102662,2027-01-16 10:34:00,Card Payment,36166.86,19,Flipkart,UPI,Success
503687,102679,2027-01-21 22:33:00,ATM Withdrawal,41997.87,32,Swiggy,Debit Card,Success
503688,102696,2027-01-27 10:32:00,Online Transfer,47828.88,45,Zomato,Credit Card,Success
503689,102713,2027-02-01 22:31:00,Cash Withdrawal,3759.89,8,Myntra,Net Banking,Success
503690,102730,2027-02-07 10:30:00,Deposit,9590.9,21,Uber,ATM,Success
503691,102747,2027-02-12 22:29:00,UPI,15421.91,34,IRCTC,UPI,Success
503692,102764,2027-02-18 10:28:00,Card Payment,21252.92,47,Reliance,Debit Card,Success
503693,102781,2027-02-23 22:27:00,ATM Withdrawal,27083.93,10,DMart,Credit Card,Success
503694,102798,2027-03-01 10:26:00,Online Transfer,32914.94,23,Netflix,Net Banking,Success
503695,102815,2027-03-06 22:25:00,Cash Withdrawal,38745.95,36,PhonePe,ATM,Success
503696,102832,2027-03-12 10:24:00,Deposit,44576.96,49,Google Pay,UPI,Success
503697,102849,2027-03-17 22:23:00,UPI,507.97,12,Amazon,Debit Card,Success
503698,102866,2027-03-23 10:22:00,Card Payment,6338.98,25,Flipkart,Credit Card,Success
503699,102883,2027-03-28 22:21:00,ATM Withdrawal,12169.99,38,Swiggy,Net Banking,Success
503700,102900,2027-04-03 10:20:00,Online Transfer,18000.0,1,Zomato,ATM,Success
503701,102917,2027-04-08 22:19:00,Cash Withdrawal,23831.01,14,Myntra,UPI,Success
503702,102934,2027-04-14 10:18:00,Deposit,29662.02,27,Uber,Debit Card,Success
503703,102951,2027-04-19 22:17:00,UPI,35493.03,40,IRCTC,Credit Card,Success
503704,102968,2027-04-25 10:16:00,Card Payment,41324.04,3,Reliance,Net Banking,Success
503705,102985,2027-04-30 22:15:00,ATM Withdrawal,47155.05,16,DMart,ATM,Success
503706,100002,2027-05-06 10:14:00,Online Transfer,3086.06,29,Netflix,UPI,Success
503707,100019,2027-05-11 22:13:00,Cash Withdrawal,8917.07,42,PhonePe,Debit Card,Success
503708,100036,2027-05-17 10:12:00,Deposit,14748.08,5,Google Pay,Credit Card,Success
503709,100053,2027-05-22 22:11:00,UPI,20579.09,18,Amazon,Net Banking,Success
503710,100070,2027-05-28 10:10:00,Card Payment,26410.1,31,Flipkart,ATM,Success
503711,100087,2027-06-02 22:09:00,ATM Withdrawal,32241.11,44,Swiggy,UPI,Success
503712,100104,2027-06-08 10:08:00,Online Transfer,38072.12,7,Zomato,Debit Card,Success
503713,100121,2027-06-13 22:07:00,Cash Withdrawal,43903.13,20,Myntra,Credit Card,Success
503714,100138,2027-06-19 10:06:00,Deposit,49734.14,33,Uber,Net Banking,Success
503715,100155,2027-06-24 22:05:00,UPI,5665.15,46,IRCTC,ATM,Success
503716,100172,2027-06-30 10:04:00,Card Payment,11496.16,9,Reliance,UPI,Success
503717,100189,2027-07-05 22:03:00,ATM Withdrawal,17327.17,22,DMart,Debit Card,Success
503718,100206,2027-07-11 10:02:00,Online Transfer,23158.18,35,Netflix,Credit Card,Success
503719,100223,2027-07-16 22:01:00,Cash Withdrawal,28989.19,48,PhonePe,Net Banking,Success
503720,100240,2027-07-22 10:00:00,Deposit,34820.2,11,Google Pay,ATM,Success
503721,100257,2027-07-27 21:59:00,UPI,40651.21,24,Amazon,UPI,Success
503722,100274,2027-08-02 09:58:00,Card Payment,46482.22,37,Flipkart,Debit Card,Success
503723,100291,2027-08-07 21:57:00,ATM Withdrawal,2413.23,50,Swiggy,Credit Card,Success
503724,100308,2027-08-13 09:56:00,Online Transfer,8244.24,13,Zomato,Net Banking,Success
503725,100325,2027-08-18 21:55:00,Cash Withdrawal,14075.25,26,Myntra,ATM,Success
503726,100342,2027-08-24 09:54:00,Deposit,19906.26,39,Uber,UPI,Success
503727,100359,2027-08-29 21:53:00,UPI,25737.27,2,IRCTC,Debit Card,Success
503728,100376,2027-09-04 09:52:00,Card Payment,31568.28,15,Reliance,Credit Card,Success
503729,100393,2027-09-09 21:51:00,ATM Withdrawal,37399.29,28,DMart,Net Banking,Failed
503730,100410,2027-09-15 09:50:00,Online Transfer,43230.3,41,Netflix,ATM,Success
503731,100427,2027-09-20 21:49:00,Cash Withdrawal,49061.31,4,PhonePe,UPI,Success
503732,100444,2027-09-26 09:48:00,Deposit,4992.32,17,Google Pay,Debit Card,Success
503733,100461,2027-10-01 21:47:00,UPI,10823.33,30,Amazon,Credit Card,Success
503734,100478,2027-10-07 09:46:00,Card Payment,16654.34,43,Flipkart,Net Banking,Success
503735,100495,2027-10-12 21:45:00,ATM Withdrawal,22485.35,6,Swiggy,ATM,Success
503736,100512,2027-10-18 09:44:00,Online Transfer,28316.36,19,Zomato,UPI,Success
503737,100529,2027-10-23 21:43:00,Cash Withdrawal,34147.37,32,Myntra,Debit Card,Success
503738,100546,2027-10-29 09:42:00,Deposit,216222.0,45,Uber,Credit Card,Success
503739,100563,2027-11-03 21:41:00,UPI,45809.39,8,IRCTC,Net Banking,Success
503740,100580,2027-11-09 09:40:00,Card Payment,1740.4,21,Reliance,ATM,Success
503741,100597,2027-11-14 21:39:00,ATM Withdrawal,7571.41,34,DMart,UPI,Success
503742,100614,2027-11-20 09:38:00,Online Transfer,13402.42,47,Netflix,Debit Card,Success
503743,100631,2027-11-25 21:37:00,Cash Withdrawal,19233.43,10,PhonePe,Credit Card,Success
503744,100648,2027-12-01 09:36:00,Deposit,25064.44,23,Google Pay,Net Banking,Success
503745,100665,2027-12-06 21:35:00,UPI,30895.45,36,Amazon,ATM,Success
503746,100682,2027-12-12 09:34:00,Card Payment,36726.46,49,Flipkart,UPI,Success
503747,100699,2027-12-17 21:33:00,ATM Withdrawal,42557.47,12,Swiggy,Debit Card,Success
503748,100716,2027-12-23 09:32:00,Online Transfer,48388.48,25,Zomato,Credit Card,Success
503749,100733,2027-12-28 21:31:00,Cash Withdrawal,4319.49,38,Myntra,Net Banking,Success
503750,100750,2028-01-03 09:30:00,Deposit,10150.5,1,Uber,ATM,Success
503751,100767,2028-01-08 21:29:00,UPI,15981.51,14,IRCTC,UPI,Success
503752,100784,2028-01-14 09:28:00,Card Payment,21812.52,27,Reliance,Debit Card,Pending
503753,100801,2028-01-19 21:27:00,ATM Withdrawal,27643.53,40,DMart,Credit Card,Success
503754,100818,2028-01-25 09:26:00,Online Transfer,33474.54,3,Netflix,Net Banking,Success
503755,100835,2028-01-30 21:25:00,Cash Withdrawal,39305.55,16,PhonePe,ATM,Success
503756,100852,2028-02-05 09:24:00,Deposit,45136.56,29,Google Pay,UPI,Success
503757,100869,2028-02-10 21:23:00,UPI,1067.57,42,Amazon,Debit Card,Success
503758,100886,2028-02-16 09:22:00,Card Payment,6898.58,5,Flipkart,Credit Card,Success
503759,100903,2028-02-21 21:21:00,ATM Withdrawal,12729.59,18,Swiggy,Net Banking,Success
503760,100920,2028-02-27 09:20:00,Online Transfer,18560.6,31,Zomato,ATM,Success
503761,100937,2028-03-03 21:19:00,Cash Withdrawal,24391.61,44,Myntra,UPI,Success
503762,100954,2028-03-09 09:18:00,Deposit,30222.62,7,Uber,Debit Card,Success
503763,100971,2028-03-14 21:17:00,UPI,36053.63,20,IRCTC,Credit Card,Success
503764,100988,2028-03-20 09:16:00,Card Payment,41884.64,33,Reliance,Net Banking,Success
503765,101005,2028-03-25 21:15:00,ATM Withdrawal,47715.65,46,DMart,ATM,Success
503766,101022,2028-03-31 09:14:00,Online Transfer,3646.66,9,Netflix,UPI,Success
503767,101039,2028-04-05 21:13:00,Cash Withdrawal,9477.67,22,PhonePe,Debit Card,Success
503768,101056,2028-04-11 09:12:00,Deposit,15308.68,35,Google Pay,Credit Card,Success
503769,101073,2028-04-16 21:11:00,UPI,21139.69,48,Amazon,Net Banking,Success
503770,101090,2028-04-22 09:10:00,Card Payment,26970.7,11,Flipkart,ATM,Success
503771,101107,2028-04-27 21:09:00,ATM Withdrawal,32801.71,24,Swiggy,UPI,Success
503772,101124,2028-05-03 09:08:00,Online Transfer,38632.72,37,Zomato,Debit Card,Success
503773,101141,2028-05-08 21:07:00,Cash Withdrawal,44463.73,50,Myntra,Credit Card,Success
503774,101158,2028-05-14 09:06:00,Deposit,394.74,13,Uber,Net Banking,Success
503775,101175,2028-05-19 21:05:00,UPI,6225.75,26,IRCTC,ATM,Success
503776,101192,2028-05-25 09:04:00,Card Payment,12056.76,39,Reliance,UPI,Success
503777,101209,2028-05-30 21:03:00,ATM Withdrawal,17887.77,2,DMart,Debit Card,Success
503778,101226,2028-06-05 09:02:00,Online Transfer,23718.78,15,Netflix,Credit Card,Success
503779,101243,2028-06-10 21:01:00,Cash Withdrawal,29549.79,28,PhonePe,Net Banking,Success
503780,101260,2028-06-16 09:00:00,Deposit,35380.8,41,Google Pay,ATM,Success
503781,101277,2028-06-21 20:59:00,UPI,41211.81,4,Amazon,UPI,Success
503782,101294,2028-06-27 08:58:00,Card Payment,47042.82,17,Flipkart,Debit Card,Success
503783,101311,2028-07-02 20:57:00,ATM Withdrawal,2973.83,30,Swiggy,Credit Card,Success
503784,101328,2028-07-08 08:56:00,Online Transfer,8804.84,43,Zomato,Net Banking,Success
503785,101345,2028-07-13 20:55:00,Cash Withdrawal,14635.85,6,Myntra,ATM,Success
503786,101362,2028-07-19 08:54:00,Deposit,20466.86,19,Uber,UPI,Success
503787,101379,2028-07-24 20:53:00,UPI,26297.87,32,IRCTC,Debit Card,Success
503788,101396,2028-07-30 08:52:00,Card Payment,32128.88,45,Reliance,Credit Card,Success
503789,101413,2028-08-04 20:51:00,ATM Withdrawal,37959.89,8,DMart,Net Banking,Success
503790,101430,2028-08-10 08:50:00,Online Transfer,43790.9,21,Netflix,ATM,Success
503791,101447,2028-08-15 20:49:00,Cash Withdrawal,49621.91,34,PhonePe,UPI,Success
503792,101464,2028-08-21 08:48:00,Deposit,5552.92,47,Google Pay,Debit Card,Success
503793,101481,2028-08-26 20:47:00,UPI,11383.93,10,Amazon,Credit Card,Success
503794,101498,2028-09-01 08:46:00,Card Payment,17214.94,23,Flipkart,Net Banking,Success
503795,101515,2028-09-06 20:45:00,ATM Withdrawal,23045.95,36,Swiggy,ATM,Success
503796,101532,2028-09-12 08:44:00,Online Transfer,28876.96,49,Zomato,UPI,Success
503797,101549,2028-09-17 20:43:00,Cash Withdrawal,34707.97,12,Myntra,Debit Card,Success
503798,101566,2028-09-23 08:42:00,Deposit,40538.98,25,Uber,Credit Card,Success
503799,101583,2028-09-28 20:41:00,UPI,46369.99,38,IRCTC,Net Banking,Success
503800,101600,2028-10-04 08:40:00,Card Payment,2300.0,1,Reliance,ATM,Success
503801,101617,2028-10-09 20:39:00,ATM Withdrawal,8131.01,14,DMart,UPI,Success
503802,101634,2028-10-15 08:38:00,Online Transfer,13962.02,27,Netflix,Debit Card,Success
503803,101651,2028-10-20 20:37:00,Cash Withdrawal,19793.03,40,PhonePe,Credit Card,Success
503804,101668,2028-10-26 08:36:00,Deposit,25624.04,3,Google Pay,Net Banking,Success
503805,101685,2028-10-31 20:35:00,UPI,31455.05,16,Amazon,ATM,Success
503806,101702,2028-11-06 08:34:00,Card Payment,37286.06,29,Flipkart,UPI,Success
503807,101719,2028-11-11 20:33:00,ATM Withdrawal,43117.07,42,Swiggy,Debit Card,Success
503808,101736,2028-11-17 08:32:00,Online Transfer,48948.08,5,Zomato,Credit Card,Success
503809,101753,2028-11-22 20:31:00,Cash Withdrawal,4879.09,18,Myntra,Net Banking,Success
503810,101770,2028-11-28 08:30:00,Deposit,785110.0,31,Uber,ATM,Success
503811,101787,2028-12-03 20:29:00,UPI,16541.11,44,IRCTC,UPI,Success
503812,101804,2028-12-09 08:28:00,Card Payment,22372.12,7,Reliance,Debit Card,Success
503813,101821,2028-12-14 20:27:00,ATM Withdrawal,28203.13,20,DMart,Credit Card,Success
503814,101838,2028-12-20 08:26:00,Online Transfer,34034.14,33,Netflix,Net Banking,Success
503815,101855,2028-12-25 20:25:00,Cash Withdrawal,39865.15,46,PhonePe,ATM,Success
503816,101872,2028-12-31 08:24:00,Deposit,45696.16,9,Google Pay,UPI,Success
503817,101889,2029-01-05 20:23:00,UPI,1627.17,22,Amazon,Debit Card,Success
503818,101906,2029-01-11 08:22:00,Card Payment,7458.18,35,Flipkart,Credit Card,Success
503819,101923,2029-01-16 20:21:00,ATM Withdrawal,13289.19,48,Swiggy,Net Banking,Pending
503820,101940,2029-01-22 08:20:00,Online Transfer,19120.2,11,Zomato,ATM,Success
503821,101957,2029-01-27 20:19:00,Cash Withdrawal,24951.21,24,Myntra,UPI,Success
503822,101974,2029-02-02 08:18:00,Deposit,30782.22,37,Uber,Debit Card,Success
503823,101991,2029-02-07 20:17:00,UPI,36613.23,50,IRCTC,Credit Card,Success
503824,102008,2029-02-13 08:16:00,Card Payment,42444.24,13,Reliance,Net Banking,Success
503825,102025,2029-02-18 20:15:00,ATM Withdrawal,48275.25,26,DMart,ATM,Success
503826,102042,2029-02-24 08:14:00,Online Transfer,4206.26,39,Netflix,UPI,Success
503827,102059,2029-03-01 20:13:00,Cash Withdrawal,253513.0,2,PhonePe,Debit Card,Success
503828,102076,2029-03-07 08:12:00,Deposit,15868.28,15,Google Pay,Credit Card,Success
503829,102093,2029-03-12 20:11:00,UPI,21699.29,28,Amazon,Net Banking,Success
503830,102110,2029-03-18 08:10:00,Card Payment,27530.3,41,Flipkart,ATM,Success
503831,102127,2029-03-23 20:09:00,ATM Withdrawal,33361.31,4,Swiggy,UPI,Success
503832,102144,2029-03-29 08:08:00,Online Transfer,39192.32,17,Zomato,Debit Card,Success
503833,102161,2029-04-03 20:07:00,Cash Withdrawal,45023.33,30,Myntra,Credit Card,Success
503834,102178,2029-04-09 08:06:00,Deposit,954.34,43,Uber,Net Banking,Success
503835,102195,2029-04-14 20:05:00,UPI,6785.35,6,IRCTC,ATM,Success
503836,102212,2029-04-20 08:04:00,Card Payment,12616.36,19,Reliance,UPI,Success
503837,102229,2029-04-25 20:03:00,ATM Withdrawal,18447.37,32,DMart,Debit Card,Success
503838,102246,2029-05-01 08:02:00,Online Transfer,24278.38,45,Netflix,Credit Card,Success
503839,102263,2029-05-06 20:01:00,Cash Withdrawal,30109.39,8,PhonePe,Net Banking,Success
503840,102280,2029-05-12 08:00:00,Deposit,35940.4,21,Google Pay,ATM,Success
503841,102297,2029-05-17 19:59:00,UPI,41771.41,34,Amazon,UPI,Success
503842,102314,2029-05-23 07:58:00,Card Payment,47602.42,47,Flipkart,Debit Card,Failed
503843,102331,2029-05-28 19:57:00,ATM Withdrawal,3533.43,10,Swiggy,Credit Card,Success
503844,102348,2029-06-03 07:56:00,Online Transfer,9364.44,23,Zomato,Net Banking,Success
503845,102365,2029-06-08 19:55:00,Cash Withdrawal,15195.45,36,Myntra,ATM,Success
503846,102382,2029-06-14 07:54:00,Deposit,21026.46,49,Uber,UPI,Success
503847,102399,2029-06-19 19:53:00,UPI,26857.47,12,IRCTC,Debit Card,Success
503848,102416,2029-06-25 07:52:00,Card Payment,32688.48,25,Reliance,Credit Card,Success
503849,102433,2029-06-30 19:51:00,ATM Withdrawal,38519.49,38,DMart,Net Banking,Success
503850,102450,2029-07-06 07:50:00,Online Transfer,44350.5,1,Netflix,ATM,Success
503851,102467,2029-07-11 19:49:00,Cash Withdrawal,281.51,14,PhonePe,UPI,Success
503852,102484,2029-07-17 07:48:00,Deposit,6112.52,27,Google Pay,Debit Card,Success
503853,102501,2029-07-22 19:47:00,UPI,11943.53,40,Amazon,Credit Card,Success
503854,102518,2029-07-28 07:46:00,Card Payment,17774.54,3,Flipkart,Net Banking,Success
503855,102535,2029-08-02 19:45:00,ATM Withdrawal,23605.55,16,Swiggy,ATM,Success
503856,102552,2029-08-08 07:44:00,Online Transfer,29436.56,29,Zomato,UPI,Success
503857,102569,2029-08-13 19:43:00,Cash Withdrawal,35267.57,42,Myntra,Debit Card,Success
503858,102586,2029-08-19 07:42:00,Deposit,41098.58,5,Uber,Credit Card,Success
503859,102603,2029-08-24 19:41:00,UPI,46929.59,18,IRCTC,Net Banking,Success
503860,102620,2029-08-30 07:40:00,Card Payment,2860.6,31,Reliance,ATM,Success
503861,102637,2029-09-04 19:39:00,ATM Withdrawal,8691.61,44,DMart,UPI,Success
503862,102654,2029-09-10 07:38:00,Online Transfer,14522.62,7,Netflix,Debit Card,Success
503863,102671,2029-09-15 19:37:00,Cash Withdrawal,20353.63,20,PhonePe,Credit Card,Success
503864,102688,2029-09-21 07:36:00,Deposit,26184.64,33,Google Pay,Net Banking,Success
503865,102705,2029-09-26 19:35:00,UPI,32015.65,46,Amazon,ATM,Success
503866,102722,2029-10-02 07:34:00,Card Payment,37846.66,9,Flipkart,UPI,Success
503867,102739,2029-10-07 19:33:00,ATM Withdrawal,43677.67,22,Swiggy,Debit Card,Success
503868,102756,2029-10-13 07:32:00,Online Transfer,49508.68,35,Zomato,Credit Card,Success
503869,102773,2029-10-18 19:31:00,Cash Withdrawal,5439.69,48,Myntra,Net Banking,Success
503870,102790,2029-10-24 07:30:00,Deposit,11270.7,11,Uber,ATM,Success
503871,102807,2029-10-29 19:29:00,UPI,17101.71,24,IRCTC,UPI,Success
503872,102824,2029-11-04 07:28:00,Card Payment,22932.72,37,Reliance,Debit Card,Success
503873,102841,2029-11-09 19:27:00,ATM Withdrawal,28763.73,50,DMart,Credit Card,Success
503874,102858,2029-11-15 07:26:00,Online Transfer,34594.74,13,Netflix,Net Banking,Success
503875,102875,2029-11-20 19:25:00,Cash Withdrawal,40425.75,26,PhonePe,ATM,Success
503876,102892,2029-11-26 07:24:00,Deposit,46256.76,39,Google Pay,UPI,Success
503877,102909,2029-12-01 19:23:00,UPI,2187.77,2,Amazon,Debit Card,Success
503878,102926,2029-12-07 07:22:00,Card Payment,8018.78,15,Flipkart,Credit Card,Success
503879,102943,2029-12-12 19:21:00,ATM Withdrawal,13849.79,28,Swiggy,Net Banking,Success
503880,102960,2029-12-18 07:20:00,Online Transfer,19680.8,41,Zomato,ATM,Success
503881,102977,2029-12-23 19:19:00,Cash Withdrawal,25511.81,4,Myntra,UPI,Success
503882,102994,2029-12-29 07:18:00,Deposit,31342.82,17,Uber,Debit Card,Success
503883,100011,2030-01-03 19:17:00,UPI,37173.83,30,IRCTC,Credit Card,Success
503884,100028,2030-01-09 07:16:00,Card Payment,43004.84,43,Reliance,Net Banking,Success
503885,100045,2030-01-14 19:15:00,ATM Withdrawal,48835.85,6,DMart,ATM,Success
503886,100062,2030-01-20 07:14:00,Online Transfer,4766.86,19,Netflix,UPI,Pending
503887,100079,2030-01-25 19:13:00,Cash Withdrawal,10597.87,32,PhonePe,Debit Card,Success
503888,100096,2030-01-31 07:12:00,Deposit,16428.88,45,Google Pay,Credit Card,Success
503889,100113,2030-02-05 19:11:00,UPI,22259.89,8,Amazon,Net Banking,Success
503890,100130,2030-02-11 07:10:00,Card Payment,28090.9,21,Flipkart,ATM,Success
503891,100147,2030-02-16 19:09:00,ATM Withdrawal,33921.91,34,Swiggy,UPI,Success
503892,100164,2030-02-22 07:08:00,Online Transfer,39752.92,47,Zomato,Debit Card,Success
503893,100181,2030-02-27 19:07:00,Cash Withdrawal,45583.93,10,Myntra,Credit Card,Success
503894,100198,2030-03-05 07:06:00,Deposit,1514.94,23,Uber,Net Banking,Success
503895,100215,2030-03-10 19:05:00,UPI,7345.95,36,IRCTC,ATM,Success
503896,100232,2026-01-06 07:04:00,Card Payment,13176.96,49,Reliance,UPI,Success
503897,100249,2026-01-11 19:03:00,ATM Withdrawal,19007.97,12,DMart,Debit Card,Success
503898,100266,2026-01-17 07:02:00,Online Transfer,24838.98,25,Netflix,Credit Card,Success
503899,100283,2026-01-22 19:01:00,Cash Withdrawal,30669.99,38,PhonePe,Net Banking,Success
503900,100300,2026-01-28 07:00:00,Deposit,36500.0,1,Google Pay,ATM,Success
503901,100317,2026-02-02 18:59:00,UPI,42331.01,14,Amazon,UPI,Success
503902,100334,2026-02-08 06:58:00,Card Payment,48162.02,27,Flipkart,Debit Card,Success
503903,100351,2026-02-13 18:57:00,ATM Withdrawal,4093.03,40,Swiggy,Credit Card,Success
503904,100368,2026-02-19 06:56:00,Online Transfer,9924.04,3,Zomato,Net Banking,Success
503905,100385,2026-02-24 18:55:00,Cash Withdrawal,15755.05,16,Myntra,ATM,Success
503906,100402,2026-03-02 06:54:00,Deposit,21586.06,29,Uber,UPI,Success
503907,100419,2026-03-07 18:53:00,UPI,27417.07,42,IRCTC,Debit Card,Success
503908,100436,2026-03-13 06:52:00,Card Payment,33248.08,5,Reliance,Credit Card,Success
503909,100453,2026-03-18 18:51:00,ATM Withdrawal,39079.09,18,DMart,Net Banking,Success
503910,100470,2026-03-24 06:50:00,Online Transfer,44910.1,31,Netflix,ATM,Success
503911,100487,2026-03-29 18:49:00,Cash Withdrawal,841.11,44,PhonePe,UPI,Success
503912,100504,2026-04-04 06:48:00,Deposit,6672.12,7,Google Pay,Debit Card,Success
503913,100521,2026-04-09 18:47:00,UPI,12503.13,20,Amazon,Credit Card,Success
503914,100538,2026-04-15 06:46:00,Card Payment,18334.14,33,Flipkart,Net Banking,Success
503915,100555,2026-04-20 18:45:00,ATM Withdrawal,24165.15,46,Swiggy,ATM,Success
503916,100572,2026-04-26 06:44:00,Online Transfer,290804.0,9,Zomato,UPI,Success
503917,100589,2026-05-01 18:43:00,Cash Withdrawal,35827.17,22,Myntra,Debit Card,Success
503918,100606,2026-05-07 06:42:00,Deposit,41658.18,35,Uber,Credit Card,Success
503919,100623,2026-05-12 18:41:00,UPI,47489.19,48,IRCTC,Net Banking,Success
503920,100640,2026-05-18 06:40:00,Card Payment,3420.2,11,Reliance,ATM,Success
503921,100657,2026-05-23 18:39:00,ATM Withdrawal,9251.21,24,DMart,UPI,Success
503922,100674,2026-05-29 06:38:00,Online Transfer,15082.22,37,Netflix,Debit Card,Success
503923,100691,2026-06-03 18:37:00,Cash Withdrawal,20913.23,50,PhonePe,Credit Card,Success
503924,100708,2026-06-09 06:36:00,Deposit,26744.24,13,Google Pay,Net Banking,Success
503925,100725,2026-06-14 18:35:00,UPI,32575.25,26,Amazon,ATM,Success
503926,100742,2026-06-20 06:34:00,Card Payment,38406.26,39,Flipkart,UPI,Success
503927,100759,2026-06-25 18:33:00,ATM Withdrawal,44237.27,2,Swiggy,Debit Card,Success
503928,100776,2026-07-01 06:32:00,Online Transfer,168.28,15,Zomato,Credit Card,Success
503929,100793,2026-07-06 18:31:00,Cash Withdrawal,5999.29,28,Myntra,Net Banking,Success
503930,100810,2026-07-12 06:30:00,Deposit,11830.3,41,Uber,ATM,Success
503931,100827,2026-07-17 18:29:00,UPI,17661.31,4,IRCTC,UPI,Success
503932,100844,2026-07-23 06:28:00,Card Payment,23492.32,17,Reliance,Debit Card,Success
503933,100861,2026-07-28 18:27:00,ATM Withdrawal,29323.33,30,DMart,Credit Card,Success
503934,100878,2026-08-03 06:26:00,Online Transfer,35154.34,43,Netflix,Net Banking,Success
503935,100895,2026-08-08 18:25:00,Cash Withdrawal,40985.35,6,PhonePe,ATM,Success
503936,100912,2026-08-14 06:24:00,Deposit,46816.36,19,Google Pay,UPI,Success
503937,100929,2026-08-19 18:23:00,UPI,877947.0,32,Amazon,Debit Card,Success
503938,100946,2026-08-25 06:22:00,Card Payment,8578.38,45,Flipkart,Credit Card,Success
503939,100963,2026-08-30 18:21:00,ATM Withdrawal,14409.39,8,Swiggy,Net Banking,Success
503940,100980,2026-09-05 06:20:00,Online Transfer,20240.4,21,Zomato,ATM,Success
503941,100997,2026-09-10 18:19:00,Cash Withdrawal,26071.41,34,Myntra,UPI,Success
503942,101014,2026-09-16 06:18:00,Deposit,31902.42,47,Uber,Debit Card,Success
503943,101031,2026-09-21 18:17:00,UPI,37733.43,10,IRCTC,Credit Card,Success
503944,101048,2026-09-27 06:16:00,Card Payment,43564.44,23,Reliance,Net Banking,Success
503945,101065,2026-10-02 18:15:00,ATM Withdrawal,49395.45,36,DMart,ATM,Success
503946,101082,2026-10-08 06:14:00,Online Transfer,5326.46,49,Netflix,UPI,Success
503947,101099,2026-10-13 18:13:00,Cash Withdrawal,11157.47,12,PhonePe,Debit Card,Success
503948,101116,2026-10-19 06:12:00,Deposit,16988.48,25,Google Pay,Credit Card,Success
503949,101133,2026-10-24 18:11:00,UPI,22819.49,38,Amazon,Net Banking,Success
503950,101150,2026-10-30 06:10:00,Card Payment,28650.5,1,Flipkart,ATM,Success
503951,101167,2026-11-04 18:09:00,ATM Withdrawal,34481.51,14,Swiggy,UPI,Success
503952,101184,2026-11-10 06:08:00,Online Transfer,40312.52,27,Zomato,Debit Card,Success
503953,101201,2026-11-15 18:07:00,Cash Withdrawal,46143.53,40,Myntra,Credit Card,Pending
503954,101218,2026-11-21 06:06:00,Deposit,2074.54,3,Uber,Net Banking,Success
503955,101235,2026-11-26 18:05:00,UPI,7905.55,16,IRCTC,ATM,Failed
503956,101252,2026-12-02 06:04:00,Card Payment,13736.56,29,Reliance,UPI,Success
503957,101269,2026-12-07 18:03:00,ATM Withdrawal,19567.57,42,DMart,Debit Card,Success
503958,101286,2026-12-13 06:02:00,Online Transfer,25398.58,5,Netflix,Credit Card,Success
503959,101303,2026-12-18 18:01:00,Cash Withdrawal,31229.59,18,PhonePe,Net Banking,Success
503960,101320,2026-12-24 06:00:00,Deposit,37060.6,31,Google Pay,ATM,Success
503961,101337,2026-12-29 17:59:00,UPI,42891.61,44,Amazon,UPI,Success
503962,101354,2027-01-04 05:58:00,Card Payment,48722.62,7,Flipkart,Debit Card,Success
503963,101371,2027-01-09 17:57:00,ATM Withdrawal,4653.63,20,Swiggy,Credit Card,Success
503964,101388,2027-01-15 05:56:00,Online Transfer,10484.64,33,Zomato,Net Banking,Success
503965,101405,2027-01-20 17:55:00,Cash Withdrawal,16315.65,46,Myntra,ATM,Success
503966,101422,2027-01-26 05:54:00,Deposit,22146.66,9,Uber,UPI,Success
503967,101439,2027-01-31 17:53:00,UPI,27977.67,22,IRCTC,Debit Card,Success
503968,101456,2027-02-06 05:52:00,Card Payment,33808.68,35,Reliance,Credit Card,Success
503969,101473,2027-02-11 17:51:00,ATM Withdrawal,39639.69,48,DMart,Net Banking,Success
503970,101490,2027-02-17 05:50:00,Online Transfer,45470.7,11,Netflix,ATM,Success
503971,101507,2027-02-22 17:49:00,Cash Withdrawal,1401.71,24,PhonePe,UPI,Success
503972,101524,2027-02-28 05:48:00,Deposit,7232.72,37,Google Pay,Debit Card,Success
503973,101541,2027-03-05 17:47:00,UPI,13063.73,50,Amazon,Credit Card,Success
503974,101558,2027-03-11 05:46:00,Card Payment,18894.74,13,Flipkart,Net Banking,Success
503975,101575,2027-03-16 17:45:00,ATM Withdrawal,24725.75,26,Swiggy,ATM,Success
503976,101592,2027-03-22 05:44:00,Online Transfer,30556.76,39,Zomato,UPI,Success
503977,101609,2027-03-27 17:43:00,Cash Withdrawal,36387.77,2,Myntra,Debit Card,Success
503978,101626,2027-04-02 05:42:00,Deposit,42218.78,15,Uber,Credit Card,Success
503979,101643,2027-04-07 17:41:00,UPI,48049.79,28,IRCTC,Net Banking,Success
503980,101660,2027-04-13 05:40:00,Card Payment,3980.8,41,Reliance,ATM,Success
503981,101677,2027-04-18 17:39:00,ATM Withdrawal,9811.81,4,DMart,UPI,Success
503982,101694,2027-04-24 05:38:00,Online Transfer,15642.82,17,Netflix,Debit Card,Success
503983,101711,2027-04-29 17:37:00,Cash Withdrawal,21473.83,30,PhonePe,Credit Card,Success
503984,101728,2027-05-05 05:36:00,Deposit,27304.84,43,Google Pay,Net Banking,Success
503985,101745,2027-05-10 17:35:00,UPI,33135.85,6,Amazon,ATM,Success
503986,101762,2027-05-16 05:34:00,Card Payment,38966.86,19,Flipkart,UPI,Success
503987,101779,2027-05-21 17:33:00,ATM Withdrawal,44797.87,32,Swiggy,Debit Card,Success
503988,101796,2027-05-27 05:32:00,Online Transfer,728.88,45,Zomato,Credit Card,Success
503989,101813,2027-06-01 17:31:00,Cash Withdrawal,6559.89,8,Myntra,Net Banking,Success
503990,101830,2027-06-07 05:30:00,Deposit,12390.9,21,Uber,ATM,Success
503991,101847,2027-06-12 17:29:00,UPI,18221.91,34,IRCTC,UPI,Success
503992,101864,2027-06-18 05:28:00,Card Payment,24052.92,47,Reliance,Debit Card,Success
503993,101881,2027-06-23 17:27:00,ATM Withdrawal,29883.93,10,DMart,Credit Card,Success
503994,101898,2027-06-29 05:26:00,Online Transfer,35714.94,23,Netflix,Net Banking,Success
503995,101915,2027-07-04 17:25:00,Cash Withdrawal,41545.95,36,PhonePe,ATM,Success
503996,101932,2027-07-10 05:24:00,Deposit,47376.96,49,Google Pay,UPI,Success
503997,101949,2027-07-15 17:23:00,UPI,3307.97,12,Amazon,Debit Card,Success
503998,101966,2027-07-21 05:22:00,Card Payment,9138.98,25,Flipkart,Credit Card,Success
503999,101983,2027-07-26 17:21:00,ATM Withdrawal,14969.99,38,Swiggy,Net Banking,Success
504000,102000,2027-08-01 05:20:00,Online Transfer,20800.0,1,Zomato,ATM,Success
504001,102017,2027-08-06 17:19:00,Cash Withdrawal,26631.01,14,Myntra,UPI,Success
504002,102034,2027-08-12 05:18:00,Deposit,32462.02,27,Uber,Debit Card,Success
504003,102051,2027-08-17 17:17:00,UPI,38293.03,40,IRCTC,Credit Card,Success
504004,102068,2027-08-23 05:16:00,Card Payment,44124.04,3,Reliance,Net Banking,Success
504005,102085,2027-08-28 17:15:00,ATM Withdrawal,328095.0,16,DMart,ATM,Success
504006,102102,2027-09-03 05:14:00,Online Transfer,5886.06,29,Netflix,UPI,Success
504007,102119,2027-09-08 17:13:00,Cash Withdrawal,11717.07,42,PhonePe,Debit Card,Success
504008,102136,2027-09-14 05:12:00,Deposit,17548.08,5,Google Pay,Credit Card,Success
504009,102153,2027-09-19 17:11:00,UPI,23379.09,18,Amazon,Net Banking,Success
504010,102170,2027-09-25 05:10:00,Card Payment,29210.1,31,Flipkart,ATM,Success
504011,102187,2027-09-30 17:09:00,ATM Withdrawal,35041.11,44,Swiggy,UPI,Success
504012,102204,2027-10-06 05:08:00,Online Transfer,40872.12,7,Zomato,Debit Card,Success
504013,102221,2027-10-11 17:07:00,Cash Withdrawal,46703.13,20,Myntra,Credit Card,Success
504014,102238,2027-10-17 05:06:00,Deposit,2634.14,33,Uber,Net Banking,Success
504015,102255,2027-10-22 17:05:00,UPI,8465.15,46,IRCTC,ATM,Success
504016,102272,2027-10-28 05:04:00,Card Payment,14296.16,9,Reliance,UPI,Success
504017,102289,2027-11-02 17:03:00,ATM Withdrawal,20127.17,22,DMart,Debit Card,Success
504018,102306,2027-11-08 05:02:00,Online Transfer,25958.18,35,Netflix,Credit Card,Success
504019,102323,2027-11-13 17:01:00,Cash Withdrawal,31789.19,48,PhonePe,Net Banking,Success
504020,102340,2027-11-19 05:00:00,Deposit,37620.2,11,Google Pay,ATM,Pending
504021,102357,2027-11-24 16:59:00,UPI,43451.21,24,Amazon,UPI,Success
504022,102374,2027-11-30 04:58:00,Card Payment,49282.22,37,Flipkart,Debit Card,Success
504023,102391,2027-12-05 16:57:00,ATM Withdrawal,5213.23,50,Swiggy,Credit Card,Success
504024,102408,2027-12-11 04:56:00,Online Transfer,11044.24,13,Zomato,Net Banking,Success
504025,102425,2027-12-16 16:55:00,Cash Withdrawal,16875.25,26,Myntra,ATM,Success
504026,102442,2027-12-22 04:54:00,Deposit,22706.26,39,Uber,UPI,Success
504027,102459,2027-12-27 16:53:00,UPI,28537.27,2,IRCTC,Debit Card,Success
504028,102476,2028-01-02 04:52:00,Card Payment,34368.28,15,Reliance,Credit Card,Success
504029,102493,2028-01-07 16:51:00,ATM Withdrawal,40199.29,28,DMart,Net Banking,Success
504030,102510,2028-01-13 04:50:00,Online Transfer,46030.3,41,Netflix,ATM,Success
504031,102527,2028-01-18 16:49:00,Cash Withdrawal,1961.31,4,PhonePe,UPI,Success
504032,102544,2028-01-24 04:48:00,Deposit,7792.32,17,Google Pay,Debit Card,Success
504033,102561,2028-01-29 16:47:00,UPI,13623.33,30,Amazon,Credit Card,Success
504034,102578,2028-02-04 04:46:00,Card Payment,19454.34,43,Flipkart,Net Banking,Success
504035,102595,2028-02-09 16:45:00,ATM Withdrawal,25285.35,6,Swiggy,ATM,Success
504036,102612,2028-02-15 04:44:00,Online Transfer,31116.36,19,Zomato,UPI,Success
504037,102629,2028-02-20 16:43:00,Cash Withdrawal,36947.37,32,Myntra,Debit Card,Success
504038,102646,2028-02-26 04:42:00,Deposit,42778.38,45,Uber,Credit Card,Success
504039,102663,2028-03-02 16:41:00,UPI,48609.39,8,IRCTC,Net Banking,Success
504040,102680,2028-03-08 04:40:00,Card Payment,4540.4,21,Reliance,ATM,Success
504041,102697,2028-03-13 16:39:00,ATM Withdrawal,10371.41,34,DMart,UPI,Success
504042,102714,2028-03-19 04:38:00,Online Transfer,16202.42,47,Netflix,Debit Card,Success
504043,102731,2028-03-24 16:37:00,Cash Withdrawal,22033.43,10,PhonePe,Credit Card,Success
504044,102748,2028-03-30 04:36:00,Deposit,27864.44,23,Google Pay,Net Banking,Success
504045,102765,2028-04-04 16:35:00,UPI,33695.45,36,Amazon,ATM,Success
504046,102782,2028-04-10 04:34:00,Card Payment,39526.46,49,Flipkart,UPI,Success
504047,102799,2028-04-15 16:33:00,ATM Withdrawal,45357.47,12,Swiggy,Debit Card,Success
504048,102816,2028-04-21 04:32:00,Online Transfer,1288.48,25,Zomato,Credit Card,Success
504049,102833,2028-04-26 16:31:00,Cash Withdrawal,7119.49,38,Myntra,Net Banking,Success
504050,102850,2028-05-02 04:30:00,Deposit,12950.5,1,Uber,ATM,Success
504051,102867,2028-05-07 16:29:00,UPI,18781.51,14,IRCTC,UPI,Success
504052,102884,2028-05-13 04:28:00,Card Payment,24612.52,27,Reliance,Debit Card,Success
504053,102901,2028-05-18 16:27:00,ATM Withdrawal,30443.53,40,DMart,Credit Card,Success
504054,102918,2028-05-24 04:26:00,Online Transfer,36274.54,3,Netflix,Net Banking,Success
504055,102935,2028-05-29 16:25:00,Cash Withdrawal,42105.55,16,PhonePe,ATM,Success
504056,102952,2028-06-04 04:24:00,Deposit,47936.56,29,Google Pay,UPI,Success
504057,102969,2028-06-09 16:23:00,UPI,3867.57,42,Amazon,Debit Card,Success
504058,102986,2028-06-15 04:22:00,Card Payment,9698.58,5,Flipkart,Credit Card,Success
504059,100003,2028-06-20 16:21:00,ATM Withdrawal,15529.59,18,Swiggy,Net Banking,Success
504060,100020,2028-06-26 04:20:00,Online Transfer,21360.6,31,Zomato,ATM,Success
504061,100037,2028-07-01 16:19:00,Cash Withdrawal,27191.61,44,Myntra,UPI,Success
504062,100054,2028-07-07 04:18:00,Deposit,33022.62,7,Uber,Debit Card,Success
504063,100071,2028-07-12 16:17:00,UPI,38853.63,20,IRCTC,Credit Card,Success
504064,100088,2028-07-18 04:16:00,Card Payment,970784.0,33,Reliance,Net Banking,Success
504065,100105,2028-07-23 16:15:00,ATM Withdrawal,615.65,46,DMart,ATM,Success
504066,100122,2028-07-29 04:14:00,Online Transfer,6446.66,9,Netflix,UPI,Success
504067,100139,2028-08-03 16:13:00,Cash Withdrawal,12277.67,22,PhonePe,Debit Card,Success
504068,100156,2028-08-09 04:12:00,Deposit,18108.68,35,Google Pay,Credit Card,Failed
504069,100173,2028-08-14 16:11:00,UPI,23939.69,48,Amazon,Net Banking,Success
504070,100190,2028-08-20 04:10:00,Card Payment,29770.7,11,Flipkart,ATM,Success
504071,100207,2028-08-25 16:09:00,ATM Withdrawal,35601.71,24,Swiggy,UPI,Success
504072,100224,2028-08-31 04:08:00,Online Transfer,41432.72,37,Zomato,Debit Card,Success
504073,100241,2028-09-05 16:07:00,Cash Withdrawal,47263.73,50,Myntra,Credit Card,Success
504074,100258,2028-09-11 04:06:00,Deposit,3194.74,13,Uber,Net Banking,Success
504075,100275,2028-09-16 16:05:00,UPI,9025.75,26,IRCTC,ATM,Success
504076,100292,2028-09-22 04:04:00,Card Payment,14856.76,39,Reliance,UPI,Success
504077,100309,2028-09-27 16:03:00,ATM Withdrawal,20687.77,2,DMart,Debit Card,Success
504078,100326,2028-10-03 04:02:00,Online Transfer,26518.78,15,Netflix,Credit Card,Success
504079,100343,2028-10-08 16:01:00,Cash Withdrawal,32349.79,28,PhonePe,Net Banking,Success
504080,100360,2028-10-14 04:00:00,Deposit,38180.8,41,Google Pay,ATM,Success
504081,100377,2028-10-19 15:59:00,UPI,44011.81,4,Amazon,UPI,Success
504082,100394,2028-10-25 03:58:00,Card Payment,49842.82,17,Flipkart,Debit Card,Success
504083,100411,2028-10-30 15:57:00,ATM Withdrawal,5773.83,30,Swiggy,Credit Card,Success
504084,100428,2028-11-05 03:56:00,Online Transfer,11604.84,43,Zomato,Net Banking,Success
504085,100445,2028-11-10 15:55:00,Cash Withdrawal,17435.85,6,Myntra,ATM,Success
504086,100462,2028-11-16 03:54:00,Deposit,23266.86,19,Uber,UPI,Success
504087,100479,2028-11-21 15:53:00,UPI,29097.87,32,IRCTC,Debit Card,Pending
504088,100496,2028-11-27 03:52:00,Card Payment,34928.88,45,Reliance,Credit Card,Success
504089,100513,2028-12-02 15:51:00,ATM Withdrawal,40759.89,8,DMart,Net Banking,Success
504090,100530,2028-12-08 03:50:00,Online Transfer,46590.9,21,Netflix,ATM,Success
504091,100547,2028-12-13 15:49:00,Cash Withdrawal,2521.91,34,PhonePe,UPI,Success
504092,100564,2028-12-19 03:48:00,Deposit,8352.92,47,Google Pay,Debit Card,Success
504093,100581,2028-12-24 15:47:00,UPI,14183.93,10,Amazon,Credit Card,Success
504094,100598,2028-12-30 03:46:00,Card Payment,365386.0,23,Flipkart,Net Banking,Success
504095,100615,2029-01-04 15:45:00,ATM Withdrawal,25845.95,36,Swiggy,ATM,Success
504096,100632,2029-01-10 03:44:00,Online Transfer,31676.96,49,Zomato,UPI,Success
504097,100649,2029-01-15 15:43:00,Cash Withdrawal,37507.97,12,Myntra,Debit Card,Success
504098,100666,2029-01-21 03:42:00,Deposit,43338.98,25,Uber,Credit Card,Success
504099,100683,2029-01-26 15:41:00,UPI,49169.99,38,IRCTC,Net Banking,Success
504100,100700,2029-02-01 03:40:00,Card Payment,5100.0,1,Reliance,ATM,Success
504101,100717,2029-02-06 15:39:00,ATM Withdrawal,10931.01,14,DMart,UPI,Success
504102,100734,2029-02-12 03:38:00,Online Transfer,16762.02,27,Netflix,Debit Card,Success
504103,100751,2029-02-17 15:37:00,Cash Withdrawal,22593.03,40,PhonePe,Credit Card,Success
504104,100768,2029-02-23 03:36:00,Deposit,28424.04,3,Google Pay,Net Banking,Success
504105,100785,2029-02-28 15:35:00,UPI,34255.05,16,Amazon,ATM,Success
504106,100802,2029-03-06 03:34:00,Card Payment,40086.06,29,Flipkart,UPI,Success
504107,100819,2029-03-11 15:33:00,ATM Withdrawal,45917.07,42,Swiggy,Debit Card,Success
504108,100836,2029-03-17 03:32:00,Online Transfer,1848.08,5,Zomato,Credit Card,Success
504109,100853,2029-03-22 15:31:00,Cash Withdrawal,7679.09,18,Myntra,Net Banking,Success
504110,100870,2029-03-28 03:30:00,Deposit,13510.1,31,Uber,ATM,Success
504111,100887,2029-04-02 15:29:00,UPI,19341.11,44,IRCTC,UPI,Success
504112,100904,2029-04-08 03:28:00,Card Payment,25172.12,7,Reliance,Debit Card,Success
504113,100921,2029-04-13 15:27:00,ATM Withdrawal,31003.13,20,DMart,Credit Card,Success
504114,100938,2029-04-19 03:26:00,Online Transfer,36834.14,33,Netflix,Net Banking,Success
504115,100955,2029-04-24 15:25:00,Cash Withdrawal,42665.15,46,PhonePe,ATM,Success
504116,100972,2029-04-30 03:24:00,Deposit,48496.16,9,Google Pay,UPI,Success
504117,100989,2029-05-05 15:23:00,UPI,4427.17,22,Amazon,Debit Card,Success
504118,101006,2029-05-11 03:22:00,Card Payment,10258.18,35,Flipkart,Credit Card,Success
504119,101023,2029-05-16 15:21:00,ATM Withdrawal,16089.19,48,Swiggy,Net Banking,Success
504120,101040,2029-05-22 03:20:00,Online Transfer,21920.2,11,Zomato,ATM,Success
504121,101057,2029-05-27 15:19:00,Cash Withdrawal,27751.21,24,Myntra,UPI,Success
504122,101074,2029-06-02 03:18:00,Deposit,33582.22,37,Uber,Debit Card,Success
504123,101091,2029-06-07 15:17:00,UPI,39413.23,50,IRCTC,Credit Card,Success
504124,101108,2029-06-13 03:16:00,Card Payment,45244.24,13,Reliance,Net Banking,Success
504125,101125,2029-06-18 15:15:00,ATM Withdrawal,1175.25,26,DMart,ATM,Success
504126,101142,2029-06-24 03:14:00,Online Transfer,7006.26,39,Netflix,UPI,Success
504127,101159,2029-06-29 15:13:00,Cash Withdrawal,12837.27,2,PhonePe,Debit Card,Success
504128,101176,2029-07-05 03:12:00,Deposit,18668.28,15,Google Pay,Credit Card,Success
504129,101193,2029-07-10 15:11:00,UPI,24499.29,28,Amazon,Net Banking,Success
504130,101210,2029-07-16 03:10:00,Card Payment,30330.3,41,Flipkart,ATM,Success
504131,101227,2029-07-21 15:09:00,ATM Withdrawal,36161.31,4,Swiggy,UPI,Success
504132,101244,2029-07-27 03:08:00,Online Transfer,41992.32,17,Zomato,Debit Card,Success
504133,101261,2029-08-01 15:07:00,Cash Withdrawal,47823.33,30,Myntra,Credit Card,Success
504134,101278,2029-08-07 03:06:00,Deposit,3754.34,43,Uber,Net Banking,Success
504135,101295,2029-08-12 15:05:00,UPI,9585.35,6,IRCTC,ATM,Success
504136,101312,2029-08-18 03:04:00,Card Payment,15416.36,19,Reliance,UPI,Success
504137,101329,2029-08-23 15:03:00,ATM Withdrawal,21247.37,32,DMart,Debit Card,Success
504138,101346,2029-08-29 03:02:00,Online Transfer,27078.38,45,Netflix,Credit Card,Success
504139,101363,2029-09-03 15:01:00,Cash Withdrawal,32909.39,8,PhonePe,Net Banking,Success
504140,101380,2029-09-09 03:00:00,Deposit,38740.4,21,Google Pay,ATM,Success
504141,101397,2029-09-14 14:59:00,UPI,44571.41,34,Amazon,UPI,Success
504142,101414,2029-09-20 02:58:00,Card Payment,502.42,47,Flipkart,Debit Card,Success
504143,101431,2029-09-25 14:57:00,ATM Withdrawal,6333.43,10,Swiggy,Credit Card,Success
504144,101448,2029-10-01 02:56:00,Online Transfer,12164.44,23,Zomato,Net Banking,Success
504145,101465,2029-10-06 14:55:00,Cash Withdrawal,17995.45,36,Myntra,ATM,Success
504146,101482,2029-10-12 02:54:00,Deposit,23826.46,49,Uber,UPI,Success
504147,101499,2029-10-17 14:53:00,UPI,29657.47,12,IRCTC,Debit Card,Success
504148,101516,2029-10-23 02:52:00,Card Payment,35488.48,25,Reliance,Credit Card,Success
504149,101533,2029-10-28 14:51:00,ATM Withdrawal,41319.49,38,DMart,Net Banking,Success
504150,101550,2029-11-03 02:50:00,Online Transfer,47150.5,1,Netflix,ATM,Success
504151,101567,2029-11-08 14:49:00,Cash Withdrawal,3081.51,14,PhonePe,UPI,Success
504152,101584,2029-11-14 02:48:00,Deposit,8912.52,27,Google Pay,Debit Card,Success
504153,101601,2029-11-19 14:47:00,UPI,14743.53,40,Amazon,Credit Card,Success
504154,101618,2029-11-25 02:46:00,Card Payment,20574.54,3,Flipkart,Net Banking,Pending
504155,101635,2029-11-30 14:45:00,ATM Withdrawal,26405.55,16,Swiggy,ATM,Success
504156,101652,2029-12-06 02:44:00,Online Transfer,32236.56,29,Zomato,UPI,Success
504157,101669,2029-12-11 14:43:00,Cash Withdrawal,38067.57,42,Myntra,Debit Card,Success
504158,101686,2029-12-17 02:42:00,Deposit,43898.58,5,Uber,Credit Card,Success
504159,101703,2029-12-22 14:41:00,UPI,49729.59,18,IRCTC,Net Banking,Success
504160,101720,2029-12-28 02:40:00,Card Payment,5660.6,31,Reliance,ATM,Success
504161,101737,2030-01-02 14:39:00,ATM Withdrawal,11491.61,44,DMart,UPI,Success
504162,101754,2030-01-08 02:38:00,Online Transfer,17322.62,7,Netflix,Debit Card,Success
504163,101771,2030-01-13 14:37:00,Cash Withdrawal,23153.63,20,PhonePe,Credit Card,Success
504164,101788,2030-01-19 02:36:00,Deposit,28984.64,33,Google Pay,Net Banking,Success
504165,101805,2030-01-24 14:35:00,UPI,34815.65,46,Amazon,ATM,Success
504166,101822,2030-01-30 02:34:00,Card Payment,40646.66,9,Flipkart,UPI,Success
504167,101839,2030-02-04 14:33:00,ATM Withdrawal,46477.67,22,Swiggy,Debit Card,Success
504168,101856,2030-02-10 02:32:00,Online Transfer,2408.68,35,Zomato,Credit Card,Success
504169,101873,2030-02-15 14:31:00,Cash Withdrawal,8239.69,48,Myntra,Net Banking,Success
504170,101890,2030-02-21 02:30:00,Deposit,14070.7,11,Uber,ATM,Success
504171,101907,2030-02-26 14:29:00,UPI,19901.71,24,IRCTC,UPI,Success
504172,101924,2030-03-04 02:28:00,Card Payment,25732.72,37,Reliance,Debit Card,Success
504173,101941,2030-03-09 14:27:00,ATM Withdrawal,31563.73,50,DMart,Credit Card,Success
504174,101958,2026-01-05 02:26:00,Online Transfer,37394.74,13,Netflix,Net Banking,Success
504175,101975,2026-01-10 14:25:00,Cash Withdrawal,43225.75,26,PhonePe,ATM,Success
504176,101992,2026-01-16 02:24:00,Deposit,49056.76,39,Google Pay,UPI,Success
504177,102009,2026-01-21 14:23:00,UPI,4987.77,2,Amazon,Debit Card,Success
504178,102026,2026-01-27 02:22:00,Card Payment,10818.78,15,Flipkart,Credit Card,Success
504179,102043,2026-02-01 14:21:00,ATM Withdrawal,16649.79,28,Swiggy,Net Banking,Success
504180,102060,2026-02-07 02:20:00,Online Transfer,22480.8,41,Zomato,ATM,Success
504181,102077,2026-02-12 14:19:00,Cash Withdrawal,28311.81,4,Myntra,UPI,Failed
504182,102094,2026-02-18 02:18:00,Deposit,34142.82,17,Uber,Debit Card,Success
504183,102111,2026-02-23 14:17:00,UPI,402677.0,30,IRCTC,Credit Card,Success
504184,102128,2026-03-01 02:16:00,Card Payment,45804.84,43,Reliance,Net Banking,Success
504185,102145,2026-03-06 14:15:00,ATM Withdrawal,1735.85,6,DMart,ATM,Success
504186,102162,2026-03-12 02:14:00,Online Transfer,7566.86,19,Netflix,UPI,Success
504187,102179,2026-03-17 14:13:00,Cash Withdrawal,13397.87,32,PhonePe,Debit Card,Success
504188,102196,2026-03-23 02:12:00,Deposit,19228.88,45,Google Pay,Credit Card,Success
504189,102213,2026-03-28 14:11:00,UPI,25059.89,8,Amazon,Net Banking,Success
504190,102230,2026-04-03 02:10:00,Card Payment,30890.9,21,Flipkart,ATM,Success
504191,102247,2026-04-08 14:09:00,ATM Withdrawal,313621.0,34,Swiggy,UPI,Success
504192,102264,2026-04-14 02:08:00,Online Transfer,42552.92,47,Zomato,Debit Card,Success
504193,102281,2026-04-19 14:07:00,Cash Withdrawal,48383.93,10,Myntra,Credit Card,Success
504194,102298,2026-04-25 02:06:00,Deposit,4314.94,23,Uber,Net Banking,Success
504195,102315,2026-04-30 14:05:00,UPI,10145.95,36,IRCTC,ATM,Success
504196,102332,2026-05-06 02:04:00,Card Payment,15976.96,49,Reliance,UPI,Success
504197,102349,2026-05-11 14:03:00,ATM Withdrawal,21807.97,12,DMart,Debit Card,Success
504198,102366,2026-05-17 02:02:00,Online Transfer,27638.98,25,Netflix,Credit Card,Success
504199,102383,2026-05-22 14:01:00,Cash Withdrawal,33469.99,38,PhonePe,Net Banking,Success
504200,102400,2026-05-28 02:00:00,Deposit,39300.0,1,Google Pay,ATM,Success
504201,102417,2026-06-02 13:59:00,UPI,45131.01,14,Amazon,UPI,Success
504202,102434,2026-06-08 01:58:00,Card Payment,1062.02,27,Flipkart,Debit Card,Success
504203,102451,2026-06-13 13:57:00,ATM Withdrawal,6893.03,40,Swiggy,Credit Card,Success
504204,102468,2026-06-19 01:56:00,Online Transfer,12724.04,3,Zomato,Net Banking,Success
504205,102485,2026-06-24 13:55:00,Cash Withdrawal,18555.05,16,Myntra,ATM,Success
504206,102502,2026-06-30 01:54:00,Deposit,24386.06,29,Uber,UPI,Success
504207,102519,2026-07-05 13:53:00,UPI,30217.07,42,IRCTC,Debit Card,Success
504208,102536,2026-07-11 01:52:00,Card Payment,36048.08,5,Reliance,Credit Card,Success
504209,102553,2026-07-16 13:51:00,ATM Withdrawal,41879.09,18,DMart,Net Banking,Success
504210,102570,2026-07-22 01:50:00,Online Transfer,47710.1,31,Netflix,ATM,Success
504211,102587,2026-07-27 13:49:00,Cash Withdrawal,3641.11,44,PhonePe,UPI,Success
504212,102604,2026-08-02 01:48:00,Deposit,9472.12,7,Google Pay,Debit Card,Success
504213,102621,2026-08-07 13:47:00,UPI,15303.13,20,Amazon,Credit Card,Success
504214,102638,2026-08-13 01:46:00,Card Payment,21134.14,33,Flipkart,Net Banking,Success
504215,102655,2026-08-18 13:45:00,ATM Withdrawal,26965.15,46,Swiggy,ATM,Success
504216,102672,2026-08-24 01:44:00,Online Transfer,32796.16,9,Zomato,UPI,Success
504217,102689,2026-08-29 13:43:00,Cash Withdrawal,38627.17,22,Myntra,Debit Card,Success
504218,102706,2026-09-04 01:42:00,Deposit,44458.18,35,Uber,Credit Card,Success
504219,102723,2026-09-09 13:41:00,UPI,389.19,48,IRCTC,Net Banking,Success
504220,102740,2026-09-15 01:40:00,Card Payment,6220.2,11,Reliance,ATM,Success
504221,102757,2026-09-20 13:39:00,ATM Withdrawal,12051.21,24,DMart,UPI,Pending
504222,102774,2026-09-26 01:38:00,Online Transfer,17882.22,37,Netflix,Debit Card,Success
504223,102791,2026-10-01 13:37:00,Cash Withdrawal,23713.23,50,PhonePe,Credit Card,Success
504224,102808,2026-10-07 01:36:00,Deposit,29544.24,13,Google Pay,Net Banking,Success
504225,102825,2026-10-12 13:35:00,UPI,35375.25,26,Amazon,ATM,Success
504226,102842,2026-10-18 01:34:00,Card Payment,41206.26,39,Flipkart,UPI,Success
504227,102859,2026-10-23 13:33:00,ATM Withdrawal,47037.27,2,Swiggy,Debit Card,Success
504228,102876,2026-10-29 01:32:00,Online Transfer,2968.28,15,Zomato,Credit Card,Success
504229,102893,2026-11-03 13:31:00,Cash Withdrawal,8799.29,28,Myntra,Net Banking,Success
504230,102910,2026-11-09 01:30:00,Deposit,14630.3,41,Uber,ATM,Success
504231,102927,2026-11-14 13:29:00,UPI,20461.31,4,IRCTC,UPI,Success
504232,102944,2026-11-20 01:28:00,Card Payment,26292.32,17,Reliance,Debit Card,Success
504233,102961,2026-11-25 13:27:00,ATM Withdrawal,32123.33,30,DMart,Credit Card,Success
504234,102978,2026-12-01 01:26:00,Online Transfer,37954.34,43,Netflix,Net Banking,Success
504235,102995,2026-12-06 13:25:00,Cash Withdrawal,43785.35,6,PhonePe,ATM,Success
504236,100012,2026-12-12 01:24:00,Deposit,49616.36,19,Google Pay,UPI,Success
504237,100029,2026-12-17 13:23:00,UPI,5547.37,32,Amazon,Debit Card,Success
504238,100046,2026-12-23 01:22:00,Card Payment,11378.38,45,Flipkart,Credit Card,Success
504239,100063,2026-12-28 13:21:00,ATM Withdrawal,17209.39,8,Swiggy,Net Banking,Success
504240,100080,2027-01-03 01:20:00,Online Transfer,23040.4,21,Zomato,ATM,Success
504241,100097,2027-01-08 13:19:00,Cash Withdrawal,28871.41,34,Myntra,UPI,Success
504242,100114,2027-01-14 01:18:00,Deposit,34702.42,47,Uber,Debit Card,Success
504243,100131,2027-01-19 13:17:00,UPI,40533.43,10,IRCTC,Credit Card,Success
504244,100148,2027-01-25 01:16:00,Card Payment,46364.44,23,Reliance,Net Banking,Success
504245,100165,2027-01-30 13:15:00,ATM Withdrawal,2295.45,36,DMart,ATM,Success
504246,100182,2027-02-05 01:14:00,Online Transfer,8126.46,49,Netflix,UPI,Success
504247,100199,2027-02-10 13:13:00,Cash Withdrawal,13957.47,12,PhonePe,Debit Card,Success
504248,100216,2027-02-16 01:12:00,Deposit,19788.48,25,Google Pay,Credit Card,Success
504249,100233,2027-02-21 13:11:00,UPI,25619.49,38,Amazon,Net Banking,Success
504250,100250,2027-02-27 01:10:00,Card Payment,31450.5,1,Flipkart,ATM,Success
504251,100267,2027-03-04 13:09:00,ATM Withdrawal,37281.51,14,Swiggy,UPI,Success
504252,100284,2027-03-10 01:08:00,Online Transfer,43112.52,27,Zomato,Debit Card,Success
504253,100301,2027-03-15 13:07:00,Cash Withdrawal,48943.53,40,Myntra,Credit Card,Success
504254,100318,2027-03-21 01:06:00,Deposit,4874.54,3,Uber,Net Banking,Success
504255,100335,2027-03-26 13:05:00,UPI,10705.55,16,IRCTC,ATM,Success
504256,100352,2027-04-01 01:04:00,Card Payment,16536.56,29,Reliance,UPI,Success
504257,100369,2027-04-06 13:03:00,ATM Withdrawal,22367.57,42,DMart,Debit Card,Success
504258,100386,2027-04-12 01:02:00,Online Transfer,28198.58,5,Netflix,Credit Card,Success
504259,100403,2027-04-17 13:01:00,Cash Withdrawal,34029.59,18,PhonePe,Net Banking,Success
504260,100420,2027-04-23 01:00:00,Deposit,39860.6,31,Google Pay,ATM,Success
504261,100437,2027-04-28 12:59:00,UPI,45691.61,44,Amazon,UPI,Success
504262,100454,2027-05-04 00:58:00,Card Payment,1622.62,7,Flipkart,Debit Card,Success
504263,100471,2027-05-09 12:57:00,ATM Withdrawal,7453.63,20,Swiggy,Credit Card,Success
504264,100488,2027-05-15 00:56:00,Online Transfer,13284.64,33,Zomato,Net Banking,Success
504265,100505,2027-05-20 12:55:00,Cash Withdrawal,19115.65,46,Myntra,ATM,Success
504266,100522,2027-05-26 00:54:00,Deposit,24946.66,9,Uber,UPI,Success
504267,100539,2027-05-31 12:53:00,UPI,30777.67,22,IRCTC,Debit Card,Success
504268,100556,2027-06-06 00:52:00,Card Payment,36608.68,35,Reliance,Credit Card,Success
504269,100573,2027-06-11 12:51:00,ATM Withdrawal,42439.69,48,DMart,Net Banking,Success
504270,100590,2027-06-17 00:50:00,Online Transfer,48270.7,11,Netflix,ATM,Success
504271,100607,2027-06-22 12:49:00,Cash Withdrawal,4201.71,24,PhonePe,UPI,Success
504272,100624,2027-06-28 00:48:00,Deposit,439968.0,37,Google Pay,Debit Card,Success
504273,100641,2027-07-03 12:47:00,UPI,15863.73,50,Amazon,Credit Card,Success
504274,100658,2027-07-09 00:46:00,Card Payment,21694.74,13,Flipkart,Net Banking,Success
504275,100675,2027-07-14 12:45:00,ATM Withdrawal,27525.75,26,Swiggy,ATM,Success
504276,100692,2027-07-20 00:44:00,Online Transfer,33356.76,39,Zomato,UPI,Success
504277,100709,2027-07-25 12:43:00,Cash Withdrawal,39187.77,2,Myntra,Debit Card,Success
504278,100726,2027-07-31 00:42:00,Deposit,45018.78,15,Uber,Credit Card,Success
504279,100743,2027-08-05 12:41:00,UPI,949.79,28,IRCTC,Net Banking,Success
504280,100760,2027-08-11 00:40:00,Card Payment,6780.8,41,Reliance,ATM,Success
504281,100777,2027-08-16 12:39:00,ATM Withdrawal,12611.81,4,DMart,UPI,Success
504282,100794,2027-08-22 00:38:00,Online Transfer,18442.82,17,Netflix,Debit Card,Success
504283,100811,2027-08-27 12:37:00,Cash Withdrawal,24273.83,30,PhonePe,Credit Card,Success
504284,100828,2027-09-02 00:36:00,Deposit,30104.84,43,Google Pay,Net Banking,Success
504285,100845,2027-09-07 12:35:00,UPI,35935.85,6,Amazon,ATM,Success
504286,100862,2027-09-13 00:34:00,Card Payment,41766.86,19,Flipkart,UPI,Success
504287,100879,2027-09-18 12:33:00,ATM Withdrawal,47597.87,32,Swiggy,Debit Card,Success
504288,100896,2027-09-24 00:32:00,Online Transfer,3528.88,45,Zomato,Credit Card,Pending
504289,100913,2027-09-29 12:31:00,Cash Withdrawal,9359.89,8,Myntra,Net Banking,Success
504290,100930,2027-10-05 00:30:00,Deposit,15190.9,21,Uber,ATM,Success
504291,100947,2027-10-10 12:29:00,UPI,21021.91,34,IRCTC,UPI,Success
504292,100964,2027-10-16 00:28:00,Card Payment,26852.92,47,Reliance,Debit Card,Success
504293,100981,2027-10-21 12:27:00,ATM Withdrawal,32683.93,10,DMart,Credit Card,Success
504294,100998,2027-10-27 00:26:00,Online Transfer,38514.94,23,Netflix,Net Banking,Failed
504295,101015,2027-11-01 12:25:00,Cash Withdrawal,44345.95,36,PhonePe,ATM,Success
504296,101032,2027-11-07 00:24:00,Deposit,276.96,49,Google Pay,UPI,Success
504297,101049,2027-11-12 12:23:00,UPI,6107.97,12,Amazon,Debit Card,Success
504298,101066,2027-11-18 00:22:00,Card Payment,11938.98,25,Flipkart,Credit Card,Success
504299,101083,2027-11-23 12:21:00,ATM Withdrawal,17769.99,38,Swiggy,Net Banking,Success
504300,101100,2027-11-29 00:20:00,Online Transfer,23600.0,1,Zomato,ATM,Success
504301,101117,2027-12-04 12:19:00,Cash Withdrawal,29431.01,14,Myntra,UPI,Success
504302,101134,2027-12-10 00:18:00,Deposit,35262.02,27,Uber,Debit Card,Success
504303,101151,2027-12-15 12:17:00,UPI,41093.03,40,IRCTC,Credit Card,Success
504304,101168,2027-12-21 00:16:00,Card Payment,46924.04,3,Reliance,Net Banking,Success
504305,101185,2027-12-26 12:15:00,ATM Withdrawal,2855.05,16,DMart,ATM,Success
504306,101202,2028-01-01 00:14:00,Online Transfer,8686.06,29,Netflix,UPI,Success
504307,101219,2028-01-06 12:13:00,Cash Withdrawal,14517.07,42,PhonePe,Debit Card,Success
504308,101236,2028-01-12 00:12:00,Deposit,20348.08,5,Google Pay,Credit Card,Success
504309,101253,2028-01-17 12:11:00,UPI,26179.09,18,Amazon,Net Banking,Success
504310,101270,2028-01-23 00:10:00,Card Payment,32010.1,31,Flipkart,ATM,Success
504311,101287,2028-01-28 12:09:00,ATM Withdrawal,37841.11,44,Swiggy,UPI,Success
504312,101304,2028-02-03 00:08:00,Online Transfer,43672.12,7,Zomato,Debit Card,Success
504313,101321,2028-02-08 12:07:00,Cash Withdrawal,49503.13,20,Myntra,Credit Card,Success
504314,101338,2028-02-14 00:06:00,Deposit,5434.14,33,Uber,Net Banking,Success
504315,101355,2028-02-19 12:05:00,UPI,11265.15,46,IRCTC,ATM,Success
504316,101372,2028-02-25 00:04:00,Card Payment,17096.16,9,Reliance,UPI,Success
504317,101389,2028-03-01 12:03:00,ATM Withdrawal,22927.17,22,DMart,Debit Card,Success
504318,101406,2028-03-07 00:02:00,Online Transfer,406458.0,35,Netflix,Credit Card,Success
504319,101423,2028-03-12 12:01:00,Cash Withdrawal,34589.19,48,PhonePe,Net Banking,Success
504320,101440,2028-03-18 00:00:00,Deposit,40420.2,11,Google Pay,ATM,Success
504321,101457,2028-03-23 11:59:00,UPI,46251.21,24,Amazon,UPI,Success
504322,101474,2028-03-28 23:58:00,Card Payment,2182.22,37,Flipkart,Debit Card,Success
504323,101491,2028-04-03 11:57:00,ATM Withdrawal,8013.23,50,Swiggy,Credit Card,Success
504324,101508,2028-04-08 23:56:00,Online Transfer,13844.24,13,Zomato,Net Banking,Success
504325,101525,2028-04-14 11:55:00,Cash Withdrawal,19675.25,26,Myntra,ATM,Success
504326,101542,2028-04-19 23:54:00,Deposit,25506.26,39,Uber,UPI,Success
504327,101559,2028-04-25 11:53:00,UPI,31337.27,2,IRCTC,Debit Card,Success
504328,101576,2028-04-30 23:52:00,Card Payment,37168.28,15,Reliance,Credit Card,Success
504329,101593,2028-05-06 11:51:00,ATM Withdrawal,42999.29,28,DMart,Net Banking,Success
504330,101610,2028-05-11 23:50:00,Online Transfer,48830.3,41,Netflix,ATM,Success
504331,101627,2028-05-17 11:49:00,Cash Withdrawal,4761.31,4,PhonePe,UPI,Success
504332,101644,2028-05-22 23:48:00,Deposit,10592.32,17,Google Pay,Debit Card,Success
504333,101661,2028-05-28 11:47:00,UPI,16423.33,30,Amazon,Credit Card,Success
504334,101678,2028-06-02 23:46:00,Card Payment,22254.34,43,Flipkart,Net Banking,Success
504335,101695,2028-06-08 11:45:00,ATM Withdrawal,28085.35,6,Swiggy,ATM,Success
504336,101712,2028-06-13 23:44:00,Online Transfer,33916.36,19,Zomato,UPI,Success
504337,101729,2028-06-19 11:43:00,Cash Withdrawal,39747.37,32,Myntra,Debit Card,Success
504338,101746,2028-06-24 23:42:00,Deposit,45578.38,45,Uber,Credit Card,Success
504339,101763,2028-06-30 11:41:00,UPI,1509.39,8,IRCTC,Net Banking,Success
504340,101780,2028-07-05 23:40:00,Card Payment,7340.4,21,Reliance,ATM,Success
504341,101797,2028-07-11 11:39:00,ATM Withdrawal,13171.41,34,DMart,UPI,Success
504342,101814,2028-07-16 23:38:00,Online Transfer,19002.42,47,Netflix,Debit Card,Success
504343,101831,2028-07-22 11:37:00,Cash Withdrawal,24833.43,10,PhonePe,Credit Card,Success
504344,101848,2028-07-27 23:36:00,Deposit,30664.44,23,Google Pay,Net Banking,Success
504345,101865,2028-08-02 11:35:00,UPI,36495.45,36,Amazon,ATM,Success
504346,101882,2028-08-07 23:34:00,Card Payment,42326.46,49,Flipkart,UPI,Success
504347,101899,2028-08-13 11:33:00,ATM Withdrawal,48157.47,12,Swiggy,Debit Card,Success
504348,101916,2028-08-18 23:32:00,Online Transfer,4088.48,25,Zomato,Credit Card,Success
504349,101933,2028-08-24 11:31:00,Cash Withdrawal,9919.49,38,Myntra,Net Banking,Success
504350,101950,2028-08-29 23:30:00,Deposit,15750.5,1,Uber,ATM,Success
504351,101967,2028-09-04 11:29:00,UPI,21581.51,14,IRCTC,UPI,Success
504352,101984,2028-09-09 23:28:00,Card Payment,27412.52,27,Reliance,Debit Card,Success
504353,102001,2028-09-15 11:27:00,ATM Withdrawal,33243.53,40,DMart,Credit Card,Success
504354,102018,2028-09-20 23:26:00,Online Transfer,39074.54,3,Netflix,Net Banking,Success
504355,102035,2028-09-26 11:25:00,Cash Withdrawal,44905.55,16,PhonePe,ATM,Pending
504356,102052,2028-10-01 23:24:00,Deposit,836.56,29,Google Pay,UPI,Success
504357,102069,2028-10-07 11:23:00,UPI,6667.57,42,Amazon,Debit Card,Success
504358,102086,2028-10-12 23:22:00,Card Payment,12498.58,5,Flipkart,Credit Card,Success
504359,102103,2028-10-18 11:21:00,ATM Withdrawal,18329.59,18,Swiggy,Net Banking,Success
504360,102120,2028-10-23 23:20:00,Online Transfer,24160.6,31,Zomato,ATM,Success
504361,102137,2028-10-29 11:19:00,Cash Withdrawal,177259.0,44,Myntra,UPI,Success
504362,102154,2028-11-03 23:18:00,Deposit,35822.62,7,Uber,Debit Card,Success
504363,102171,2028-11-09 11:17:00,UPI,41653.63,20,IRCTC,Credit Card,Success
504364,102188,2028-11-14 23:16:00,Card Payment,47484.64,33,Reliance,Net Banking,Success
504365,102205,2028-11-20 11:15:00,ATM Withdrawal,3415.65,46,DMart,ATM,Success
504366,102222,2028-11-25 23:14:00,Online Transfer,9246.66,9,Netflix,UPI,Success
504367,102239,2028-12-01 11:13:00,Cash Withdrawal,15077.67,22,PhonePe,Debit Card,Success
504368,102256,2028-12-06 23:12:00,Deposit,20908.68,35,Google Pay,Credit Card,Success
504369,102273,2028-12-12 11:11:00,UPI,26739.69,48,Amazon,Net Banking,Success
504370,102290,2028-12-17 23:10:00,Card Payment,32570.7,11,Flipkart,ATM,Success
504371,102307,2028-12-23 11:09:00,ATM Withdrawal,38401.71,24,Swiggy,UPI,Success
504372,102324,2028-12-28 23:08:00,Online Transfer,44232.72,37,Zomato,Debit Card,Success
504373,102341,2029-01-03 11:07:00,Cash Withdrawal,163.73,50,Myntra,Credit Card,Success
504374,102358,2029-01-08 23:06:00,Deposit,5994.74,13,Uber,Net Banking,Success
504375,102375,2029-01-14 11:05:00,UPI,11825.75,26,IRCTC,ATM,Success
504376,102392,2029-01-19 23:04:00,Card Payment,17656.76,39,Reliance,UPI,Success
504377,102409,2029-01-25 11:03:00,ATM Withdrawal,23487.77,2,DMart,Debit Card,Success
504378,102426,2029-01-30 23:02:00,Online Transfer,29318.78,15,Netflix,Credit Card,Success
504379,102443,2029-02-05 11:01:00,Cash Withdrawal,35149.79,28,PhonePe,Net Banking,Success
504380,102460,2029-02-10 23:00:00,Deposit,40980.8,41,Google Pay,ATM,Success
504381,102477,2029-02-16 10:59:00,UPI,46811.81,4,Amazon,UPI,Success
504382,102494,2029-02-21 22:58:00,Card Payment,2742.82,17,Flipkart,Debit Card,Success
504383,102511,2029-02-27 10:57:00,ATM Withdrawal,8573.83,30,Swiggy,Credit Card,Success
504384,102528,2029-03-04 22:56:00,Online Transfer,14404.84,43,Zomato,Net Banking,Success
504385,102545,2029-03-10 10:55:00,Cash Withdrawal,20235.85,6,Myntra,ATM,Success
504386,102562,2029-03-15 22:54:00,Deposit,26066.86,19,Uber,UPI,Success
504387,102579,2029-03-21 10:53:00,UPI,31897.87,32,IRCTC,Debit Card,Success
504388,102596,2029-03-26 22:52:00,Card Payment,37728.88,45,Reliance,Credit Card,Success
504389,102613,2029-04-01 10:51:00,ATM Withdrawal,43559.89,8,DMart,Net Banking,Success
504390,102630,2029-04-06 22:50:00,Online Transfer,49390.9,21,Netflix,ATM,Success
504391,102647,2029-04-12 10:49:00,Cash Withdrawal,5321.91,34,PhonePe,UPI,Success
504392,102664,2029-04-17 22:48:00,Deposit,11152.92,47,Google Pay,Debit Card,Success
504393,102681,2029-04-23 10:47:00,UPI,16983.93,10,Amazon,Credit Card,Success
504394,102698,2029-04-28 22:46:00,Card Payment,22814.94,23,Flipkart,Net Banking,Success
504395,102715,2029-05-04 10:45:00,ATM Withdrawal,28645.95,36,Swiggy,ATM,Success
504396,102732,2029-05-09 22:44:00,Online Transfer,34476.96,49,Zomato,UPI,Success
504397,102749,2029-05-15 10:43:00,Cash Withdrawal,40307.97,12,Myntra,Debit Card,Success
504398,102766,2029-05-20 22:42:00,Deposit,46138.98,25,Uber,Credit Card,Success
504399,102783,2029-05-26 10:41:00,UPI,2069.99,38,IRCTC,Net Banking,Success
504400,102800,2029-05-31 22:40:00,Card Payment,7900.0,1,Reliance,ATM,Success
504401,102817,2029-06-06 10:39:00,ATM Withdrawal,13731.01,14,DMart,UPI,Success
504402,102834,2029-06-11 22:38:00,Online Transfer,19562.02,27,Netflix,Debit Card,Success
504403,102851,2029-06-17 10:37:00,Cash Withdrawal,25393.03,40,PhonePe,Credit Card,Success
504404,102868,2029-06-22 22:36:00,Deposit,31224.04,3,Google Pay,Net Banking,Success
504405,102885,2029-06-28 10:35:00,UPI,37055.05,16,Amazon,ATM,Success
504406,102902,2029-07-03 22:34:00,Card Payment,42886.06,29,Flipkart,UPI,Success
504407,102919,2029-07-09 10:33:00,ATM Withdrawal,48717.07,42,Swiggy,Debit Card,Failed
504408,102936,2029-07-14 22:32:00,Online Transfer,4648.08,5,Zomato,Credit Card,Success
504409,102953,2029-07-20 10:31:00,Cash Withdrawal,10479.09,18,Myntra,Net Banking,Success
504410,102970,2029-07-25 22:30:00,Deposit,16310.1,31,Uber,ATM,Success
504411,102987,2029-07-31 10:29:00,UPI,22141.11,44,IRCTC,UPI,Success
504412,100004,2029-08-05 22:28:00,Card Payment,27972.12,7,Reliance,Debit Card,Success
504413,100021,2029-08-11 10:27:00,ATM Withdrawal,33803.13,20,DMart,Credit Card,Success
504414,100038,2029-08-16 22:26:00,Online Transfer,39634.14,33,Netflix,Net Banking,Success
504415,100055,2029-08-22 10:25:00,Cash Withdrawal,45465.15,46,PhonePe,ATM,Success
504416,100072,2029-08-27 22:24:00,Deposit,1396.16,9,Google Pay,UPI,Success
504417,100089,2029-09-02 10:23:00,UPI,7227.17,22,Amazon,Debit Card,Success
504418,100106,2029-09-07 22:22:00,Card Payment,13058.18,35,Flipkart,Credit Card,Success
504419,100123,2029-09-13 10:21:00,ATM Withdrawal,18889.19,48,Swiggy,Net Banking,Success
504420,100140,2029-09-18 22:20:00,Online Transfer,24720.2,11,Zomato,ATM,Success
504421,100157,2029-09-24 10:19:00,Cash Withdrawal,30551.21,24,Myntra,UPI,Success
504422,100174,2029-09-29 22:18:00,Deposit,36382.22,37,Uber,Debit Card,Pending
504423,100191,2029-10-05 10:17:00,UPI,42213.23,50,IRCTC,Credit Card,Success
504424,100208,2029-10-10 22:16:00,Card Payment,48044.24,13,Reliance,Net Banking,Success
504425,100225,2029-10-16 10:15:00,ATM Withdrawal,3975.25,26,DMart,ATM,Success
504426,100242,2029-10-21 22:14:00,Online Transfer,9806.26,39,Netflix,UPI,Success
504427,100259,2029-10-27 10:13:00,Cash Withdrawal,15637.27,2,PhonePe,Debit Card,Success
504428,100276,2029-11-01 22:12:00,Deposit,21468.28,15,Google Pay,Credit Card,Success
504429,100293,2029-11-07 10:11:00,UPI,27299.29,28,Amazon,Net Banking,Success
504430,100310,2029-11-12 22:10:00,Card Payment,33130.3,41,Flipkart,ATM,Success
504431,100327,2029-11-18 10:09:00,ATM Withdrawal,38961.31,4,Swiggy,UPI,Success
504432,100344,2029-11-23 22:08:00,Online Transfer,44792.32,17,Zomato,Debit Card,Success
504433,100361,2029-11-29 10:07:00,Cash Withdrawal,723.33,30,Myntra,Credit Card,Success
504434,100378,2029-12-04 22:06:00,Deposit,6554.34,43,Uber,Net Banking,Success
504435,100395,2029-12-10 10:05:00,UPI,12385.35,6,IRCTC,ATM,Success
504436,100412,2029-12-15 22:04:00,Card Payment,18216.36,19,Reliance,UPI,Success
504437,100429,2029-12-21 10:03:00,ATM Withdrawal,24047.37,32,DMart,Debit Card,Success
504438,100446,2029-12-26 22:02:00,Online Transfer,29878.38,45,Netflix,Credit Card,Success
504439,100463,2030-01-01 10:01:00,Cash Withdrawal,35709.39,8,PhonePe,Net Banking,Success
504440,100480,2030-01-06 22:00:00,Deposit,41540.4,21,Google Pay,ATM,Success
504441,100497,2030-01-12 09:59:00,UPI,47371.41,34,Amazon,UPI,Success
504442,100514,2030-01-17 21:58:00,Card Payment,3302.42,47,Flipkart,Debit Card,Success
504443,100531,2030-01-23 09:57:00,ATM Withdrawal,9133.43,10,Swiggy,Credit Card,Success
504444,100548,2030-01-28 21:56:00,Online Transfer,14964.44,23,Zomato,Net Banking,Success
504445,100565,2030-02-03 09:55:00,Cash Withdrawal,499295.0,36,Myntra,ATM,Success
504446,100582,2030-02-08 21:54:00,Deposit,26626.46,49,Uber,UPI,Success
504447,100599,2030-02-14 09:53:00,UPI,32457.47,12,IRCTC,Debit Card,Success
504448,100616,2030-02-19 21:52:00,Card Payment,38288.48,25,Reliance,Credit Card,Success
504449,100633,2030-02-25 09:51:00,ATM Withdrawal,44119.49,38,DMart,Net Banking,Success
504450,100650,2030-03-02 21:50:00,Online Transfer,214550.0,1,Netflix,ATM,Success
504451,100667,2030-03-08 09:49:00,Cash Withdrawal,5881.51,14,PhonePe,UPI,Success
504452,100684,2026-01-03 21:48:00,Deposit,11712.52,27,Google Pay,Debit Card,Success
504453,100701,2026-01-09 09:47:00,UPI,17543.53,40,Amazon,Credit Card,Success
504454,100718,2026-01-14 21:46:00,Card Payment,23374.54,3,Flipkart,Net Banking,Success
504455,100735,2026-01-20 09:45:00,ATM Withdrawal,29205.55,16,Swiggy,ATM,Success
504456,100752,2026-01-25 21:44:00,Online Transfer,35036.56,29,Zomato,UPI,Success
504457,100769,2026-01-31 09:43:00,Cash Withdrawal,40867.57,42,Myntra,Debit Card,Success
504458,100786,2026-02-05 21:42:00,Deposit,46698.58,5,Uber,Credit Card,Success
504459,100803,2026-02-11 09:41:00,UPI,2629.59,18,IRCTC,Net Banking,Success
504460,100820,2026-02-16 21:40:00,Card Payment,8460.6,31,Reliance,ATM,Success
504461,100837,2026-02-22 09:39:00,ATM Withdrawal,14291.61,44,DMart,UPI,Success
504462,100854,2026-02-27 21:38:00,Online Transfer,20122.62,7,Netflix,Debit Card,Success
504463,100871,2026-03-05 09:37:00,Cash Withdrawal,25953.63,20,PhonePe,Credit Card,Success
504464,100888,2026-03-10 21:36:00,Deposit,31784.64,33,Google Pay,Net Banking,Success
504465,100905,2026-03-16 09:35:00,UPI,37615.65,46,Amazon,ATM,Success
504466,100922,2026-03-21 21:34:00,Card Payment,43446.66,9,Flipkart,UPI,Success
504467,100939,2026-03-27 09:33:00,ATM Withdrawal,49277.67,22,Swiggy,Debit Card,Success
504468,100956,2026-04-01 21:32:00,Online Transfer,5208.68,35,Zomato,Credit Card,Success
504469,100973,2026-04-07 09:31:00,Cash Withdrawal,11039.69,48,Myntra,Net Banking,Success
504470,100990,2026-04-12 21:30:00,Deposit,16870.7,11,Uber,ATM,Success
504471,101007,2026-04-18 09:29:00,UPI,22701.71,24,IRCTC,UPI,Success
504472,101024,2026-04-23 21:28:00,Card Payment,28532.72,37,Reliance,Debit Card,Success
504473,101041,2026-04-29 09:27:00,ATM Withdrawal,34363.73,50,DMart,Credit Card,Success
504474,101058,2026-05-04 21:26:00,Online Transfer,40194.74,13,Netflix,Net Banking,Success
504475,101075,2026-05-10 09:25:00,Cash Withdrawal,46025.75,26,PhonePe,ATM,Success
504476,101092,2026-05-15 21:24:00,Deposit,1956.76,39,Google Pay,UPI,Success
504477,101109,2026-05-21 09:23:00,UPI,7787.77,2,Amazon,Debit Card,Success
504478,101126,2026-05-26 21:22:00,Card Payment,13618.78,15,Flipkart,Credit Card,Success
504479,101143,2026-06-01 09:21:00,ATM Withdrawal,19449.79,28,Swiggy,Net Banking,Success
504480,101160,2026-06-06 21:20:00,Online Transfer,25280.8,41,Zomato,ATM,Success
504481,101177,2026-06-12 09:19:00,Cash Withdrawal,31111.81,4,Myntra,UPI,Success
504482,101194,2026-06-17 21:18:00,Deposit,36942.82,17,Uber,Debit Card,Success
504483,101211,2026-06-23 09:17:00,UPI,42773.83,30,IRCTC,Credit Card,Success
504484,101228,2026-06-28 21:16:00,Card Payment,48604.84,43,Reliance,Net Banking,Success
504485,101245,2026-07-04 09:15:00,ATM Withdrawal,4535.85,6,DMart,ATM,Success
504486,101262,2026-07-09 21:14:00,Online Transfer,10366.86,19,Netflix,UPI,Success
504487,101279,2026-07-15 09:13:00,Cash Withdrawal,16197.87,32,PhonePe,Debit Card,Success
504488,101296,2026-07-20 21:12:00,Deposit,22028.88,45,Google Pay,Credit Card,Success
504489,101313,2026-07-26 09:11:00,UPI,27859.89,8,Amazon,Net Banking,Pending
504490,101330,2026-07-31 21:10:00,Card Payment,33690.9,21,Flipkart,ATM,Success
504491,101347,2026-08-06 09:09:00,ATM Withdrawal,39521.91,34,Swiggy,UPI,Success
504492,101364,2026-08-11 21:08:00,Online Transfer,45352.92,47,Zomato,Debit Card,Success
504493,101381,2026-08-17 09:07:00,Cash Withdrawal,1283.93,10,Myntra,Credit Card,Success
504494,101398,2026-08-22 21:06:00,Deposit,7114.94,23,Uber,Net Banking,Success
504495,101415,2026-08-28 09:05:00,UPI,12945.95,36,IRCTC,ATM,Success
504496,101432,2026-09-02 21:04:00,Card Payment,18776.96,49,Reliance,UPI,Success
504497,101449,2026-09-08 09:03:00,ATM Withdrawal,24607.97,12,DMart,Debit Card,Success
504498,101466,2026-09-13 21:02:00,Online Transfer,30438.98,25,Netflix,Credit Card,Success
504499,101483,2026-09-19 09:01:00,Cash Withdrawal,36269.99,38,PhonePe,Net Banking,Success
504500,101500,2026-09-24 21:00:00,Deposit,42100.0,1,Google Pay,ATM,Success
504501,101517,2026-09-30 08:59:00,UPI,47931.01,14,Amazon,UPI,Success
504502,101534,2026-10-05 20:58:00,Card Payment,3862.02,27,Flipkart,Debit Card,Success
504503,101551,2026-10-11 08:57:00,ATM Withdrawal,9693.03,40,Swiggy,Credit Card,Success
504504,101568,2026-10-16 20:56:00,Online Transfer,15524.04,3,Zomato,Net Banking,Success
504505,101585,2026-10-22 08:55:00,Cash Withdrawal,21355.05,16,Myntra,ATM,Success
504506,101602,2026-10-27 20:54:00,Deposit,27186.06,29,Uber,UPI,Success
504507,101619,2026-11-02 08:53:00,UPI,33017.07,42,IRCTC,Debit Card,Success
504508,101636,2026-11-07 20:52:00,Card Payment,38848.08,5,Reliance,Credit Card,Success
504509,101653,2026-11-13 08:51:00,ATM Withdrawal,44679.09,18,DMart,Net Banking,Success
504510,101670,2026-11-18 20:50:00,Online Transfer,610.1,31,Netflix,ATM,Success
504511,101687,2026-11-24 08:49:00,Cash Withdrawal,6441.11,44,PhonePe,UPI,Success
504512,101704,2026-11-29 20:48:00,Deposit,12272.12,7,Google Pay,Debit Card,Success
504513,101721,2026-12-05 08:47:00,UPI,18103.13,20,Amazon,Credit Card,Success
504514,101738,2026-12-10 20:46:00,Card Payment,23934.14,33,Flipkart,Net Banking,Success
504515,101755,2026-12-16 08:45:00,ATM Withdrawal,29765.15,46,Swiggy,ATM,Success
504516,101772,2026-12-21 20:44:00,Online Transfer,35596.16,9,Zomato,UPI,Success
504517,101789,2026-12-27 08:43:00,Cash Withdrawal,41427.17,22,Myntra,Debit Card,Success
504518,101806,2027-01-01 20:42:00,Deposit,47258.18,35,Uber,Credit Card,Success
504519,101823,2027-01-07 08:41:00,UPI,3189.19,48,IRCTC,Net Banking,Success
504520,101840,2027-01-12 20:40:00,Card Payment,9020.2,11,Reliance,ATM,Failed
504521,101857,2027-01-18 08:39:00,ATM Withdrawal,14851.21,24,DMart,UPI,Success
504522,101874,2027-01-23 20:38:00,Online Transfer,20682.22,37,Netflix,Debit Card,Success
504523,101891,2027-01-29 08:37:00,Cash Withdrawal,26513.23,50,PhonePe,Credit Card,Success
504524,101908,2027-02-03 20:36:00,Deposit,32344.24,13,Google Pay,Net Banking,Success
504525,101925,2027-02-09 08:35:00,UPI,38175.25,26,Amazon,ATM,Success
504526,101942,2027-02-14 20:34:00,Card Payment,44006.26,39,Flipkart,UPI,Success
504527,101959,2027-02-20 08:33:00,ATM Withdrawal,49837.27,2,Swiggy,Debit Card,Success
504528,101976,2027-02-25 20:32:00,Online Transfer,5768.28,15,Zomato,Credit Card,Success
504529,101993,2027-03-03 08:31:00,Cash Withdrawal,11599.29,28,Myntra,Net Banking,Success
504530,102010,2027-03-08 20:30:00,Deposit,17430.3,41,Uber,ATM,Success
504531,102027,2027-03-14 08:29:00,UPI,23261.31,4,IRCTC,UPI,Success
504532,102044,2027-03-19 20:28:00,Card Payment,29092.32,17,Reliance,Debit Card,Success
504533,102061,2027-03-25 08:27:00,ATM Withdrawal,34923.33,30,DMart,Credit Card,Success
504534,102078,2027-03-30 20:26:00,Online Transfer,40754.34,43,Netflix,Net Banking,Success
504535,102095,2027-04-05 08:25:00,Cash Withdrawal,46585.35,6,PhonePe,ATM,Success
504536,102112,2027-04-10 20:24:00,Deposit,2516.36,19,Google Pay,UPI,Success
504537,102129,2027-04-16 08:23:00,UPI,8347.37,32,Amazon,Debit Card,Success
504538,102146,2027-04-21 20:22:00,Card Payment,14178.38,45,Flipkart,Credit Card,Success
504539,102163,2027-04-27 08:21:00,ATM Withdrawal,251841.0,8,Swiggy,Net Banking,Success
504540,102180,2027-05-02 20:20:00,Online Transfer,25840.4,21,Zomato,ATM,Success
504541,102197,2027-05-08 08:19:00,Cash Withdrawal,31671.41,34,Myntra,UPI,Success
504542,102214,2027-05-13 20:18:00,Deposit,37502.42,47,Uber,Debit Card,Success
504543,102231,2027-05-19 08:17:00,UPI,43333.43,10,IRCTC,Credit Card,Success
504544,102248,2027-05-24 20:16:00,Card Payment,49164.44,23,Reliance,Net Banking,Success
504545,102265,2027-05-30 08:15:00,ATM Withdrawal,5095.45,36,DMart,ATM,Success
504546,102282,2027-06-04 20:14:00,Online Transfer,10926.46,49,Netflix,UPI,Success
504547,102299,2027-06-10 08:13:00,Cash Withdrawal,16757.47,12,PhonePe,Debit Card,Success
504548,102316,2027-06-15 20:12:00,Deposit,22588.48,25,Google Pay,Credit Card,Success
504549,102333,2027-06-21 08:11:00,UPI,28419.49,38,Amazon,Net Banking,Success
504550,102350,2027-06-26 20:10:00,Card Payment,34250.5,1,Flipkart,ATM,Success
504551,102367,2027-07-02 08:09:00,ATM Withdrawal,40081.51,14,Swiggy,UPI,Success
504552,102384,2027-07-07 20:08:00,Online Transfer,45912.52,27,Zomato,Debit Card,Success
504553,102401,2027-07-13 08:07:00,Cash Withdrawal,1843.53,40,Myntra,Credit Card,Success
504554,102418,2027-07-18 20:06:00,Deposit,7674.54,3,Uber,Net Banking,Success
504555,102435,2027-07-24 08:05:00,UPI,13505.55,16,IRCTC,ATM,Success
504556,102452,2027-07-29 20:04:00,Card Payment,19336.56,29,Reliance,UPI,Pending
504557,102469,2027-08-04 08:03:00,ATM Withdrawal,25167.57,42,DMart,Debit Card,Success
504558,102486,2027-08-09 20:02:00,Online Transfer,30998.58,5,Netflix,Credit Card,Success
504559,102503,2027-08-15 08:01:00,Cash Withdrawal,36829.59,18,PhonePe,Net Banking,Success
504560,102520,2027-08-20 20:00:00,Deposit,42660.6,31,Google Pay,ATM,Success
504561,102537,2027-08-26 07:59:00,UPI,48491.61,44,Amazon,UPI,Success
504562,102554,2027-08-31 19:58:00,Card Payment,4422.62,7,Flipkart,Debit Card,Success
504563,102571,2027-09-06 07:57:00,ATM Withdrawal,10253.63,20,Swiggy,Credit Card,Success
504564,102588,2027-09-11 19:56:00,Online Transfer,16084.64,33,Zomato,Net Banking,Success
504565,102605,2027-09-17 07:55:00,Cash Withdrawal,21915.65,46,Myntra,ATM,Success
504566,102622,2027-09-22 19:54:00,Deposit,27746.66,9,Uber,UPI,Success
504567,102639,2027-09-28 07:53:00,UPI,33577.67,22,IRCTC,Debit Card,Success
504568,102656,2027-10-03 19:52:00,Card Payment,39408.68,35,Reliance,Credit Card,Success
504569,102673,2027-10-09 07:51:00,ATM Withdrawal,45239.69,48,DMart,Net Banking,Success
504570,102690,2027-10-14 19:50:00,Online Transfer,1170.7,11,Netflix,ATM,Success
504571,102707,2027-10-20 07:49:00,Cash Withdrawal,7001.71,24,PhonePe,UPI,Success
504572,102724,2027-10-25 19:48:00,Deposit,592132.0,37,Google Pay,Debit Card,Success
504573,102741,2027-10-31 07:47:00,UPI,18663.73,50,Amazon,Credit Card,Success
504574,102758,2027-11-05 19:46:00,Card Payment,24494.74,13,Flipkart,Net Banking,Success
504575,102775,2027-11-11 07:45:00,ATM Withdrawal,30325.75,26,Swiggy,ATM,Success
504576,102792,2027-11-16 19:44:00,Online Transfer,36156.76,39,Zomato,UPI,Success
504577,102809,2027-11-22 07:43:00,Cash Withdrawal,41987.77,2,Myntra,Debit Card,Success
504578,102826,2027-11-27 19:42:00,Deposit,47818.78,15,Uber,Credit Card,Success
504579,102843,2027-12-03 07:41:00,UPI,3749.79,28,IRCTC,Net Banking,Success
504580,102860,2027-12-08 19:40:00,Card Payment,9580.8,41,Reliance,ATM,Success
504581,102877,2027-12-14 07:39:00,ATM Withdrawal,15411.81,4,DMart,UPI,Success
504582,102894,2027-12-19 19:38:00,Online Transfer,21242.82,17,Netflix,Debit Card,Success
504583,102911,2027-12-25 07:37:00,Cash Withdrawal,27073.83,30,PhonePe,Credit Card,Success
504584,102928,2027-12-30 19:36:00,Deposit,32904.84,43,Google Pay,Net Banking,Success
504585,102945,2028-01-05 07:35:00,UPI,38735.85,6,Amazon,ATM,Success
504586,102962,2028-01-10 19:34:00,Card Payment,44566.86,19,Flipkart,UPI,Success
504587,102979,2028-01-16 07:33:00,ATM Withdrawal,497.87,32,Swiggy,Debit Card,Success
504588,102996,2028-01-21 19:32:00,Online Transfer,6328.88,45,Zomato,Credit Card,Success
504589,100013,2028-01-27 07:31:00,Cash Withdrawal,12159.89,8,Myntra,Net Banking,Success
504590,100030,2028-02-01 19:30:00,Deposit,17990.9,21,Uber,ATM,Success
504591,100047,2028-02-07 07:29:00,UPI,23821.91,34,IRCTC,UPI,Success
504592,100064,2028-02-12 19:28:00,Card Payment,29652.92,47,Reliance,Debit Card,Success
504593,100081,2028-02-18 07:27:00,ATM Withdrawal,35483.93,10,DMart,Credit Card,Success
504594,100098,2028-02-23 19:26:00,Online Transfer,41314.94,23,Netflix,Net Banking,Success
504595,100115,2028-02-29 07:25:00,Cash Withdrawal,47145.95,36,PhonePe,ATM,Success
504596,100132,2028-03-05 19:24:00,Deposit,3076.96,49,Google Pay,UPI,Success
504597,100149,2028-03-11 07:23:00,UPI,8907.97,12,Amazon,Debit Card,Success
504598,100166,2028-03-16 19:22:00,Card Payment,14738.98,25,Flipkart,Credit Card,Success
504599,100183,2028-03-22 07:21:00,ATM Withdrawal,20569.99,38,Swiggy,Net Banking,Success
504600,100200,2028-03-27 19:20:00,Online Transfer,26400.0,1,Zomato,ATM,Success
504601,100217,2028-04-02 07:19:00,Cash Withdrawal,32231.01,14,Myntra,UPI,Success
504602,100234,2028-04-07 19:18:00,Deposit,38062.02,27,Uber,Debit Card,Success
504603,100251,2028-04-13 07:17:00,UPI,43893.03,40,IRCTC,Credit Card,Success
504604,100268,2028-04-18 19:16:00,Card Payment,49724.04,3,Reliance,Net Banking,Success
504605,100285,2028-04-24 07:15:00,ATM Withdrawal,5655.05,16,DMart,ATM,Success
504606,100302,2028-04-29 19:14:00,Online Transfer,11486.06,29,Netflix,UPI,Success
504607,100319,2028-05-05 07:13:00,Cash Withdrawal,17317.07,42,PhonePe,Debit Card,Success
504608,100336,2028-05-10 19:12:00,Deposit,23148.08,5,Google Pay,Credit Card,Success
504609,100353,2028-05-16 07:11:00,UPI,28979.09,18,Amazon,Net Banking,Success
504610,100370,2028-05-21 19:10:00,Card Payment,34810.1,31,Flipkart,ATM,Success
504611,100387,2028-05-27 07:09:00,ATM Withdrawal,40641.11,44,Swiggy,UPI,Success
504612,100404,2028-06-01 19:08:00,Online Transfer,46472.12,7,Zomato,Debit Card,Success
504613,100421,2028-06-07 07:07:00,Cash Withdrawal,2403.13,20,Myntra,Credit Card,Success
504614,100438,2028-06-12 19:06:00,Deposit,8234.14,33,Uber,Net Banking,Success
504615,100455,2028-06-18 07:05:00,UPI,14065.15,46,IRCTC,ATM,Success
504616,100472,2028-06-23 19:04:00,Card Payment,19896.16,9,Reliance,UPI,Success
504617,100489,2028-06-29 07:03:00,ATM Withdrawal,25727.17,22,DMart,Debit Card,Success
504618,100506,2028-07-04 19:02:00,Online Transfer,31558.18,35,Netflix,Credit Card,Success
504619,100523,2028-07-10 07:01:00,Cash Withdrawal,37389.19,48,PhonePe,Net Banking,Success
504620,100540,2028-07-15 19:00:00,Deposit,43220.2,11,Google Pay,ATM,Success
504621,100557,2028-07-21 06:59:00,UPI,49051.21,24,Amazon,UPI,Success
504622,100574,2028-07-26 18:58:00,Card Payment,4982.22,37,Flipkart,Debit Card,Success
504623,100591,2028-08-01 06:57:00,ATM Withdrawal,10813.23,50,Swiggy,Credit Card,Pending
504624,100608,2028-08-06 18:56:00,Online Transfer,16644.24,13,Zomato,Net Banking,Success
504625,100625,2028-08-12 06:55:00,Cash Withdrawal,22475.25,26,Myntra,ATM,Success
504626,100642,2028-08-17 18:54:00,Deposit,28306.26,39,Uber,UPI,Success
504627,100659,2028-08-23 06:53:00,UPI,34137.27,2,IRCTC,Debit Card,Success
504628,100676,2028-08-28 18:52:00,Card Payment,289132.0,15,Reliance,Credit Card,Success
504629,100693,2028-09-03 06:51:00,ATM Withdrawal,45799.29,28,DMart,Net Banking,Success
504630,100710,2028-09-08 18:50:00,Online Transfer,1730.3,41,Netflix,ATM,Success
504631,100727,2028-09-14 06:49:00,Cash Withdrawal,7561.31,4,PhonePe,UPI,Success
504632,100744,2028-09-19 18:48:00,Deposit,13392.32,17,Google Pay,Debit Card,Success
504633,100761,2028-09-25 06:47:00,UPI,19223.33,30,Amazon,Credit Card,Failed
504634,100778,2028-09-30 18:46:00,Card Payment,25054.34,43,Flipkart,Net Banking,Success
504635,100795,2028-10-06 06:45:00,ATM Withdrawal,30885.35,6,Swiggy,ATM,Success
504636,100812,2028-10-11 18:44:00,Online Transfer,36716.36,19,Zomato,UPI,Success
504637,100829,2028-10-17 06:43:00,Cash Withdrawal,42547.37,32,Myntra,Debit Card,Success
504638,100846,2028-10-22 18:42:00,Deposit,48378.38,45,Uber,Credit Card,Success
504639,100863,2028-10-28 06:41:00,UPI,4309.39,8,IRCTC,Net Banking,Success
504640,100880,2028-11-02 18:40:00,Card Payment,10140.4,21,Reliance,ATM,Success
504641,100897,2028-11-08 06:39:00,ATM Withdrawal,15971.41,34,DMart,UPI,Success
504642,100914,2028-11-13 18:38:00,Online Transfer,21802.42,47,Netflix,Debit Card,Success
504643,100931,2028-11-19 06:37:00,Cash Withdrawal,27633.43,10,PhonePe,Credit Card,Success
504644,100948,2028-11-24 18:36:00,Deposit,33464.44,23,Google Pay,Net Banking,Success
504645,100965,2028-11-30 06:35:00,UPI,39295.45,36,Amazon,ATM,Success
504646,100982,2028-12-05 18:34:00,Card Payment,45126.46,49,Flipkart,UPI,Success
504647,100999,2028-12-11 06:33:00,ATM Withdrawal,1057.47,12,Swiggy,Debit Card,Success
504648,101016,2028-12-16 18:32:00,Online Transfer,6888.48,25,Zomato,Credit Card,Success
504649,101033,2028-12-22 06:31:00,Cash Withdrawal,12719.49,38,Myntra,Net Banking,Success
504650,101050,2028-12-27 18:30:00,Deposit,18550.5,1,Uber,ATM,Success
504651,101067,2029-01-02 06:29:00,UPI,24381.51,14,IRCTC,UPI,Success
504652,101084,2029-01-07 18:28:00,Card Payment,30212.52,27,Reliance,Debit Card,Success
504653,101101,2029-01-13 06:27:00,ATM Withdrawal,36043.53,40,DMart,Credit Card,Success
504654,101118,2029-01-18 18:26:00,Online Transfer,41874.54,3,Netflix,Net Banking,Success
504655,101135,2029-01-24 06:25:00,Cash Withdrawal,47705.55,16,PhonePe,ATM,Success
504656,101152,2029-01-29 18:24:00,Deposit,3636.56,29,Google Pay,UPI,Success
504657,101169,2029-02-04 06:23:00,UPI,9467.57,42,Amazon,Debit Card,Success
504658,101186,2029-02-09 18:22:00,Card Payment,15298.58,5,Flipkart,Credit Card,Success
504659,101203,2029-02-15 06:21:00,ATM Withdrawal,21129.59,18,Swiggy,Net Banking,Success
504660,101220,2029-02-20 18:20:00,Online Transfer,26960.6,31,Zomato,ATM,Success
504661,101237,2029-02-26 06:19:00,Cash Withdrawal,32791.61,44,Myntra,UPI,Success
504662,101254,2029-03-03 18:18:00,Deposit,38622.62,7,Uber,Debit Card,Success
504663,101271,2029-03-09 06:17:00,UPI,44453.63,20,IRCTC,Credit Card,Success
504664,101288,2029-03-14 18:16:00,Card Payment,384.64,33,Reliance,Net Banking,Success
504665,101305,2029-03-20 06:15:00,ATM Withdrawal,6215.65,46,DMart,ATM,Success
504666,101322,2029-03-25 18:14:00,Online Transfer,12046.66,9,Netflix,UPI,Success
504667,101339,2029-03-31 06:13:00,Cash Withdrawal,17877.67,22,PhonePe,Debit Card,Success
504668,101356,2029-04-05 18:12:00,Deposit,23708.68,35,Google Pay,Credit Card,Success
504669,101373,2029-04-11 06:11:00,UPI,29539.69,48,Amazon,Net Banking,Success
504670,101390,2029-04-16 18:10:00,Card Payment,35370.7,11,Flipkart,ATM,Success
504671,101407,2029-04-22 06:09:00,ATM Withdrawal,41201.71,24,Swiggy,UPI,Success
504672,101424,2029-04-27 18:08:00,Online Transfer,47032.72,37,Zomato,Debit Card,Success
504673,101441,2029-05-03 06:07:00,Cash Withdrawal,2963.73,50,Myntra,Credit Card,Success
504674,101458,2029-05-08 18:06:00,Deposit,8794.74,13,Uber,Net Banking,Success
504675,101475,2029-05-14 06:05:00,UPI,14625.75,26,IRCTC,ATM,Success
504676,101492,2029-05-19 18:04:00,Card Payment,20456.76,39,Reliance,UPI,Success
504677,101509,2029-05-25 06:03:00,ATM Withdrawal,26287.77,2,DMart,Debit Card,Success
504678,101526,2029-05-30 18:02:00,Online Transfer,32118.78,15,Netflix,Credit Card,Success
504679,101543,2029-06-05 06:01:00,Cash Withdrawal,37949.79,28,PhonePe,Net Banking,Success
504680,101560,2029-06-10 18:00:00,Deposit,43780.8,41,Google Pay,ATM,Success
504681,101577,2029-06-16 05:59:00,UPI,49611.81,4,Amazon,UPI,Success
504682,101594,2029-06-21 17:58:00,Card Payment,5542.82,17,Flipkart,Debit Card,Success
504683,101611,2029-06-27 05:57:00,ATM Withdrawal,11373.83,30,Swiggy,Credit Card,Success
504684,101628,2029-07-02 17:56:00,Online Transfer,17204.84,43,Zomato,Net Banking,Success
504685,101645,2029-07-08 05:55:00,Cash Withdrawal,23035.85,6,Myntra,ATM,Success
504686,101662,2029-07-13 17:54:00,Deposit,28866.86,19,Uber,UPI,Success
504687,101679,2029-07-19 05:53:00,UPI,34697.87,32,IRCTC,Debit Card,Success
504688,101696,2029-07-24 17:52:00,Card Payment,40528.88,45,Reliance,Credit Card,Success
504689,101713,2029-07-30 05:51:00,ATM Withdrawal,46359.89,8,DMart,Net Banking,Success
504690,101730,2029-08-04 17:50:00,Online Transfer,2290.9,21,Netflix,ATM,Pending
504691,101747,2029-08-10 05:49:00,Cash Withdrawal,8121.91,34,PhonePe,UPI,Success
504692,101764,2029-08-15 17:48:00,Deposit,13952.92,47,Google Pay,Debit Card,Success
504693,101781,2029-08-21 05:47:00,UPI,19783.93,10,Amazon,Credit Card,Success
504694,101798,2029-08-26 17:46:00,Card Payment,25614.94,23,Flipkart,Net Banking,Success
504695,101815,2029-09-01 05:45:00,ATM Withdrawal,31445.95,36,Swiggy,ATM,Success
504696,101832,2029-09-06 17:44:00,Online Transfer,37276.96,49,Zomato,UPI,Success
504697,101849,2029-09-12 05:43:00,Cash Withdrawal,43107.97,12,Myntra,Debit Card,Success
504698,101866,2029-09-17 17:42:00,Deposit,48938.98,25,Uber,Credit Card,Success
504699,101883,2029-09-23 05:41:00,UPI,684969.0,38,IRCTC,Net Banking,Success
504700,101900,2029-09-28 17:40:00,Card Payment,10700.0,1,Reliance,ATM,Success
504701,101917,2029-10-04 05:39:00,ATM Withdrawal,16531.01,14,DMart,UPI,Success
504702,101934,2029-10-09 17:38:00,Online Transfer,22362.02,27,Netflix,Debit Card,Success
504703,101951,2029-10-15 05:37:00,Cash Withdrawal,28193.03,40,PhonePe,Credit Card,Success
504704,101968,2029-10-20 17:36:00,Deposit,34024.04,3,Google Pay,Net Banking,Success
504705,101985,2029-10-26 05:35:00,UPI,39855.05,16,Amazon,ATM,Success
504706,102002,2029-10-31 17:34:00,Card Payment,45686.06,29,Flipkart,UPI,Success
504707,102019,2029-11-06 05:33:00,ATM Withdrawal,1617.07,42,Swiggy,Debit Card,Success
504708,102036,2029-11-11 17:32:00,Online Transfer,7448.08,5,Zomato,Credit Card,Success
504709,102053,2029-11-17 05:31:00,Cash Withdrawal,13279.09,18,Myntra,Net Banking,Success
504710,102070,2029-11-22 17:30:00,Deposit,19110.1,31,Uber,ATM,Success
504711,102087,2029-11-28 05:29:00,UPI,24941.11,44,IRCTC,UPI,Success
504712,102104,2029-12-03 17:28:00,Card Payment,30772.12,7,Reliance,Debit Card,Success
504713,102121,2029-12-09 05:27:00,ATM Withdrawal,36603.13,20,DMart,Credit Card,Success
504714,102138,2029-12-14 17:26:00,Online Transfer,42434.14,33,Netflix,Net Banking,Success
504715,102155,2029-12-20 05:25:00,Cash Withdrawal,48265.15,46,PhonePe,ATM,Success
504716,102172,2029-12-25 17:24:00,Deposit,4196.16,9,Google Pay,UPI,Success
504717,102189,2029-12-31 05:23:00,UPI,326423.0,22,Amazon,Debit Card,Success
504718,102206,2030-01-05 17:22:00,Card Payment,15858.18,35,Flipkart,Credit Card,Success
504719,102223,2030-01-11 05:21:00,ATM Withdrawal,21689.19,48,Swiggy,Net Banking,Success
504720,102240,2030-01-16 17:20:00,Online Transfer,27520.2,11,Zomato,ATM,Success
504721,102257,2030-01-22 05:19:00,Cash Withdrawal,33351.21,24,Myntra,UPI,Success
504722,102274,2030-01-27 17:18:00,Deposit,39182.22,37,Uber,Debit Card,Success
504723,102291,2030-02-02 05:17:00,UPI,45013.23,50,IRCTC,Credit Card,Success
504724,102308,2030-02-07 17:16:00,Card Payment,944.24,13,Reliance,Net Banking,Success
504725,102325,2030-02-13 05:15:00,ATM Withdrawal,6775.25,26,DMart,ATM,Success
504726,102342,2030-02-18 17:14:00,Online Transfer,12606.26,39,Netflix,UPI,Success
504727,102359,2030-02-24 05:13:00,Cash Withdrawal,18437.27,2,PhonePe,Debit Card,Success
504728,102376,2030-03-01 17:12:00,Deposit,24268.28,15,Google Pay,Credit Card,Success
504729,102393,2030-03-07 05:11:00,UPI,30099.29,28,Amazon,Net Banking,Success
504730,102410,2026-01-02 17:10:00,Card Payment,35930.3,41,Flipkart,ATM,Success
504731,102427,2026-01-08 05:09:00,ATM Withdrawal,41761.31,4,Swiggy,UPI,Success
504732,102444,2026-01-13 17:08:00,Online Transfer,47592.32,17,Zomato,Debit Card,Success
504733,102461,2026-01-19 05:07:00,Cash Withdrawal,3523.33,30,Myntra,Credit Card,Success
504734,102478,2026-01-24 17:06:00,Deposit,9354.34,43,Uber,Net Banking,Success
504735,102495,2026-01-30 05:05:00,UPI,15185.35,6,IRCTC,ATM,Success
504736,102512,2026-02-04 17:04:00,Card Payment,21016.36,19,Reliance,UPI,Success
504737,102529,2026-02-10 05:03:00,ATM Withdrawal,26847.37,32,DMart,Debit Card,Success
504738,102546,2026-02-15 17:02:00,Online Transfer,32678.38,45,Netflix,Credit Card,Success
504739,102563,2026-02-21 05:01:00,Cash Withdrawal,38509.39,8,PhonePe,Net Banking,Success
504740,102580,2026-02-26 17:00:00,Deposit,44340.4,21,Google Pay,ATM,Success
504741,102597,2026-03-04 04:59:00,UPI,271.41,34,Amazon,UPI,Success
504742,102614,2026-03-09 16:58:00,Card Payment,6102.42,47,Flipkart,Debit Card,Success
504743,102631,2026-03-15 04:57:00,ATM Withdrawal,11933.43,10,Swiggy,Credit Card,Success
504744,102648,2026-03-20 16:56:00,Online Transfer,17764.44,23,Zomato,Net Banking,Success
504745,102665,2026-03-26 04:55:00,Cash Withdrawal,23595.45,36,Myntra,ATM,Success
504746,102682,2026-03-31 16:54:00,Deposit,29426.46,49,Uber,UPI,Failed
504747,102699,2026-04-06 04:53:00,UPI,35257.47,12,IRCTC,Debit Card,Success
504748,102716,2026-04-11 16:52:00,Card Payment,41088.48,25,Reliance,Credit Card,Success
504749,102733,2026-04-17 04:51:00,ATM Withdrawal,46919.49,38,DMart,Net Banking,Success
504750,102750,2026-04-22 16:50:00,Online Transfer,2850.5,1,Netflix,ATM,Success
504751,102767,2026-04-28 04:49:00,Cash Withdrawal,8681.51,14,PhonePe,UPI,Success
504752,102784,2026-05-03 16:48:00,Deposit,14512.52,27,Google Pay,Debit Card,Success
504753,102801,2026-05-09 04:47:00,UPI,20343.53,40,Amazon,Credit Card,Success
504754,102818,2026-05-14 16:46:00,Card Payment,26174.54,3,Flipkart,Net Banking,Success
504755,102835,2026-05-20 04:45:00,ATM Withdrawal,32005.55,16,Swiggy,ATM,Success
504756,102852,2026-05-25 16:44:00,Online Transfer,37836.56,29,Zomato,UPI,Success
504757,102869,2026-05-31 04:43:00,Cash Withdrawal,43667.57,42,Myntra,Debit Card,Pending
504758,102886,2026-06-05 16:42:00,Deposit,49498.58,5,Uber,Credit Card,Success
504759,102903,2026-06-11 04:41:00,UPI,5429.59,18,IRCTC,Net Banking,Success
504760,102920,2026-06-16 16:40:00,Card Payment,11260.6,31,Reliance,ATM,Success
504761,102937,2026-06-22 04:39:00,ATM Withdrawal,17091.61,44,DMart,UPI,Success
504762,102954,2026-06-27 16:38:00,Online Transfer,22922.62,7,Netflix,Debit Card,Success
504763,102971,2026-07-03 04:37:00,Cash Withdrawal,28753.63,20,PhonePe,Credit Card,Success
504764,102988,2026-07-08 16:36:00,Deposit,34584.64,33,Google Pay,Net Banking,Success
504765,100005,2026-07-14 04:35:00,UPI,40415.65,46,Amazon,ATM,Success
504766,100022,2026-07-19 16:34:00,Card Payment,46246.66,9,Flipkart,UPI,Success
504767,100039,2026-07-25 04:33:00,ATM Withdrawal,2177.67,22,Swiggy,Debit Card,Success
504768,100056,2026-07-30 16:32:00,Online Transfer,8008.68,35,Zomato,Credit Card,Success
504769,100073,2026-08-05 04:31:00,Cash Withdrawal,13839.69,48,Myntra,Net Banking,Success
504770,100090,2026-08-10 16:30:00,Deposit,19670.7,11,Uber,ATM,Success
504771,100107,2026-08-16 04:29:00,UPI,25501.71,24,IRCTC,UPI,Success
504772,100124,2026-08-21 16:28:00,Card Payment,31332.72,37,Reliance,Debit Card,Success
504773,100141,2026-08-27 04:27:00,ATM Withdrawal,37163.73,50,DMart,Credit Card,Success
504774,100158,2026-09-01 16:26:00,Online Transfer,42994.74,13,Netflix,Net Banking,Success
504775,100175,2026-09-07 04:25:00,Cash Withdrawal,48825.75,26,PhonePe,ATM,Success
504776,100192,2026-09-12 16:24:00,Deposit,4756.76,39,Google Pay,UPI,Success
504777,100209,2026-09-18 04:23:00,UPI,10587.77,2,Amazon,Debit Card,Success
504778,100226,2026-09-23 16:22:00,Card Payment,16418.78,15,Flipkart,Credit Card,Success
504779,100243,2026-09-29 04:21:00,ATM Withdrawal,22249.79,28,Swiggy,Net Banking,Success
504780,100260,2026-10-04 16:20:00,Online Transfer,28080.8,41,Zomato,ATM,Success
504781,100277,2026-10-10 04:19:00,Cash Withdrawal,33911.81,4,Myntra,UPI,Success
504782,100294,2026-10-15 16:18:00,Deposit,39742.82,17,Uber,Debit Card,Success
504783,100311,2026-10-21 04:17:00,UPI,45573.83,30,IRCTC,Credit Card,Success
504784,100328,2026-10-26 16:16:00,Card Payment,1504.84,43,Reliance,Net Banking,Success
504785,100345,2026-11-01 04:15:00,ATM Withdrawal,7335.85,6,DMart,ATM,Success
504786,100362,2026-11-06 16:14:00,Online Transfer,13166.86,19,Netflix,UPI,Success
504787,100379,2026-11-12 04:13:00,Cash Withdrawal,18997.87,32,PhonePe,Debit Card,Success
504788,100396,2026-11-17 16:12:00,Deposit,24828.88,45,Google Pay,Credit Card,Success
504789,100413,2026-11-23 04:11:00,UPI,30659.89,8,Amazon,Net Banking,Success
504790,100430,2026-11-28 16:10:00,Card Payment,36490.9,21,Flipkart,ATM,Success
504791,100447,2026-12-04 04:09:00,ATM Withdrawal,42321.91,34,Swiggy,UPI,Success
504792,100464,2026-12-09 16:08:00,Online Transfer,48152.92,47,Zomato,Debit Card,Success
504793,100481,2026-12-15 04:07:00,Cash Withdrawal,4083.93,10,Myntra,Credit Card,Success
504794,100498,2026-12-20 16:06:00,Deposit,9914.94,23,Uber,Net Banking,Success
504795,100515,2026-12-26 04:05:00,UPI,15745.95,36,IRCTC,ATM,Success
504796,100532,2026-12-31 16:04:00,Card Payment,21576.96,49,Reliance,UPI,Success
504797,100549,2027-01-06 04:03:00,ATM Withdrawal,27407.97,12,DMart,Debit Card,Success
504798,100566,2027-01-11 16:02:00,Online Transfer,33238.98,25,Netflix,Credit Card,Success
504799,100583,2027-01-17 04:01:00,Cash Withdrawal,39069.99,38,PhonePe,Net Banking,Success
504800,100600,2027-01-22 16:00:00,Deposit,44900.0,1,Google Pay,ATM,Success
504801,100617,2027-01-28 03:59:00,UPI,831.01,14,Amazon,UPI,Success
504802,100634,2027-02-02 15:58:00,Card Payment,6662.02,27,Flipkart,Debit Card,Success
504803,100651,2027-02-08 03:57:00,ATM Withdrawal,12493.03,40,Swiggy,Credit Card,Success
504804,100668,2027-02-13 15:56:00,Online Transfer,18324.04,3,Zomato,Net Banking,Success
504805,100685,2027-02-19 03:55:00,Cash Withdrawal,24155.05,16,Myntra,ATM,Success
504806,100702,2027-02-24 15:54:00,Deposit,363714.0,29,Uber,UPI,Success
504807,100719,2027-03-02 03:53:00,UPI,35817.07,42,IRCTC,Debit Card,Success
504808,100736,2027-03-07 15:52:00,Card Payment,41648.08,5,Reliance,Credit Card,Success
504809,100753,2027-03-13 03:51:00,ATM Withdrawal,47479.09,18,DMart,Net Banking,Success
504810,100770,2027-03-18 15:50:00,Online Transfer,3410.1,31,Netflix,ATM,Success
504811,100787,2027-03-24 03:49:00,Cash Withdrawal,9241.11,44,PhonePe,UPI,Success
504812,100804,2027-03-29 15:48:00,Deposit,15072.12,7,Google Pay,Debit Card,Success
504813,100821,2027-04-04 03:47:00,UPI,20903.13,20,Amazon,Credit Card,Success
504814,100838,2027-04-09 15:46:00,Card Payment,26734.14,33,Flipkart,Net Banking,Success
504815,100855,2027-04-15 03:45:00,ATM Withdrawal,32565.15,46,Swiggy,ATM,Success
504816,100872,2027-04-20 15:44:00,Online Transfer,38396.16,9,Zomato,UPI,Success
504817,100889,2027-04-26 03:43:00,Cash Withdrawal,44227.17,22,Myntra,Debit Card,Success
504818,100906,2027-05-01 15:42:00,Deposit,158.18,35,Uber,Credit Card,Success
504819,100923,2027-05-07 03:41:00,UPI,5989.19,48,IRCTC,Net Banking,Success
504820,100940,2027-05-12 15:40:00,Card Payment,11820.2,11,Reliance,ATM,Success
504821,100957,2027-05-18 03:39:00,ATM Withdrawal,17651.21,24,DMart,UPI,Success
504822,100974,2027-05-23 15:38:00,Online Transfer,23482.22,37,Netflix,Debit Card,Success
504823,100991,2027-05-29 03:37:00,Cash Withdrawal,29313.23,50,PhonePe,Credit Card,Success
504824,101008,2027-06-03 15:36:00,Deposit,35144.24,13,Google Pay,Net Banking,Pending
504825,101025,2027-06-09 03:35:00,UPI,40975.25,26,Amazon,ATM,Success
504826,101042,2027-06-14 15:34:00,Card Payment,777806.0,39,Flipkart,UPI,Success
504827,101059,2027-06-20 03:33:00,ATM Withdrawal,2737.27,2,Swiggy,Debit Card,Success
504828,101076,2027-06-25 15:32:00,Online Transfer,8568.28,15,Zomato,Credit Card,Success
504829,101093,2027-07-01 03:31:00,Cash Withdrawal,14399.29,28,Myntra,Net Banking,Success
504830,101110,2027-07-06 15:30:00,Deposit,20230.3,41,Uber,ATM,Success
504831,101127,2027-07-12 03:29:00,UPI,26061.31,4,IRCTC,UPI,Success
504832,101144,2027-07-17 15:28:00,Card Payment,31892.32,17,Reliance,Debit Card,Success
504833,101161,2027-07-23 03:27:00,ATM Withdrawal,37723.33,30,DMart,Credit Card,Success
504834,101178,2027-07-28 15:26:00,Online Transfer,43554.34,43,Netflix,Net Banking,Success
504835,101195,2027-08-03 03:25:00,Cash Withdrawal,49385.35,6,PhonePe,ATM,Success
504836,101212,2027-08-08 15:24:00,Deposit,5316.36,19,Google Pay,UPI,Success
504837,101229,2027-08-14 03:23:00,UPI,11147.37,32,Amazon,Debit Card,Success
504838,101246,2027-08-19 15:22:00,Card Payment,16978.38,45,Flipkart,Credit Card,Success
504839,101263,2027-08-25 03:21:00,ATM Withdrawal,22809.39,8,Swiggy,Net Banking,Success
504840,101280,2027-08-30 15:20:00,Online Transfer,28640.4,21,Zomato,ATM,Success
504841,101297,2027-09-05 03:19:00,Cash Withdrawal,34471.41,34,Myntra,UPI,Success
504842,101314,2027-09-10 15:18:00,Deposit,40302.42,47,Uber,Debit Card,Success
504843,101331,2027-09-16 03:17:00,UPI,46133.43,10,IRCTC,Credit Card,Success
504844,101348,2027-09-21 15:16:00,Card Payment,2064.44,23,Reliance,Net Banking,Success
504845,101365,2027-09-27 03:15:00,ATM Withdrawal,7895.45,36,DMart,ATM,Success
504846,101382,2027-10-02 15:14:00,Online Transfer,13726.46,49,Netflix,UPI,Success
504847,101399,2027-10-08 03:13:00,Cash Withdrawal,19557.47,12,PhonePe,Debit Card,Success
504848,101416,2027-10-13 15:12:00,Deposit,25388.48,25,Google Pay,Credit Card,Success
504849,101433,2027-10-19 03:11:00,UPI,31219.49,38,Amazon,Net Banking,Success
504850,101450,2027-10-24 15:10:00,Card Payment,37050.5,1,Flipkart,ATM,Success
504851,101467,2027-10-30 03:09:00,ATM Withdrawal,42881.51,14,Swiggy,UPI,Success
504852,101484,2027-11-04 15:08:00,Online Transfer,48712.52,27,Zomato,Debit Card,Success
504853,101501,2027-11-10 03:07:00,Cash Withdrawal,4643.53,40,Myntra,Credit Card,Success
504854,101518,2027-11-15 15:06:00,Deposit,10474.54,3,Uber,Net Banking,Success
504855,101535,2027-11-21 03:05:00,UPI,16305.55,16,IRCTC,ATM,Success
504856,101552,2027-11-26 15:04:00,Card Payment,22136.56,29,Reliance,UPI,Success
504857,101569,2027-12-02 03:03:00,ATM Withdrawal,27967.57,42,DMart,Debit Card,Success
504858,101586,2027-12-07 15:02:00,Online Transfer,33798.58,5,Netflix,Credit Card,Success
504859,101603,2027-12-13 03:01:00,Cash Withdrawal,39629.59,18,PhonePe,Net Banking,Failed
504860,101620,2027-12-18 15:00:00,Deposit,45460.6,31,Google Pay,ATM,Success
504861,101637,2027-12-24 02:59:00,UPI,1391.61,44,Amazon,UPI,Success
504862,101654,2027-12-29 14:58:00,Card Payment,7222.62,7,Flipkart,Debit Card,Success
504863,101671,2028-01-04 02:57:00,ATM Withdrawal,13053.63,20,Swiggy,Credit Card,Success
504864,101688,2028-01-09 14:56:00,Online Transfer,18884.64,33,Zomato,Net Banking,Success
504865,101705,2028-01-15 02:55:00,Cash Withdrawal,24715.65,46,Myntra,ATM,Success
504866,101722,2028-01-20 14:54:00,Deposit,30546.66,9,Uber,UPI,Success
504867,101739,2028-01-26 02:53:00,UPI,36377.67,22,IRCTC,Debit Card,Success
504868,101756,2028-01-31 14:52:00,Card Payment,42208.68,35,Reliance,Credit Card,Success
504869,101773,2028-02-06 02:51:00,ATM Withdrawal,48039.69,48,DMart,Net Banking,Success
504870,101790,2028-02-11 14:50:00,Online Transfer,3970.7,11,Netflix,ATM,Success
504871,101807,2028-02-17 02:49:00,Cash Withdrawal,9801.71,24,PhonePe,UPI,Success
504872,101824,2028-02-22 14:48:00,Deposit,15632.72,37,Google Pay,Debit Card,Success
504873,101841,2028-02-28 02:47:00,UPI,21463.73,50,Amazon,Credit Card,Success
504874,101858,2028-03-04 14:46:00,Card Payment,27294.74,13,Flipkart,Net Banking,Success
504875,101875,2028-03-10 02:45:00,ATM Withdrawal,33125.75,26,Swiggy,ATM,Success
504876,101892,2028-03-15 14:44:00,Online Transfer,38956.76,39,Zomato,UPI,Success
504877,101909,2028-03-21 02:43:00,Cash Withdrawal,44787.77,2,Myntra,Debit Card,Success
504878,101926,2028-03-26 14:42:00,Deposit,718.78,15,Uber,Credit Card,Success
504879,101943,2028-04-01 02:41:00,UPI,6549.79,28,IRCTC,Net Banking,Success
504880,101960,2028-04-06 14:40:00,Card Payment,12380.8,41,Reliance,ATM,Success
504881,101977,2028-04-12 02:39:00,ATM Withdrawal,18211.81,4,DMart,UPI,Success
504882,101994,2028-04-17 14:38:00,Online Transfer,24042.82,17,Netflix,Debit Card,Success
504883,102011,2028-04-23 02:37:00,Cash Withdrawal,29873.83,30,PhonePe,Credit Card,Success
504884,102028,2028-04-28 14:36:00,Deposit,35704.84,43,Google Pay,Net Banking,Success
504885,102045,2028-05-04 02:35:00,UPI,41535.85,6,Amazon,ATM,Success
504886,102062,2028-05-09 14:34:00,Card Payment,47366.86,19,Flipkart,UPI,Success
504887,102079,2028-05-15 02:33:00,ATM Withdrawal,3297.87,32,Swiggy,Debit Card,Success
504888,102096,2028-05-20 14:32:00,Online Transfer,9128.88,45,Zomato,Credit Card,Success
504889,102113,2028-05-26 02:31:00,Cash Withdrawal,14959.89,8,Myntra,Net Banking,Success
504890,102130,2028-05-31 14:30:00,Deposit,20790.9,21,Uber,ATM,Success
504891,102147,2028-06-06 02:29:00,UPI,26621.91,34,IRCTC,UPI,Pending
504892,102164,2028-06-11 14:28:00,Card Payment,32452.92,47,Reliance,Debit Card,Success
504893,102181,2028-06-17 02:27:00,ATM Withdrawal,38283.93,10,DMart,Credit Card,Success
504894,102198,2028-06-22 14:26:00,Online Transfer,44114.94,23,Netflix,Net Banking,Success
504895,102215,2028-06-28 02:25:00,Cash Withdrawal,401005.0,36,PhonePe,ATM,Success
504896,102232,2028-07-03 14:24:00,Deposit,5876.96,49,Google Pay,UPI,Success
504897,102249,2028-07-09 02:23:00,UPI,11707.97,12,Amazon,Debit Card,Success
504898,102266,2028-07-14 14:22:00,Card Payment,17538.98,25,Flipkart,Credit Card,Success
504899,102283,2028-07-20 02:21:00,ATM Withdrawal,23369.99,38,Swiggy,Net Banking,Success
504900,102300,2028-07-25 14:20:00,Online Transfer,29200.0,1,Zomato,ATM,Success
504901,102317,2028-07-31 02:19:00,Cash Withdrawal,35031.01,14,Myntra,UPI,Success
504902,102334,2028-08-05 14:18:00,Deposit,40862.02,27,Uber,Debit Card,Success
504903,102351,2028-08-11 02:17:00,UPI,46693.03,40,IRCTC,Credit Card,Success
504904,102368,2028-08-16 14:16:00,Card Payment,2624.04,3,Reliance,Net Banking,Success
504905,102385,2028-08-22 02:15:00,ATM Withdrawal,8455.05,16,DMart,ATM,Success
504906,102402,2028-08-27 14:14:00,Online Transfer,14286.06,29,Netflix,UPI,Success
504907,102419,2028-09-02 02:13:00,Cash Withdrawal,20117.07,42,PhonePe,Debit Card,Success
504908,102436,2028-09-07 14:12:00,Deposit,25948.08,5,Google Pay,Credit Card,Success
504909,102453,2028-09-13 02:11:00,UPI,31779.09,18,Amazon,Net Banking,Success
504910,102470,2028-09-18 14:10:00,Card Payment,37610.1,31,Flipkart,ATM,Success
504911,102487,2028-09-24 02:09:00,ATM Withdrawal,43441.11,44,Swiggy,UPI,Success
504912,102504,2028-09-29 14:08:00,Online Transfer,49272.12,7,Zomato,Debit Card,Success
504913,102521,2028-10-05 02:07:00,Cash Withdrawal,5203.13,20,Myntra,Credit Card,Success
504914,102538,2028-10-10 14:06:00,Deposit,11034.14,33,Uber,Net Banking,Success
504915,102555,2028-10-16 02:05:00,UPI,16865.15,46,IRCTC,ATM,Success
504916,102572,2028-10-21 14:04:00,Card Payment,22696.16,9,Reliance,UPI,Success
504917,102589,2028-10-27 02:03:00,ATM Withdrawal,28527.17,22,DMart,Debit Card,Success
504918,102606,2028-11-01 14:02:00,Online Transfer,34358.18,35,Netflix,Credit Card,Success
504919,102623,2028-11-07 02:01:00,Cash Withdrawal,40189.19,48,PhonePe,Net Banking,Success
504920,102640,2028-11-12 14:00:00,Deposit,46020.2,11,Google Pay,ATM,Success
504921,102657,2028-11-18 01:59:00,UPI,1951.21,24,Amazon,UPI,Success
504922,102674,2028-11-23 13:58:00,Card Payment,7782.22,37,Flipkart,Debit Card,Success
504923,102691,2028-11-29 01:57:00,ATM Withdrawal,13613.23,50,Swiggy,Credit Card,Success
504924,102708,2028-12-04 13:56:00,Online Transfer,19444.24,13,Zomato,Net Banking,Success
504925,102725,2028-12-10 01:55:00,Cash Withdrawal,25275.25,26,Myntra,ATM,Success
504926,102742,2028-12-15 13:54:00,Deposit,31106.26,39,Uber,UPI,Success
504927,102759,2028-12-21 01:53:00,UPI,36937.27,2,IRCTC,Debit Card,Success
504928,102776,2028-12-26 13:52:00,Card Payment,42768.28,15,Reliance,Credit Card,Success
504929,102793,2029-01-01 01:51:00,ATM Withdrawal,48599.29,28,DMart,Net Banking,Success
504930,102810,2029-01-06 13:50:00,Online Transfer,4530.3,41,Netflix,ATM,Success
504931,102827,2029-01-12 01:49:00,Cash Withdrawal,10361.31,4,PhonePe,UPI,Success
504932,102844,2029-01-17 13:48:00,Deposit,16192.32,17,Google Pay,Debit Card,Success
504933,102861,2029-01-23 01:47:00,UPI,22023.33,30,Amazon,Credit Card,Success
504934,102878,2029-01-28 13:46:00,Card Payment,27854.34,43,Flipkart,Net Banking,Success
504935,102895,2029-02-03 01:45:00,ATM Withdrawal,33685.35,6,Swiggy,ATM,Success
504936,102912,2029-02-08 13:44:00,Online Transfer,39516.36,19,Zomato,UPI,Success
504937,102929,2029-02-14 01:43:00,Cash Withdrawal,45347.37,32,Myntra,Debit Card,Success
504938,102946,2029-02-19 13:42:00,Deposit,1278.38,45,Uber,Credit Card,Success
504939,102963,2029-02-25 01:41:00,UPI,7109.39,8,IRCTC,Net Banking,Success
504940,102980,2029-03-02 13:40:00,Card Payment,12940.4,21,Reliance,ATM,Success
504941,102997,2029-03-08 01:39:00,ATM Withdrawal,18771.41,34,DMart,UPI,Success
504942,100014,2029-03-13 13:38:00,Online Transfer,24602.42,47,Netflix,Debit Card,Success
504943,100031,2029-03-19 01:37:00,Cash Withdrawal,30433.43,10,PhonePe,Credit Card,Success
504944,100048,2029-03-24 13:36:00,Deposit,36264.44,23,Google Pay,Net Banking,Success
504945,100065,2029-03-30 01:35:00,UPI,42095.45,36,Amazon,ATM,Success
504946,100082,2029-04-04 13:34:00,Card Payment,47926.46,49,Flipkart,UPI,Success
504947,100099,2029-04-10 01:33:00,ATM Withdrawal,3857.47,12,Swiggy,Debit Card,Success
504948,100116,2029-04-15 13:32:00,Online Transfer,9688.48,25,Zomato,Credit Card,Success
504949,100133,2029-04-21 01:31:00,Cash Withdrawal,15519.49,38,Myntra,Net Banking,Success
504950,100150,2029-04-26 13:30:00,Deposit,21350.5,1,Uber,ATM,Success
504951,100167,2029-05-02 01:29:00,UPI,27181.51,14,IRCTC,UPI,Success
504952,100184,2029-05-07 13:28:00,Card Payment,33012.52,27,Reliance,Debit Card,Success
504953,100201,2029-05-13 01:27:00,ATM Withdrawal,870643.0,40,DMart,Credit Card,Success
504954,100218,2029-05-18 13:26:00,Online Transfer,44674.54,3,Netflix,Net Banking,Success
504955,100235,2029-05-24 01:25:00,Cash Withdrawal,605.55,16,PhonePe,ATM,Success
504956,100252,2029-05-29 13:24:00,Deposit,6436.56,29,Google Pay,UPI,Success
504957,100269,2029-06-04 01:23:00,UPI,12267.57,42,Amazon,Debit Card,Success
504958,100286,2029-06-09 13:22:00,Card Payment,18098.58,5,Flipkart,Credit Card,Pending
504959,100303,2029-06-15 01:21:00,ATM Withdrawal,23929.59,18,Swiggy,Net Banking,Success
504960,100320,2029-06-20 13:20:00,Online Transfer,29760.6,31,Zomato,ATM,Success
504961,100337,2029-06-26 01:19:00,Cash Withdrawal,35591.61,44,Myntra,UPI,Success
504962,100354,2029-07-01 13:18:00,Deposit,41422.62,7,Uber,Debit Card,Success
504963,100371,2029-07-07 01:17:00,UPI,47253.63,20,IRCTC,Credit Card,Success
504964,100388,2029-07-12 13:16:00,Card Payment,3184.64,33,Reliance,Net Banking,Success
504965,100405,2029-07-18 01:15:00,ATM Withdrawal,9015.65,46,DMart,ATM,Success
504966,100422,2029-07-23 13:14:00,Online Transfer,14846.66,9,Netflix,UPI,Success
504967,100439,2029-07-29 01:13:00,Cash Withdrawal,20677.67,22,PhonePe,Debit Card,Success
504968,100456,2029-08-03 13:12:00,Deposit,26508.68,35,Google Pay,Credit Card,Success
504969,100473,2029-08-09 01:11:00,UPI,32339.69,48,Amazon,Net Banking,Success
504970,100490,2029-08-14 13:10:00,Card Payment,38170.7,11,Flipkart,ATM,Success
504971,100507,2029-08-20 01:09:00,ATM Withdrawal,44001.71,24,Swiggy,UPI,Success
504972,100524,2029-08-25 13:08:00,Online Transfer,49832.72,37,Zomato,Debit Card,Failed
504973,100541,2029-08-31 01:07:00,Cash Withdrawal,5763.73,50,Myntra,Credit Card,Success
504974,100558,2029-09-05 13:06:00,Deposit,11594.74,13,Uber,Net Banking,Success
504975,100575,2029-09-11 01:05:00,UPI,17425.75,26,IRCTC,ATM,Success
504976,100592,2029-09-16 13:04:00,Card Payment,23256.76,39,Reliance,UPI,Success
504977,100609,2029-09-22 01:03:00,ATM Withdrawal,29087.77,2,DMart,Debit Card,Success
504978,100626,2029-09-27 13:02:00,Online Transfer,34918.78,15,Netflix,Credit Card,Success
504979,100643,2029-10-03 01:01:00,Cash Withdrawal,40749.79,28,PhonePe,Net Banking,Success
504980,100660,2029-10-08 13:00:00,Deposit,46580.8,41,Google Pay,ATM,Success
504981,100677,2029-10-14 00:59:00,UPI,2511.81,4,Amazon,UPI,Success
504982,100694,2029-10-19 12:58:00,Card Payment,8342.82,17,Flipkart,Debit Card,Success
504983,100711,2029-10-25 00:57:00,ATM Withdrawal,14173.83,30,Swiggy,Credit Card,Success
504984,100728,2029-10-30 12:56:00,Online Transfer,438296.0,43,Zomato,Net Banking,Success
504985,100745,2029-11-05 00:55:00,Cash Withdrawal,25835.85,6,Myntra,ATM,Success
504986,100762,2029-11-10 12:54:00,Deposit,31666.86,19,Uber,UPI,Success
504987,100779,2029-11-16 00:53:00,UPI,37497.87,32,IRCTC,Debit Card,Success
504988,100796,2029-11-21 12:52:00,Card Payment,43328.88,45,Reliance,Credit Card,Success
504989,100813,2029-11-27 00:51:00,ATM Withdrawal,49159.89,8,DMart,Net Banking,Success
504990,100830,2029-12-02 12:50:00,Online Transfer,5090.9,21,Netflix,ATM,Success
504991,100847,2029-12-08 00:49:00,Cash Withdrawal,10921.91,34,PhonePe,UPI,Success
504992,100864,2029-12-13 12:48:00,Deposit,16752.92,47,Google Pay,Debit Card,Success
504993,100881,2029-12-19 00:47:00,UPI,22583.93,10,Amazon,Credit Card,Success
504994,100898,2029-12-24 12:46:00,Card Payment,28414.94,23,Flipkart,Net Banking,Success
504995,100915,2029-12-30 00:45:00,ATM Withdrawal,34245.95,36,Swiggy,ATM,Success
504996,100932,2030-01-04 12:44:00,Online Transfer,40076.96,49,Zomato,UPI,Success
504997,100949,2030-01-10 00:43:00,Cash Withdrawal,45907.97,12,Myntra,Debit Card,Success
504998,100966,2030-01-15 12:42:00,Deposit,1838.98,25,Uber,Credit Card,Success
504999,100983,2030-01-21 00:41:00,UPI,7669.99,38,IRCTC,Net Banking,Success
505000,101000,2030-01-26 12:40:00,Card Payment,13500.0,1,Reliance,ATM,Success
505001,101017,2030-02-01 00:39:00,ATM Withdrawal,19331.01,14,DMart,UPI,Success
505002,101034,2030-02-06 12:38:00,Online Transfer,25162.02,27,Netflix,Debit Card,Success
505003,101051,2030-02-12 00:37:00,Cash Withdrawal,30993.03,40,PhonePe,Credit Card,Success
505004,101068,2030-02-17 12:36:00,Deposit,36824.04,3,Google Pay,Net Banking,Success
505005,101085,2030-02-23 00:35:00,UPI,42655.05,16,Amazon,ATM,Success
505006,101102,2030-02-28 12:34:00,Card Payment,48486.06,29,Flipkart,UPI,Success
505007,101119,2030-03-06 00:33:00,ATM Withdrawal,4417.07,42,Swiggy,Debit Card,Success
505008,101136,2026-01-01 12:32:00,Online Transfer,10248.08,5,Zomato,Credit Card,Success
505009,101153,2026-01-07 00:31:00,Cash Withdrawal,16079.09,18,Myntra,Net Banking,Success
505010,101170,2026-01-12 12:30:00,Deposit,21910.1,31,Uber,ATM,Success
505011,101187,2026-01-18 00:29:00,UPI,27741.11,44,IRCTC,UPI,Success
505012,101204,2026-01-23 12:28:00,Card Payment,33572.12,7,Reliance,Debit Card,Success
505013,101221,2026-01-29 00:27:00,ATM Withdrawal,39403.13,20,DMart,Credit Card,Success
505014,101238,2026-02-03 12:26:00,Online Transfer,45234.14,33,Netflix,Net Banking,Success
505015,101255,2026-02-09 00:25:00,Cash Withdrawal,1165.15,46,PhonePe,ATM,Success
505016,101272,2026-02-14 12:24:00,Deposit,6996.16,9,Google Pay,UPI,Success
505017,101289,2026-02-20 00:23:00,UPI,12827.17,22,Amazon,Debit Card,Success
505018,101306,2026-02-25 12:22:00,Card Payment,18658.18,35,Flipkart,Credit Card,Success
505019,101323,2026-03-03 00:21:00,ATM Withdrawal,24489.19,48,Swiggy,Net Banking,Success
505020,101340,2026-03-08 12:20:00,Online Transfer,30320.2,11,Zomato,ATM,Success
505021,101357,2026-03-14 00:19:00,Cash Withdrawal,36151.21,24,Myntra,UPI,Success
505022,101374,2026-03-19 12:18:00,Deposit,41982.22,37,Uber,Debit Card,Success
505023,101391,2026-03-25 00:17:00,UPI,47813.23,50,IRCTC,Credit Card,Success
505024,101408,2026-03-30 12:16:00,Card Payment,3744.24,13,Reliance,Net Banking,Success
505025,101425,2026-04-05 00:15:00,ATM Withdrawal,9575.25,26,DMart,ATM,Pending
505026,101442,2026-04-10 12:14:00,Online Transfer,15406.26,39,Netflix,UPI,Success
505027,101459,2026-04-16 00:13:00,Cash Withdrawal,21237.27,2,PhonePe,Debit Card,Success
505028,101476,2026-04-21 12:12:00,Deposit,27068.28,15,Google Pay,Credit Card,Success
505029,101493,2026-04-27 00:11:00,UPI,32899.29,28,Amazon,Net Banking,Success
505030,101510,2026-05-02 12:10:00,Card Payment,38730.3,41,Flipkart,ATM,Success
505031,101527,2026-05-08 00:09:00,ATM Withdrawal,44561.31,4,Swiggy,UPI,Success
505032,101544,2026-05-13 12:08:00,Online Transfer,492.32,17,Zomato,Debit Card,Success
505033,101561,2026-05-19 00:07:00,Cash Withdrawal,6323.33,30,Myntra,Credit Card,Success
505034,101578,2026-05-24 12:06:00,Deposit,12154.34,43,Uber,Net Banking,Success
505035,101595,2026-05-30 00:05:00,UPI,17985.35,6,IRCTC,ATM,Success
505036,101612,2026-06-04 12:04:00,Card Payment,23816.36,19,Reliance,UPI,Success
505037,101629,2026-06-10 00:03:00,ATM Withdrawal,29647.37,32,DMart,Debit Card,Success
505038,101646,2026-06-15 12:02:00,Online Transfer,35478.38,45,Netflix,Credit Card,Success
505039,101663,2026-06-21 00:01:00,Cash Withdrawal,41309.39,8,PhonePe,Net Banking,Success
505040,101680,2026-06-26 12:00:00,Deposit,47140.4,21,Google Pay,ATM,Success
505041,101697,2026-07-01 23:59:00,UPI,3071.41,34,Amazon,UPI,Success
505042,101714,2026-07-07 11:58:00,Card Payment,8902.42,47,Flipkart,Debit Card,Success
505043,101731,2026-07-12 23:57:00,ATM Withdrawal,14733.43,10,Swiggy,Credit Card,Success
505044,101748,2026-07-18 11:56:00,Online Transfer,20564.44,23,Zomato,Net Banking,Success
505045,101765,2026-07-23 23:55:00,Cash Withdrawal,26395.45,36,Myntra,ATM,Success
505046,101782,2026-07-29 11:54:00,Deposit,32226.46,49,Uber,UPI,Success
505047,101799,2026-08-03 23:53:00,UPI,38057.47,12,IRCTC,Debit Card,Success
505048,101816,2026-08-09 11:52:00,Card Payment,43888.48,25,Reliance,Credit Card,Success
505049,101833,2026-08-14 23:51:00,ATM Withdrawal,49719.49,38,DMart,Net Banking,Success
505050,101850,2026-08-20 11:50:00,Online Transfer,5650.5,1,Netflix,ATM,Success
505051,101867,2026-08-25 23:49:00,Cash Withdrawal,11481.51,14,PhonePe,UPI,Success
505052,101884,2026-08-31 11:48:00,Deposit,17312.52,27,Google Pay,Debit Card,Success
505053,101901,2026-09-05 23:47:00,UPI,23143.53,40,Amazon,Credit Card,Success
505054,101918,2026-09-11 11:46:00,Card Payment,28974.54,3,Flipkart,Net Banking,Success
505055,101935,2026-09-16 23:45:00,ATM Withdrawal,34805.55,16,Swiggy,ATM,Success
505056,101952,2026-09-22 11:44:00,Online Transfer,40636.56,29,Zomato,UPI,Success
505057,101969,2026-09-27 23:43:00,Cash Withdrawal,46467.57,42,Myntra,Debit Card,Success
505058,101986,2026-10-03 11:42:00,Deposit,2398.58,5,Uber,Credit Card,Success
505059,102003,2026-10-08 23:41:00,UPI,8229.59,18,IRCTC,Net Banking,Success
505060,102020,2026-10-14 11:40:00,Card Payment,14060.6,31,Reliance,ATM,Success
505061,102037,2026-10-19 23:39:00,ATM Withdrawal,19891.61,44,DMart,UPI,Success
505062,102054,2026-10-25 11:38:00,Online Transfer,25722.62,7,Netflix,Debit Card,Success
505063,102071,2026-10-30 23:37:00,Cash Withdrawal,31553.63,20,PhonePe,Credit Card,Success
505064,102088,2026-11-05 11:36:00,Deposit,37384.64,33,Google Pay,Net Banking,Success
505065,102105,2026-11-10 23:35:00,UPI,43215.65,46,Amazon,ATM,Success
505066,102122,2026-11-16 11:34:00,Card Payment,49046.66,9,Flipkart,UPI,Success
505067,102139,2026-11-21 23:33:00,ATM Withdrawal,4977.67,22,Swiggy,Debit Card,Success
505068,102156,2026-11-27 11:32:00,Online Transfer,10808.68,35,Zomato,Credit Card,Success
505069,102173,2026-12-02 23:31:00,Cash Withdrawal,16639.69,48,Myntra,Net Banking,Success
505070,102190,2026-12-08 11:30:00,Deposit,22470.7,11,Uber,ATM,Success
505071,102207,2026-12-13 23:29:00,UPI,28301.71,24,IRCTC,UPI,Success
505072,102224,2026-12-19 11:28:00,Card Payment,34132.72,37,Reliance,Debit Card,Success
505073,102241,2026-12-24 23:27:00,ATM Withdrawal,175587.0,50,DMart,Credit Card,Success
505074,102258,2026-12-30 11:26:00,Online Transfer,45794.74,13,Netflix,Net Banking,Success
505075,102275,2027-01-04 23:25:00,Cash Withdrawal,1725.75,26,PhonePe,ATM,Success
505076,102292,2027-01-10 11:24:00,Deposit,7556.76,39,Google Pay,UPI,Success
505077,102309,2027-01-15 23:23:00,UPI,13387.77,2,Amazon,Debit Card,Success
505078,102326,2027-01-21 11:22:00,Card Payment,19218.78,15,Flipkart,Credit Card,Success
505079,102343,2027-01-26 23:21:00,ATM Withdrawal,25049.79,28,Swiggy,Net Banking,Success
505080,102360,2027-02-01 11:20:00,Online Transfer,963480.0,41,Zomato,ATM,Success
505081,102377,2027-02-06 23:19:00,Cash Withdrawal,36711.81,4,Myntra,UPI,Success
505082,102394,2027-02-12 11:18:00,Deposit,42542.82,17,Uber,Debit Card,Success
505083,102411,2027-02-17 23:17:00,UPI,48373.83,30,IRCTC,Credit Card,Success
505084,102428,2027-02-23 11:16:00,Card Payment,4304.84,43,Reliance,Net Banking,Success
505085,102445,2027-02-28 23:15:00,ATM Withdrawal,10135.85,6,DMart,ATM,Failed
505086,102462,2027-03-06 11:14:00,Online Transfer,15966.86,19,Netflix,UPI,Success
505087,102479,2027-03-11 23:13:00,Cash Withdrawal,21797.87,32,PhonePe,Debit Card,Success
505088,102496,2027-03-17 11:12:00,Deposit,27628.88,45,Google Pay,Credit Card,Success
505089,102513,2027-03-22 23:11:00,UPI,33459.89,8,Amazon,Net Banking,Success
505090,102530,2027-03-28 11:10:00,Card Payment,39290.9,21,Flipkart,ATM,Success
505091,102547,2027-04-02 23:09:00,ATM Withdrawal,45121.91,34,Swiggy,UPI,Success
505092,102564,2027-04-08 11:08:00,Online Transfer,1052.92,47,Zomato,Debit Card,Pending
505093,102581,2027-04-13 23:07:00,Cash Withdrawal,6883.93,10,Myntra,Credit Card,Success
505094,102598,2027-04-19 11:06:00,Deposit,12714.94,23,Uber,Net Banking,Success
505095,102615,2027-04-24 23:05:00,UPI,18545.95,36,IRCTC,ATM,Success
505096,102632,2027-04-30 11:04:00,Card Payment,24376.96,49,Reliance,UPI,Success
505097,102649,2027-05-05 23:03:00,ATM Withdrawal,30207.97,12,DMart,Debit Card,Success
505098,102666,2027-05-11 11:02:00,Online Transfer,36038.98,25,Netflix,Credit Card,Success
505099,102683,2027-05-16 23:01:00,Cash Withdrawal,41869.99,38,PhonePe,Net Banking,Success
505100,102700,2027-05-22 11:00:00,Deposit,47700.0,1,Google Pay,ATM,Success
505101,102717,2027-05-27 22:59:00,UPI,3631.01,14,Amazon,UPI,Success
505102,102734,2027-06-02 10:58:00,Card Payment,9462.02,27,Flipkart,Debit Card,Success
505103,102751,2027-06-07 22:57:00,ATM Withdrawal,15293.03,40,Swiggy,Credit Card,Success
505104,102768,2027-06-13 10:56:00,Online Transfer,21124.04,3,Zomato,Net Banking,Success
505105,102785,2027-06-18 22:55:00,Cash Withdrawal,26955.05,16,Myntra,ATM,Success
505106,102802,2027-06-24 10:54:00,Deposit,32786.06,29,Uber,UPI,Success
505107,102819,2027-06-29 22:53:00,UPI,38617.07,42,IRCTC,Debit Card,Success
505108,102836,2027-07-05 10:52:00,Card Payment,44448.08,5,Reliance,Credit Card,Success
505109,102853,2027-07-10 22:51:00,ATM Withdrawal,379.09,18,DMart,Net Banking,Success
505110,102870,2027-07-16 10:50:00,Online Transfer,6210.1,31,Netflix,ATM,Success
505111,102887,2027-07-21 22:49:00,Cash Withdrawal,12041.11,44,PhonePe,UPI,Success
505112,102904,2027-07-27 10:48:00,Deposit,17872.12,7,Google Pay,Debit Card,Success
505113,102921,2027-08-01 22:47:00,UPI,23703.13,20,Amazon,Credit Card,Success
505114,102938,2027-08-07 10:46:00,Card Payment,29534.14,33,Flipkart,Net Banking,Success
505115,102955,2027-08-12 22:45:00,ATM Withdrawal,35365.15,46,Swiggy,ATM,Success
505116,102972,2027-08-18 10:44:00,Online Transfer,41196.16,9,Zomato,UPI,Success
505117,102989,2027-08-23 22:43:00,Cash Withdrawal,47027.17,22,Myntra,Debit Card,Success
505118,100006,2027-08-29 10:42:00,Deposit,2958.18,35,Uber,Credit Card,Success
505119,100023,2027-09-03 22:41:00,UPI,8789.19,48,IRCTC,Net Banking,Success
505120,100040,2027-09-09 10:40:00,Card Payment,14620.2,11,Reliance,ATM,Success
505121,100057,2027-09-14 22:39:00,ATM Withdrawal,20451.21,24,DMart,UPI,Success
505122,100074,2027-09-20 10:38:00,Online Transfer,26282.22,37,Netflix,Debit Card,Success
505123,100091,2027-09-25 22:37:00,Cash Withdrawal,32113.23,50,PhonePe,Credit Card,Success
505124,100108,2027-10-01 10:36:00,Deposit,37944.24,13,Google Pay,Net Banking,Success
505125,100125,2027-10-06 22:35:00,UPI,43775.25,26,Amazon,ATM,Success
505126,100142,2027-10-12 10:34:00,Card Payment,49606.26,39,Flipkart,UPI,Success
505127,100159,2027-10-17 22:33:00,ATM Withdrawal,5537.27,2,Swiggy,Debit Card,Success
505128,100176,2027-10-23 10:32:00,Online Transfer,11368.28,15,Zomato,Credit Card,Success
505129,100193,2027-10-28 22:31:00,Cash Withdrawal,17199.29,28,Myntra,Net Banking,Success
505130,100210,2027-11-03 10:30:00,Deposit,23030.3,41,Uber,ATM,Success
505131,100227,2027-11-08 22:29:00,UPI,28861.31,4,IRCTC,UPI,Success
505132,100244,2027-11-14 10:28:00,Card Payment,34692.32,17,Reliance,Debit Card,Success
505133,100261,2027-11-19 22:27:00,ATM Withdrawal,40523.33,30,DMart,Credit Card,Success
505134,100278,2027-11-25 10:26:00,Online Transfer,46354.34,43,Netflix,Net Banking,Success
505135,100295,2027-11-30 22:25:00,Cash Withdrawal,2285.35,6,PhonePe,ATM,Success
505136,100312,2027-12-06 10:24:00,Deposit,8116.36,19,Google Pay,UPI,Success
505137,100329,2027-12-11 22:23:00,UPI,13947.37,32,Amazon,Debit Card,Success
505138,100346,2027-12-17 10:22:00,Card Payment,19778.38,45,Flipkart,Credit Card,Success
505139,100363,2027-12-22 22:21:00,ATM Withdrawal,25609.39,8,Swiggy,Net Banking,Success
505140,100380,2027-12-28 10:20:00,Online Transfer,31440.4,21,Zomato,ATM,Success
505141,100397,2028-01-02 22:19:00,Cash Withdrawal,37271.41,34,Myntra,UPI,Success
505142,100414,2028-01-08 10:18:00,Deposit,43102.42,47,Uber,Debit Card,Success
505143,100431,2028-01-13 22:17:00,UPI,48933.43,10,IRCTC,Credit Card,Success
505144,100448,2028-01-19 10:16:00,Card Payment,4864.44,23,Reliance,Net Banking,Success
505145,100465,2028-01-24 22:15:00,ATM Withdrawal,10695.45,36,DMart,ATM,Success
505146,100482,2028-01-30 10:14:00,Online Transfer,16526.46,49,Netflix,UPI,Success
505147,100499,2028-02-04 22:13:00,Cash Withdrawal,22357.47,12,PhonePe,Debit Card,Success
505148,100516,2028-02-10 10:12:00,Deposit,28188.48,25,Google Pay,Credit Card,Success
505149,100533,2028-02-15 22:11:00,UPI,34019.49,38,Amazon,Net Banking,Success
505150,100550,2028-02-21 10:10:00,Card Payment,39850.5,1,Flipkart,ATM,Success
505151,100567,2028-02-26 22:09:00,ATM Withdrawal,45681.51,14,Swiggy,UPI,Success
505152,100584,2028-03-03 10:08:00,Online Transfer,1612.52,27,Zomato,Debit Card,Success
505153,100601,2028-03-08 22:07:00,Cash Withdrawal,7443.53,40,Myntra,Credit Card,Success
505154,100618,2028-03-14 10:06:00,Deposit,13274.54,3,Uber,Net Banking,Success
505155,100635,2028-03-19 22:05:00,UPI,19105.55,16,IRCTC,ATM,Success
505156,100652,2028-03-25 10:04:00,Card Payment,24936.56,29,Reliance,UPI,Success
505157,100669,2028-03-30 22:03:00,ATM Withdrawal,30767.57,42,DMart,Debit Card,Success
505158,100686,2028-04-05 10:02:00,Online Transfer,36598.58,5,Netflix,Credit Card,Success
505159,100703,2028-04-10 22:01:00,Cash Withdrawal,42429.59,18,PhonePe,Net Banking,Pending
505160,100720,2028-04-16 10:00:00,Deposit,48260.6,31,Google Pay,ATM,Success
505161,100737,2028-04-21 21:59:00,UPI,4191.61,44,Amazon,UPI,Success
505162,100754,2028-04-27 09:58:00,Card Payment,212878.0,7,Flipkart,Debit Card,Success
505163,100771,2028-05-02 21:57:00,ATM Withdrawal,15853.63,20,Swiggy,Credit Card,Success
505164,100788,2028-05-08 09:56:00,Online Transfer,21684.64,33,Zomato,Net Banking,Success
505165,100805,2028-05-13 21:55:00,Cash Withdrawal,27515.65,46,Myntra,ATM,Success
505166,100822,2028-05-19 09:54:00,Deposit,33346.66,9,Uber,UPI,Success
505167,100839,2028-05-24 21:53:00,UPI,39177.67,22,IRCTC,Debit Card,Success
505168,100856,2028-05-30 09:52:00,Card Payment,45008.68,35,Reliance,Credit Card,Success
505169,100873,2028-06-04 21:51:00,ATM Withdrawal,939.69,48,DMart,Net Banking,Success
505170,100890,2028-06-10 09:50:00,Online Transfer,6770.7,11,Netflix,ATM,Success
505171,100907,2028-06-15 21:49:00,Cash Withdrawal,12601.71,24,PhonePe,UPI,Success
505172,100924,2028-06-21 09:48:00,Deposit,18432.72,37,Google Pay,Debit Card,Success
505173,100941,2028-06-26 21:47:00,UPI,24263.73,50,Amazon,Credit Card,Success
505174,100958,2028-07-02 09:46:00,Card Payment,30094.74,13,Flipkart,Net Banking,Success
505175,100975,2028-07-07 21:45:00,ATM Withdrawal,35925.75,26,Swiggy,ATM,Success
505176,100992,2028-07-13 09:44:00,Online Transfer,41756.76,39,Zomato,UPI,Success
505177,101009,2028-07-18 21:43:00,Cash Withdrawal,47587.77,2,Myntra,Debit Card,Success
505178,101026,2028-07-24 09:42:00,Deposit,3518.78,15,Uber,Credit Card,Success
505179,101043,2028-07-29 21:41:00,UPI,9349.79,28,IRCTC,Net Banking,Success
505180,101060,2028-08-04 09:40:00,Card Payment,15180.8,41,Reliance,ATM,Success
505181,101077,2028-08-09 21:39:00,ATM Withdrawal,21011.81,4,DMart,UPI,Success
505182,101094,2028-08-15 09:38:00,Online Transfer,26842.82,17,Netflix,Debit Card,Success
505183,101111,2028-08-20 21:37:00,Cash Withdrawal,32673.83,30,PhonePe,Credit Card,Success
505184,101128,2028-08-26 09:36:00,Deposit,38504.84,43,Google Pay,Net Banking,Success
505185,101145,2028-08-31 21:35:00,UPI,44335.85,6,Amazon,ATM,Success
505186,101162,2028-09-06 09:34:00,Card Payment,266.86,19,Flipkart,UPI,Success
505187,101179,2028-09-11 21:33:00,ATM Withdrawal,6097.87,32,Swiggy,Debit Card,Success
505188,101196,2028-09-17 09:32:00,Online Transfer,11928.88,45,Zomato,Credit Card,Success
505189,101213,2028-09-22 21:31:00,Cash Withdrawal,17759.89,8,Myntra,Net Banking,Success
505190,101230,2028-09-28 09:30:00,Deposit,23590.9,21,Uber,ATM,Success
505191,101247,2028-10-03 21:29:00,UPI,29421.91,34,IRCTC,UPI,Success
505192,101264,2028-10-09 09:28:00,Card Payment,35252.92,47,Reliance,Debit Card,Success
505193,101281,2028-10-14 21:27:00,ATM Withdrawal,41083.93,10,DMart,Credit Card,Success
505194,101298,2028-10-20 09:26:00,Online Transfer,46914.94,23,Netflix,Net Banking,Success
505195,101315,2028-10-25 21:25:00,Cash Withdrawal,2845.95,36,PhonePe,ATM,Success
505196,101332,2028-10-31 09:24:00,Deposit,8676.96,49,Google Pay,UPI,Success
505197,101349,2028-11-05 21:23:00,UPI,14507.97,12,Amazon,Debit Card,Success
505198,101366,2028-11-11 09:22:00,Card Payment,20338.98,25,Flipkart,Credit Card,Failed
505199,101383,2028-11-16 21:21:00,ATM Withdrawal,26169.99,38,Swiggy,Net Banking,Success
505200,101400,2028-11-22 09:20:00,Online Transfer,32000.0,1,Zomato,ATM,Success
505201,101417,2028-11-27 21:19:00,Cash Withdrawal,37831.01,14,Myntra,UPI,Success
505202,101434,2028-12-03 09:18:00,Deposit,43662.02,27,Uber,Debit Card,Success
505203,101451,2028-12-08 21:17:00,UPI,49493.03,40,IRCTC,Credit Card,Success
505204,101468,2028-12-14 09:16:00,Card Payment,5424.04,3,Reliance,Net Banking,Success
505205,101485,2028-12-19 21:15:00,ATM Withdrawal,11255.05,16,DMart,ATM,Success
505206,101502,2028-12-25 09:14:00,Online Transfer,17086.06,29,Netflix,UPI,Success
505207,101519,2028-12-30 21:13:00,Cash Withdrawal,306317.0,42,PhonePe,Debit Card,Success
505208,101536,2029-01-05 09:12:00,Deposit,28748.08,5,Google Pay,Credit Card,Success
505209,101553,2029-01-10 21:11:00,UPI,34579.09,18,Amazon,Net Banking,Success
505210,101570,2029-01-16 09:10:00,Card Payment,40410.1,31,Flipkart,ATM,Success
505211,101587,2029-01-21 21:09:00,ATM Withdrawal,46241.11,44,Swiggy,UPI,Success
505212,101604,2029-01-27 09:08:00,Online Transfer,2172.12,7,Zomato,Debit Card,Success
505213,101621,2029-02-01 21:07:00,Cash Withdrawal,8003.13,20,Myntra,Credit Card,Success
505214,101638,2029-02-07 09:06:00,Deposit,13834.14,33,Uber,Net Banking,Success
505215,101655,2029-02-12 21:05:00,UPI,19665.15,46,IRCTC,ATM,Success
505216,101672,2029-02-18 09:04:00,Card Payment,25496.16,9,Reliance,UPI,Success
505217,101689,2029-02-23 21:03:00,ATM Withdrawal,31327.17,22,DMart,Debit Card,Success
505218,101706,2029-03-01 09:02:00,Online Transfer,37158.18,35,Netflix,Credit Card,Success
505219,101723,2029-03-06 21:01:00,Cash Withdrawal,42989.19,48,PhonePe,Net Banking,Success
505220,101740,2029-03-12 09:00:00,Deposit,48820.2,11,Google Pay,ATM,Success
505221,101757,2029-03-17 20:59:00,UPI,4751.21,24,Amazon,UPI,Success
505222,101774,2029-03-23 08:58:00,Card Payment,10582.22,37,Flipkart,Debit Card,Success
505223,101791,2029-03-28 20:57:00,ATM Withdrawal,16413.23,50,Swiggy,Credit Card,Success
505224,101808,2029-04-03 08:56:00,Online Transfer,22244.24,13,Zomato,Net Banking,Success
505225,101825,2029-04-08 20:55:00,Cash Withdrawal,28075.25,26,Myntra,ATM,Success
505226,101842,2029-04-14 08:54:00,Deposit,33906.26,39,Uber,UPI,Pending
505227,101859,2029-04-19 20:53:00,UPI,39737.27,2,IRCTC,Debit Card,Success
505228,101876,2029-04-25 08:52:00,Card Payment,45568.28,15,Reliance,Credit Card,Success
505229,101893,2029-04-30 20:51:00,ATM Withdrawal,1499.29,28,DMart,Net Banking,Success
505230,101910,2029-05-06 08:50:00,Online Transfer,7330.3,41,Netflix,ATM,Success
505231,101927,2029-05-11 20:49:00,Cash Withdrawal,13161.31,4,PhonePe,UPI,Success
505232,101944,2029-05-17 08:48:00,Deposit,18992.32,17,Google Pay,Debit Card,Success
505233,101961,2029-05-22 20:47:00,UPI,24823.33,30,Amazon,Credit Card,Success
505234,101978,2029-05-28 08:46:00,Card Payment,30654.34,43,Flipkart,Net Banking,Success
505235,101995,2029-06-02 20:45:00,ATM Withdrawal,36485.35,6,Swiggy,ATM,Success
505236,102012,2029-06-08 08:44:00,Online Transfer,42316.36,19,Zomato,UPI,Success
505237,102029,2029-06-13 20:43:00,Cash Withdrawal,48147.37,32,Myntra,Debit Card,Success
505238,102046,2029-06-19 08:42:00,Deposit,4078.38,45,Uber,Credit Card,Success
505239,102063,2029-06-24 20:41:00,UPI,9909.39,8,IRCTC,Net Banking,Success
505240,102080,2029-06-30 08:40:00,Card Payment,15740.4,21,Reliance,ATM,Success
505241,102097,2029-07-05 20:39:00,ATM Withdrawal,21571.41,34,DMart,UPI,Success
505242,102114,2029-07-11 08:38:00,Online Transfer,27402.42,47,Netflix,Debit Card,Success
505243,102131,2029-07-16 20:37:00,Cash Withdrawal,33233.43,10,PhonePe,Credit Card,Success
505244,102148,2029-07-22 08:36:00,Deposit,39064.44,23,Google Pay,Net Banking,Success
505245,102165,2029-07-27 20:35:00,UPI,44895.45,36,Amazon,ATM,Success
505246,102182,2029-08-02 08:34:00,Card Payment,826.46,49,Flipkart,UPI,Success
505247,102199,2029-08-07 20:33:00,ATM Withdrawal,6657.47,12,Swiggy,Debit Card,Success
505248,102216,2029-08-13 08:32:00,Online Transfer,12488.48,25,Zomato,Credit Card,Success
505249,102233,2029-08-18 20:31:00,Cash Withdrawal,18319.49,38,Myntra,Net Banking,Success
505250,102250,2029-08-24 08:30:00,Deposit,24150.5,1,Uber,ATM,Success
505251,102267,2029-08-29 20:29:00,UPI,250169.0,14,IRCTC,UPI,Success
505252,102284,2029-09-04 08:28:00,Card Payment,35812.52,27,Reliance,Debit Card,Success
505253,102301,2029-09-09 20:27:00,ATM Withdrawal,41643.53,40,DMart,Credit Card,Success
505254,102318,2029-09-15 08:26:00,Online Transfer,47474.54,3,Netflix,Net Banking,Success
505255,102335,2029-09-20 20:25:00,Cash Withdrawal,3405.55,16,PhonePe,ATM,Success
505256,102352,2029-09-26 08:24:00,Deposit,9236.56,29,Google Pay,UPI,Success
505257,102369,2029-10-01 20:23:00,UPI,15067.57,42,Amazon,Debit Card,Success
505258,102386,2029-10-07 08:22:00,Card Payment,20898.58,5,Flipkart,Credit Card,Success
505259,102403,2029-10-12 20:21:00,ATM Withdrawal,26729.59,18,Swiggy,Net Banking,Success
505260,102420,2029-10-18 08:20:00,Online Transfer,32560.6,31,Zomato,ATM,Success
505261,102437,2029-10-23 20:19:00,Cash Withdrawal,38391.61,44,Myntra,UPI,Success
505262,102454,2029-10-29 08:18:00,Deposit,44222.62,7,Uber,Debit Card,Success
505263,102471,2029-11-03 20:17:00,UPI,153.63,20,IRCTC,Credit Card,Success
505264,102488,2029-11-09 08:16:00,Card Payment,5984.64,33,Reliance,Net Banking,Success
505265,102505,2029-11-14 20:15:00,ATM Withdrawal,11815.65,46,DMart,ATM,Success
505266,102522,2029-11-20 08:14:00,Online Transfer,17646.66,9,Netflix,UPI,Success
505267,102539,2029-11-25 20:13:00,Cash Withdrawal,23477.67,22,PhonePe,Debit Card,Success
505268,102556,2029-12-01 08:12:00,Deposit,29308.68,35,Google Pay,Credit Card,Success
505269,102573,2029-12-06 20:11:00,UPI,35139.69,48,Amazon,Net Banking,Success
505270,102590,2029-12-12 08:10:00,Card Payment,40970.7,11,Flipkart,ATM,Success
505271,102607,2029-12-17 20:09:00,ATM Withdrawal,46801.71,24,Swiggy,UPI,Success
505272,102624,2029-12-23 08:08:00,Online Transfer,2732.72,37,Zomato,Debit Card,Success
505273,102641,2029-12-28 20:07:00,Cash Withdrawal,8563.73,50,Myntra,Credit Card,Success
505274,102658,2030-01-03 08:06:00,Deposit,14394.74,13,Uber,Net Banking,Success
505275,102675,2030-01-08 20:05:00,UPI,20225.75,26,IRCTC,ATM,Success
505276,102692,2030-01-14 08:04:00,Card Payment,26056.76,39,Reliance,UPI,Success
505277,102709,2030-01-19 20:03:00,ATM Withdrawal,31887.77,2,DMart,Debit Card,Success
505278,102726,2030-01-25 08:02:00,Online Transfer,37718.78,15,Netflix,Credit Card,Success
505279,102743,2030-01-30 20:01:00,Cash Withdrawal,43549.79,28,PhonePe,Net Banking,Success
505280,102760,2030-02-05 08:00:00,Deposit,49380.8,41,Google Pay,ATM,Success
505281,102777,2030-02-10 19:59:00,UPI,5311.81,4,Amazon,UPI,Success
505282,102794,2030-02-16 07:58:00,Card Payment,11142.82,17,Flipkart,Debit Card,Success
505283,102811,2030-02-21 19:57:00,ATM Withdrawal,16973.83,30,Swiggy,Credit Card,Success
505284,102828,2030-02-27 07:56:00,Online Transfer,22804.84,43,Zomato,Net Banking,Success
505285,102845,2030-03-04 19:55:00,Cash Withdrawal,28635.85,6,Myntra,ATM,Success
505286,102862,2030-03-10 07:54:00,Deposit,34466.86,19,Uber,UPI,Success
505287,102879,2026-01-05 19:53:00,UPI,40297.87,32,IRCTC,Debit Card,Success
505288,102896,2026-01-11 07:52:00,Card Payment,46128.88,45,Reliance,Credit Card,Success
505289,102913,2026-01-16 19:51:00,ATM Withdrawal,2059.89,8,DMart,Net Banking,Success
505290,102930,2026-01-22 07:50:00,Online Transfer,7890.9,21,Netflix,ATM,Success
505291,102947,2026-01-27 19:49:00,Cash Withdrawal,13721.91,34,PhonePe,UPI,Success
505292,102964,2026-02-02 07:48:00,Deposit,19552.92,47,Google Pay,Debit Card,Success
505293,102981,2026-02-07 19:47:00,UPI,25383.93,10,Amazon,Credit Card,Pending
505294,102998,2026-02-13 07:46:00,Card Payment,31214.94,23,Flipkart,Net Banking,Success
505295,100015,2026-02-18 19:45:00,ATM Withdrawal,37045.95,36,Swiggy,ATM,Success
505296,100032,2026-02-24 07:44:00,Online Transfer,42876.96,49,Zomato,UPI,Success
505297,100049,2026-03-01 19:43:00,Cash Withdrawal,48707.97,12,Myntra,Debit Card,Success
505298,100066,2026-03-07 07:42:00,Deposit,4638.98,25,Uber,Credit Card,Success
505299,100083,2026-03-12 19:41:00,UPI,10469.99,38,IRCTC,Net Banking,Success
505300,100100,2026-03-18 07:40:00,Card Payment,16300.0,1,Reliance,ATM,Success
505301,100117,2026-03-23 19:39:00,ATM Withdrawal,22131.01,14,DMart,UPI,Success
505302,100134,2026-03-29 07:38:00,Online Transfer,27962.02,27,Netflix,Debit Card,Success
505303,100151,2026-04-03 19:37:00,Cash Withdrawal,33793.03,40,PhonePe,Credit Card,Success
505304,100168,2026-04-09 07:36:00,Deposit,39624.04,3,Google Pay,Net Banking,Success
505305,100185,2026-04-14 19:35:00,UPI,45455.05,16,Amazon,ATM,Success
505306,100202,2026-04-20 07:34:00,Card Payment,1386.06,29,Flipkart,UPI,Success
505307,100219,2026-04-25 19:33:00,ATM Withdrawal,7217.07,42,Swiggy,Debit Card,Success
505308,100236,2026-05-01 07:32:00,Online Transfer,13048.08,5,Zomato,Credit Card,Success
505309,100253,2026-05-06 19:31:00,Cash Withdrawal,18879.09,18,Myntra,Net Banking,Success
505310,100270,2026-05-12 07:30:00,Deposit,24710.1,31,Uber,ATM,Success
505311,100287,2026-05-17 19:29:00,UPI,30541.11,44,IRCTC,UPI,Failed
505312,100304,2026-05-23 07:28:00,Card Payment,36372.12,7,Reliance,Debit Card,Success
505313,100321,2026-05-28 19:27:00,ATM Withdrawal,42203.13,20,DMart,Credit Card,Success
505314,100338,2026-06-03 07:26:00,Online Transfer,48034.14,33,Netflix,Net Banking,Success
505315,100355,2026-06-08 19:25:00,Cash Withdrawal,3965.15,46,PhonePe,ATM,Success
505316,100372,2026-06-14 07:24:00,Deposit,9796.16,9,Google Pay,UPI,Success
505317,100389,2026-06-19 19:23:00,UPI,15627.17,22,Amazon,Debit Card,Success
505318,100406,2026-06-25 07:22:00,Card Payment,21458.18,35,Flipkart,Credit Card,Success
505319,100423,2026-06-30 19:21:00,ATM Withdrawal,27289.19,48,Swiggy,Net Banking,Success
505320,100440,2026-07-06 07:20:00,Online Transfer,33120.2,11,Zomato,ATM,Success
505321,100457,2026-07-11 19:19:00,Cash Withdrawal,38951.21,24,Myntra,UPI,Success
505322,100474,2026-07-17 07:18:00,Deposit,44782.22,37,Uber,Debit Card,Success
505323,100491,2026-07-22 19:17:00,UPI,713.23,50,IRCTC,Credit Card,Success
505324,100508,2026-07-28 07:16:00,Card Payment,6544.24,13,Reliance,Net Banking,Success
505325,100525,2026-08-02 19:15:00,ATM Withdrawal,12375.25,26,DMart,ATM,Success
505326,100542,2026-08-08 07:14:00,Online Transfer,18206.26,39,Netflix,UPI,Success
505327,100559,2026-08-13 19:13:00,Cash Withdrawal,24037.27,2,PhonePe,Debit Card,Success
505328,100576,2026-08-19 07:12:00,Deposit,29868.28,15,Google Pay,Credit Card,Success
505329,100593,2026-08-24 19:11:00,UPI,35699.29,28,Amazon,Net Banking,Success
505330,100610,2026-08-30 07:10:00,Card Payment,41530.3,41,Flipkart,ATM,Success
505331,100627,2026-09-04 19:09:00,ATM Withdrawal,47361.31,4,Swiggy,UPI,Success
505332,100644,2026-09-10 07:08:00,Online Transfer,3292.32,17,Zomato,Debit Card,Success
505333,100661,2026-09-15 19:07:00,Cash Withdrawal,9123.33,30,Myntra,Credit Card,Success
505334,100678,2026-09-21 07:06:00,Deposit,399154.0,43,Uber,Net Banking,Success
505335,100695,2026-09-26 19:05:00,UPI,20785.35,6,IRCTC,ATM,Success
505336,100712,2026-10-02 07:04:00,Card Payment,26616.36,19,Reliance,UPI,Success
505337,100729,2026-10-07 19:03:00,ATM Withdrawal,32447.37,32,DMart,Debit Card,Success
505338,100746,2026-10-13 07:02:00,Online Transfer,38278.38,45,Netflix,Credit Card,Success
505339,100763,2026-10-18 19:01:00,Cash Withdrawal,44109.39,8,PhonePe,Net Banking,Success
505340,100780,2026-10-24 07:00:00,Deposit,287460.0,21,Google Pay,ATM,Success
505341,100797,2026-10-29 18:59:00,UPI,5871.41,34,Amazon,UPI,Success
505342,100814,2026-11-04 06:58:00,Card Payment,11702.42,47,Flipkart,Debit Card,Success
505343,100831,2026-11-09 18:57:00,ATM Withdrawal,17533.43,10,Swiggy,Credit Card,Success
505344,100848,2026-11-15 06:56:00,Online Transfer,23364.44,23,Zomato,Net Banking,Success
505345,100865,2026-11-20 18:55:00,Cash Withdrawal,29195.45,36,Myntra,ATM,Success
505346,100882,2026-11-26 06:54:00,Deposit,35026.46,49,Uber,UPI,Success
505347,100899,2026-12-01 18:53:00,UPI,40857.47,12,IRCTC,Debit Card,Success
505348,100916,2026-12-07 06:52:00,Card Payment,46688.48,25,Reliance,Credit Card,Success
505349,100933,2026-12-12 18:51:00,ATM Withdrawal,2619.49,38,DMart,Net Banking,Success
505350,100950,2026-12-18 06:50:00,Online Transfer,8450.5,1,Netflix,ATM,Success
505351,100967,2026-12-23 18:49:00,Cash Withdrawal,14281.51,14,PhonePe,UPI,Success
505352,100984,2026-12-29 06:48:00,Deposit,20112.52,27,Google Pay,Debit Card,Success
505353,101001,2027-01-03 18:47:00,UPI,25943.53,40,Amazon,Credit Card,Success
505354,101018,2027-01-09 06:46:00,Card Payment,31774.54,3,Flipkart,Net Banking,Success
505355,101035,2027-01-14 18:45:00,ATM Withdrawal,37605.55,16,Swiggy,ATM,Success
505356,101052,2027-01-20 06:44:00,Online Transfer,43436.56,29,Zomato,UPI,Success
505357,101069,2027-01-25 18:43:00,Cash Withdrawal,49267.57,42,Myntra,Debit Card,Success
505358,101086,2027-01-31 06:42:00,Deposit,5198.58,5,Uber,Credit Card,Success
505359,101103,2027-02-05 18:41:00,UPI,11029.59,18,IRCTC,Net Banking,Success
505360,101120,2027-02-11 06:40:00,Card Payment,16860.6,31,Reliance,ATM,Pending
505361,101137,2027-02-16 18:39:00,ATM Withdrawal,22691.61,44,DMart,UPI,Success
505362,101154,2027-02-22 06:38:00,Online Transfer,28522.62,7,Netflix,Debit Card,Success
505363,101171,2027-02-27 18:37:00,Cash Withdrawal,34353.63,20,PhonePe,Credit Card,Success
505364,101188,2027-03-05 06:36:00,Deposit,40184.64,33,Google Pay,Net Banking,Success
505365,101205,2027-03-10 18:35:00,UPI,46015.65,46,Amazon,ATM,Success
505366,101222,2027-03-16 06:34:00,Card Payment,1946.66,9,Flipkart,UPI,Success
505367,101239,2027-03-21 18:33:00,ATM Withdrawal,7777.67,22,Swiggy,Debit Card,Success
505368,101256,2027-03-27 06:32:00,Online Transfer,13608.68,35,Zomato,Credit Card,Success
505369,101273,2027-04-01 18:31:00,Cash Withdrawal,19439.69,48,Myntra,Net Banking,Success
505370,101290,2027-04-07 06:30:00,Deposit,25270.7,11,Uber,ATM,Success
505371,101307,2027-04-12 18:29:00,UPI,31101.71,24,IRCTC,UPI,Success
505372,101324,2027-04-18 06:28:00,Card Payment,36932.72,37,Reliance,Debit Card,Success
505373,101341,2027-04-23 18:27:00,ATM Withdrawal,42763.73,50,DMart,Credit Card,Success
505374,101358,2027-04-29 06:26:00,Online Transfer,48594.74,13,Netflix,Net Banking,Success
505375,101375,2027-05-04 18:25:00,Cash Withdrawal,4525.75,26,PhonePe,ATM,Success
505376,101392,2027-05-10 06:24:00,Deposit,10356.76,39,Google Pay,UPI,Success
505377,101409,2027-05-15 18:23:00,UPI,16187.77,2,Amazon,Debit Card,Success
505378,101426,2027-05-21 06:22:00,Card Payment,22018.78,15,Flipkart,Credit Card,Success
505379,101443,2027-05-26 18:21:00,ATM Withdrawal,27849.79,28,Swiggy,Net Banking,Success
505380,101460,2027-06-01 06:20:00,Online Transfer,33680.8,41,Zomato,ATM,Success
505381,101477,2027-06-06 18:19:00,Cash Withdrawal,39511.81,4,Myntra,UPI,Success
505382,101494,2027-06-12 06:18:00,Deposit,45342.82,17,Uber,Debit Card,Success
505383,101511,2027-06-17 18:17:00,UPI,1273.83,30,IRCTC,Credit Card,Success
505384,101528,2027-06-23 06:16:00,Card Payment,7104.84,43,Reliance,Net Banking,Success
505385,101545,2027-06-28 18:15:00,ATM Withdrawal,12935.85,6,DMart,ATM,Success
505386,101562,2027-07-04 06:14:00,Online Transfer,18766.86,19,Netflix,UPI,Success
505387,101579,2027-07-09 18:13:00,Cash Withdrawal,24597.87,32,PhonePe,Debit Card,Success
505388,101596,2027-07-15 06:12:00,Deposit,30428.88,45,Google Pay,Credit Card,Success
505389,101613,2027-07-20 18:11:00,UPI,36259.89,8,Amazon,Net Banking,Success
505390,101630,2027-07-26 06:10:00,Card Payment,42090.9,21,Flipkart,ATM,Success
505391,101647,2027-07-31 18:09:00,ATM Withdrawal,47921.91,34,Swiggy,UPI,Success
505392,101664,2027-08-06 06:08:00,Online Transfer,3852.92,47,Zomato,Debit Card,Success
505393,101681,2027-08-11 18:07:00,Cash Withdrawal,9683.93,10,Myntra,Credit Card,Success
505394,101698,2027-08-17 06:06:00,Deposit,15514.94,23,Uber,Net Banking,Success
505395,101715,2027-08-22 18:05:00,UPI,21345.95,36,IRCTC,ATM,Success
505396,101732,2027-08-28 06:04:00,Card Payment,27176.96,49,Reliance,UPI,Success
505397,101749,2027-09-02 18:03:00,ATM Withdrawal,33007.97,12,DMart,Debit Card,Success
505398,101766,2027-09-08 06:02:00,Online Transfer,38838.98,25,Netflix,Credit Card,Success
505399,101783,2027-09-13 18:01:00,Cash Withdrawal,44669.99,38,PhonePe,Net Banking,Success
505400,101800,2027-09-19 06:00:00,Deposit,600.0,1,Google Pay,ATM,Success
505401,101817,2027-09-24 17:59:00,UPI,6431.01,14,Amazon,UPI,Success
505402,101834,2027-09-30 05:58:00,Card Payment,12262.02,27,Flipkart,Debit Card,Success
505403,101851,2027-10-05 17:57:00,ATM Withdrawal,18093.03,40,Swiggy,Credit Card,Success
505404,101868,2027-10-11 05:56:00,Online Transfer,23924.04,3,Zomato,Net Banking,Success
505405,101885,2027-10-16 17:55:00,Cash Withdrawal,29755.05,16,Myntra,ATM,Success
505406,101902,2027-10-22 05:54:00,Deposit,35586.06,29,Uber,UPI,Success
505407,101919,2027-10-27 17:53:00,UPI,41417.07,42,IRCTC,Debit Card,Success
505408,101936,2027-11-02 05:52:00,Card Payment,47248.08,5,Reliance,Credit Card,Success
505409,101953,2027-11-07 17:51:00,ATM Withdrawal,3179.09,18,DMart,Net Banking,Success
505410,101970,2027-11-13 05:50:00,Online Transfer,9010.1,31,Netflix,ATM,Success
505411,101987,2027-11-18 17:49:00,Cash Withdrawal,14841.11,44,PhonePe,UPI,Success
505412,102004,2027-11-24 05:48:00,Deposit,20672.12,7,Google Pay,Debit Card,Success
505413,102021,2027-11-29 17:47:00,UPI,26503.13,20,Amazon,Credit Card,Success
505414,102038,2027-12-05 05:46:00,Card Payment,32334.14,33,Flipkart,Net Banking,Success
505415,102055,2027-12-10 17:45:00,ATM Withdrawal,38165.15,46,Swiggy,ATM,Success
505416,102072,2027-12-16 05:44:00,Online Transfer,43996.16,9,Zomato,UPI,Success
505417,102089,2027-12-21 17:43:00,Cash Withdrawal,49827.17,22,Myntra,Debit Card,Success
505418,102106,2027-12-27 05:42:00,Deposit,5758.18,35,Uber,Credit Card,Success
505419,102123,2028-01-01 17:41:00,UPI,11589.19,48,IRCTC,Net Banking,Success
505420,102140,2028-01-07 05:40:00,Card Payment,17420.2,11,Reliance,ATM,Success
505421,102157,2028-01-12 17:39:00,ATM Withdrawal,23251.21,24,DMart,UPI,Success
505422,102174,2028-01-18 05:38:00,Online Transfer,29082.22,37,Netflix,Debit Card,Success
505423,102191,2028-01-23 17:37:00,Cash Withdrawal,34913.23,50,PhonePe,Credit Card,Success
505424,102208,2028-01-29 05:36:00,Deposit,40744.24,13,Google Pay,Net Banking,Failed
505425,102225,2028-02-03 17:35:00,UPI,46575.25,26,Amazon,ATM,Success
505426,102242,2028-02-09 05:34:00,Card Payment,2506.26,39,Flipkart,UPI,Success
505427,102259,2028-02-14 17:33:00,ATM Withdrawal,8337.27,2,Swiggy,Debit Card,Pending
505428,102276,2028-02-20 05:32:00,Online Transfer,14168.28,15,Zomato,Credit Card,Success
505429,102293,2028-02-25 17:31:00,Cash Withdrawal,324751.0,28,Myntra,Net Banking,Success
505430,102310,2028-03-02 05:30:00,Deposit,25830.3,41,Uber,ATM,Success
505431,102327,2028-03-07 17:29:00,UPI,31661.31,4,IRCTC,UPI,Success
505432,102344,2028-03-13 05:28:00,Card Payment,37492.32,17,Reliance,Debit Card,Success
505433,102361,2028-03-18 17:27:00,ATM Withdrawal,43323.33,30,DMart,Credit Card,Success
505434,102378,2028-03-24 05:26:00,Online Transfer,49154.34,43,Netflix,Net Banking,Success
505435,102395,2028-03-29 17:25:00,Cash Withdrawal,5085.35,6,PhonePe,ATM,Success
505436,102412,2028-04-04 05:24:00,Deposit,10916.36,19,Google Pay,UPI,Success
505437,102429,2028-04-09 17:23:00,UPI,16747.37,32,Amazon,Debit Card,Success
505438,102446,2028-04-15 05:22:00,Card Payment,22578.38,45,Flipkart,Credit Card,Success
505439,102463,2028-04-20 17:21:00,ATM Withdrawal,28409.39,8,Swiggy,Net Banking,Success
505440,102480,2028-04-26 05:20:00,Online Transfer,34240.4,21,Zomato,ATM,Success
505441,102497,2028-05-01 17:19:00,Cash Withdrawal,40071.41,34,Myntra,UPI,Success
505442,102514,2028-05-07 05:18:00,Deposit,45902.42,47,Uber,Debit Card,Success
505443,102531,2028-05-12 17:17:00,UPI,1833.43,10,IRCTC,Credit Card,Success
505444,102548,2028-05-18 05:16:00,Card Payment,7664.44,23,Reliance,Net Banking,Success
505445,102565,2028-05-23 17:15:00,ATM Withdrawal,13495.45,36,DMart,ATM,Success
505446,102582,2028-05-29 05:14:00,Online Transfer,19326.46,49,Netflix,UPI,Success
505447,102599,2028-06-03 17:13:00,Cash Withdrawal,25157.47,12,PhonePe,Debit Card,Success
505448,102616,2028-06-09 05:12:00,Deposit,30988.48,25,Google Pay,Credit Card,Success
505449,102633,2028-06-14 17:11:00,UPI,36819.49,38,Amazon,Net Banking,Success
505450,102650,2028-06-20 05:10:00,Card Payment,42650.5,1,Flipkart,ATM,Success
505451,102667,2028-06-25 17:09:00,ATM Withdrawal,48481.51,14,Swiggy,UPI,Success
505452,102684,2028-07-01 05:08:00,Online Transfer,4412.52,27,Zomato,Debit Card,Success
505453,102701,2028-07-06 17:07:00,Cash Withdrawal,10243.53,40,Myntra,Credit Card,Success
505454,102718,2028-07-12 05:06:00,Deposit,16074.54,3,Uber,Net Banking,Success
505455,102735,2028-07-17 17:05:00,UPI,21905.55,16,IRCTC,ATM,Success
505456,102752,2028-07-23 05:04:00,Card Payment,27736.56,29,Reliance,UPI,Success
505457,102769,2028-07-28 17:03:00,ATM Withdrawal,33567.57,42,DMart,Debit Card,Success
505458,102786,2028-08-03 05:02:00,Online Transfer,39398.58,5,Netflix,Credit Card,Success
505459,102803,2028-08-08 17:01:00,Cash Withdrawal,45229.59,18,PhonePe,Net Banking,Success
505460,102820,2028-08-14 05:00:00,Deposit,1160.6,31,Google Pay,ATM,Success
505461,102837,2028-08-19 16:59:00,UPI,491991.0,44,Amazon,UPI,Success
505462,102854,2028-08-25 04:58:00,Card Payment,12822.62,7,Flipkart,Debit Card,Success
505463,102871,2028-08-30 16:57:00,ATM Withdrawal,18653.63,20,Swiggy,Credit Card,Success
505464,102888,2028-09-05 04:56:00,Online Transfer,24484.64,33,Zomato,Net Banking,Success
505465,102905,2028-09-10 16:55:00,Cash Withdrawal,30315.65,46,Myntra,ATM,Success
505466,102922,2028-09-16 04:54:00,Deposit,36146.66,9,Uber,UPI,Success
505467,102939,2028-09-21 16:53:00,UPI,41977.67,22,IRCTC,Debit Card,Success
505468,102956,2028-09-27 04:52:00,Card Payment,47808.68,35,Reliance,Credit Card,Success
505469,102973,2028-10-02 16:51:00,ATM Withdrawal,3739.69,48,DMart,Net Banking,Success
505470,102990,2028-10-08 04:50:00,Online Transfer,9570.7,11,Netflix,ATM,Success
505471,100007,2028-10-13 16:49:00,Cash Withdrawal,15401.71,24,PhonePe,UPI,Success
505472,100024,2028-10-19 04:48:00,Deposit,21232.72,37,Google Pay,Debit Card,Success
505473,100041,2028-10-24 16:47:00,UPI,27063.73,50,Amazon,Credit Card,Success
505474,100058,2028-10-30 04:46:00,Card Payment,32894.74,13,Flipkart,Net Banking,Success
505475,100075,2028-11-04 16:45:00,ATM Withdrawal,38725.75,26,Swiggy,ATM,Success
505476,100092,2028-11-10 04:44:00,Online Transfer,44556.76,39,Zomato,UPI,Success
505477,100109,2028-11-15 16:43:00,Cash Withdrawal,487.77,2,Myntra,Debit Card,Success
505478,100126,2028-11-21 04:42:00,Deposit,6318.78,15,Uber,Credit Card,Success
505479,100143,2028-11-26 16:41:00,UPI,12149.79,28,IRCTC,Net Banking,Success
505480,100160,2028-12-02 04:40:00,Card Payment,17980.8,41,Reliance,ATM,Success
505481,100177,2028-12-07 16:39:00,ATM Withdrawal,23811.81,4,DMart,UPI,Success
505482,100194,2028-12-13 04:38:00,Online Transfer,29642.82,17,Netflix,Debit Card,Success
505483,100211,2028-12-18 16:37:00,Cash Withdrawal,35473.83,30,PhonePe,Credit Card,Success
505484,100228,2028-12-24 04:36:00,Deposit,41304.84,43,Google Pay,Net Banking,Success
505485,100245,2028-12-29 16:35:00,UPI,47135.85,6,Amazon,ATM,Success
505486,100262,2029-01-04 04:34:00,Card Payment,3066.86,19,Flipkart,UPI,Success
505487,100279,2029-01-09 16:33:00,ATM Withdrawal,8897.87,32,Swiggy,Debit Card,Success
505488,100296,2029-01-15 04:32:00,Online Transfer,14728.88,45,Zomato,Credit Card,Success
505489,100313,2029-01-20 16:31:00,Cash Withdrawal,20559.89,8,Myntra,Net Banking,Success
505490,100330,2029-01-26 04:30:00,Deposit,26390.9,21,Uber,ATM,Success
505491,100347,2029-01-31 16:29:00,UPI,32221.91,34,IRCTC,UPI,Success
505492,100364,2029-02-06 04:28:00,Card Payment,38052.92,47,Reliance,Debit Card,Success
505493,100381,2029-02-11 16:27:00,ATM Withdrawal,43883.93,10,DMart,Credit Card,Success
505494,100398,2029-02-17 04:26:00,Online Transfer,49714.94,23,Netflix,Net Banking,Pending
505495,100415,2029-02-22 16:25:00,Cash Withdrawal,5645.95,36,PhonePe,ATM,Success
505496,100432,2029-02-28 04:24:00,Deposit,11476.96,49,Google Pay,UPI,Success
505497,100449,2029-03-05 16:23:00,UPI,17307.97,12,Amazon,Debit Card,Success
505498,100466,2029-03-11 04:22:00,Card Payment,23138.98,25,Flipkart,Credit Card,Success
505499,100483,2029-03-16 16:21:00,ATM Withdrawal,28969.99,38,Swiggy,Net Banking,Success
505500,100500,2029-03-22 04:20:00,Online Transfer,34800.0,1,Zomato,ATM,Success
505501,100517,2029-03-27 16:19:00,Cash Withdrawal,40631.01,14,Myntra,UPI,Success
505502,100534,2029-04-02 04:18:00,Deposit,46462.02,27,Uber,Debit Card,Success
505503,100551,2029-04-07 16:17:00,UPI,2393.03,40,IRCTC,Credit Card,Success
505504,100568,2029-04-13 04:16:00,Card Payment,8224.04,3,Reliance,Net Banking,Success
505505,100585,2029-04-18 16:15:00,ATM Withdrawal,14055.05,16,DMart,ATM,Success
505506,100602,2029-04-24 04:14:00,Online Transfer,19886.06,29,Netflix,UPI,Success
505507,100619,2029-04-29 16:13:00,Cash Withdrawal,25717.07,42,PhonePe,Debit Card,Success
505508,100636,2029-05-05 04:12:00,Deposit,31548.08,5,Google Pay,Credit Card,Success
505509,100653,2029-05-10 16:11:00,UPI,37379.09,18,Amazon,Net Banking,Success
505510,100670,2029-05-16 04:10:00,Card Payment,43210.1,31,Flipkart,ATM,Success
505511,100687,2029-05-21 16:09:00,ATM Withdrawal,49041.11,44,Swiggy,UPI,Success
505512,100704,2029-05-27 04:08:00,Online Transfer,4972.12,7,Zomato,Debit Card,Success
505513,100721,2029-06-01 16:07:00,Cash Withdrawal,10803.13,20,Myntra,Credit Card,Success
505514,100738,2029-06-07 04:06:00,Deposit,16634.14,33,Uber,Net Banking,Success
505515,100755,2029-06-12 16:05:00,UPI,22465.15,46,IRCTC,ATM,Success
505516,100772,2029-06-18 04:04:00,Card Payment,28296.16,9,Reliance,UPI,Success
505517,100789,2029-06-23 16:03:00,ATM Withdrawal,34127.17,22,DMart,Debit Card,Success
505518,100806,2029-06-29 04:02:00,Online Transfer,362042.0,35,Netflix,Credit Card,Success
505519,100823,2029-07-04 16:01:00,Cash Withdrawal,45789.19,48,PhonePe,Net Banking,Success
505520,100840,2029-07-10 04:00:00,Deposit,1720.2,11,Google Pay,ATM,Success
505521,100857,2029-07-15 15:59:00,UPI,7551.21,24,Amazon,UPI,Success
505522,100874,2029-07-21 03:58:00,Card Payment,13382.22,37,Flipkart,Debit Card,Success
505523,100891,2029-07-26 15:57:00,ATM Withdrawal,19213.23,50,Swiggy,Credit Card,Success
505524,100908,2029-08-01 03:56:00,Online Transfer,25044.24,13,Zomato,Net Banking,Success
505525,100925,2029-08-06 15:55:00,Cash Withdrawal,30875.25,26,Myntra,ATM,Success
505526,100942,2029-08-12 03:54:00,Deposit,36706.26,39,Uber,UPI,Success
505527,100959,2029-08-17 15:53:00,UPI,42537.27,2,IRCTC,Debit Card,Success
505528,100976,2029-08-23 03:52:00,Card Payment,48368.28,15,Reliance,Credit Card,Success
505529,100993,2029-08-28 15:51:00,ATM Withdrawal,4299.29,28,DMart,Net Banking,Success
505530,101010,2029-09-03 03:50:00,Online Transfer,10130.3,41,Netflix,ATM,Success
505531,101027,2029-09-08 15:49:00,Cash Withdrawal,15961.31,4,PhonePe,UPI,Success
505532,101044,2029-09-14 03:48:00,Deposit,21792.32,17,Google Pay,Debit Card,Success
505533,101061,2029-09-19 15:47:00,UPI,27623.33,30,Amazon,Credit Card,Success
505534,101078,2029-09-25 03:46:00,Card Payment,33454.34,43,Flipkart,Net Banking,Success
505535,101095,2029-09-30 15:45:00,ATM Withdrawal,39285.35,6,Swiggy,ATM,Success
505536,101112,2029-10-06 03:44:00,Online Transfer,45116.36,19,Zomato,UPI,Success
505537,101129,2029-10-11 15:43:00,Cash Withdrawal,1047.37,32,Myntra,Debit Card,Failed
505538,101146,2029-10-17 03:42:00,Deposit,6878.38,45,Uber,Credit Card,Success
505539,101163,2029-10-22 15:41:00,UPI,12709.39,8,IRCTC,Net Banking,Success
505540,101180,2029-10-28 03:40:00,Card Payment,18540.4,21,Reliance,ATM,Success
505541,101197,2029-11-02 15:39:00,ATM Withdrawal,24371.41,34,DMart,UPI,Success
505542,101214,2029-11-08 03:38:00,Online Transfer,30202.42,47,Netflix,Debit Card,Success
505543,101231,2029-11-13 15:37:00,Cash Withdrawal,36033.43,10,PhonePe,Credit Card,Success
505544,101248,2029-11-19 03:36:00,Deposit,41864.44,23,Google Pay,Net Banking,Success
505545,101265,2029-11-24 15:35:00,UPI,47695.45,36,Amazon,ATM,Success
505546,101282,2029-11-30 03:34:00,Card Payment,3626.46,49,Flipkart,UPI,Success
505547,101299,2029-12-05 15:33:00,ATM Withdrawal,9457.47,12,Swiggy,Debit Card,Success
505548,101316,2029-12-11 03:32:00,Online Transfer,15288.48,25,Zomato,Credit Card,Success
505549,101333,2029-12-16 15:31:00,Cash Withdrawal,21119.49,38,Myntra,Net Banking,Success
505550,101350,2029-12-22 03:30:00,Deposit,26950.5,1,Uber,ATM,Success
505551,101367,2029-12-27 15:29:00,UPI,32781.51,14,IRCTC,UPI,Success
505552,101384,2030-01-02 03:28:00,Card Payment,38612.52,27,Reliance,Debit Card,Success
505553,101401,2030-01-07 15:27:00,ATM Withdrawal,44443.53,40,DMart,Credit Card,Success
505554,101418,2030-01-13 03:26:00,Online Transfer,374.54,3,Netflix,Net Banking,Success
505555,101435,2030-01-18 15:25:00,Cash Withdrawal,6205.55,16,PhonePe,ATM,Success
505556,101452,2030-01-24 03:24:00,Deposit,12036.56,29,Google Pay,UPI,Success
505557,101469,2030-01-29 15:23:00,UPI,17867.57,42,Amazon,Debit Card,Success
505558,101486,2030-02-04 03:22:00,Card Payment,23698.58,5,Flipkart,Credit Card,Success
505559,101503,2030-02-09 15:21:00,ATM Withdrawal,29529.59,18,Swiggy,Net Banking,Success
505560,101520,2030-02-15 03:20:00,Online Transfer,35360.6,31,Zomato,ATM,Success
505561,101537,2030-02-20 15:19:00,Cash Withdrawal,41191.61,44,Myntra,UPI,Pending
505562,101554,2030-02-26 03:18:00,Deposit,47022.62,7,Uber,Debit Card,Success
505563,101571,2030-03-03 15:17:00,UPI,2953.63,20,IRCTC,Credit Card,Success
505564,101588,2030-03-09 03:16:00,Card Payment,8784.64,33,Reliance,Net Banking,Success
505565,101605,2026-01-04 15:15:00,ATM Withdrawal,14615.65,46,DMart,ATM,Success
505566,101622,2026-01-10 03:14:00,Online Transfer,20446.66,9,Netflix,UPI,Success
505567,101639,2026-01-15 15:13:00,Cash Withdrawal,26277.67,22,PhonePe,Debit Card,Success
505568,101656,2026-01-21 03:12:00,Deposit,32108.68,35,Google Pay,Credit Card,Success
505569,101673,2026-01-26 15:11:00,UPI,37939.69,48,Amazon,Net Banking,Success
505570,101690,2026-02-01 03:10:00,Card Payment,43770.7,11,Flipkart,ATM,Success
505571,101707,2026-02-06 15:09:00,ATM Withdrawal,49601.71,24,Swiggy,UPI,Success
505572,101724,2026-02-12 03:08:00,Online Transfer,5532.72,37,Zomato,Debit Card,Success
505573,101741,2026-02-17 15:07:00,Cash Withdrawal,11363.73,50,Myntra,Credit Card,Success
505574,101758,2026-02-23 03:06:00,Deposit,17194.74,13,Uber,Net Banking,Success
505575,101775,2026-02-28 15:05:00,UPI,23025.75,26,IRCTC,ATM,Success
505576,101792,2026-03-06 03:04:00,Card Payment,28856.76,39,Reliance,UPI,Success
505577,101809,2026-03-11 15:03:00,ATM Withdrawal,34687.77,2,DMart,Debit Card,Success
505578,101826,2026-03-17 03:02:00,Online Transfer,40518.78,15,Netflix,Credit Card,Success
505579,101843,2026-03-22 15:01:00,Cash Withdrawal,46349.79,28,PhonePe,Net Banking,Success
505580,101860,2026-03-28 03:00:00,Deposit,2280.8,41,Google Pay,ATM,Success
505581,101877,2026-04-02 14:59:00,UPI,8111.81,4,Amazon,UPI,Success
505582,101894,2026-04-08 02:58:00,Card Payment,13942.82,17,Flipkart,Debit Card,Success
505583,101911,2026-04-13 14:57:00,ATM Withdrawal,19773.83,30,Swiggy,Credit Card,Success
505584,101928,2026-04-19 02:56:00,Online Transfer,25604.84,43,Zomato,Net Banking,Success
505585,101945,2026-04-24 14:55:00,Cash Withdrawal,31435.85,6,Myntra,ATM,Success
505586,101962,2026-04-30 02:54:00,Deposit,37266.86,19,Uber,UPI,Success
505587,101979,2026-05-05 14:53:00,UPI,43097.87,32,IRCTC,Debit Card,Success
505588,101996,2026-05-11 02:52:00,Card Payment,584828.0,45,Reliance,Credit Card,Success
505589,102013,2026-05-16 14:51:00,ATM Withdrawal,4859.89,8,DMart,Net Banking,Success
505590,102030,2026-05-22 02:50:00,Online Transfer,10690.9,21,Netflix,ATM,Success
505591,102047,2026-05-27 14:49:00,Cash Withdrawal,16521.91,34,PhonePe,UPI,Success
505592,102064,2026-06-02 02:48:00,Deposit,22352.92,47,Google Pay,Debit Card,Success
505593,102081,2026-06-07 14:47:00,UPI,28183.93,10,Amazon,Credit Card,Success
505594,102098,2026-06-13 02:46:00,Card Payment,34014.94,23,Flipkart,Net Banking,Success
505595,102115,2026-06-18 14:45:00,ATM Withdrawal,39845.95,36,Swiggy,ATM,Success
505596,102132,2026-06-24 02:44:00,Online Transfer,45676.96,49,Zomato,UPI,Success
505597,102149,2026-06-29 14:43:00,Cash Withdrawal,1607.97,12,Myntra,Debit Card,Success
505598,102166,2026-07-05 02:42:00,Deposit,7438.98,25,Uber,Credit Card,Success
505599,102183,2026-07-10 14:41:00,UPI,13269.99,38,IRCTC,Net Banking,Success
505600,102200,2026-07-16 02:40:00,Card Payment,19100.0,1,Reliance,ATM,Success
505601,102217,2026-07-21 14:39:00,ATM Withdrawal,24931.01,14,DMart,UPI,Success
505602,102234,2026-07-27 02:38:00,Online Transfer,30762.02,27,Netflix,Debit Card,Success
505603,102251,2026-08-01 14:37:00,Cash Withdrawal,36593.03,40,PhonePe,Credit Card,Success
505604,102268,2026-08-07 02:36:00,Deposit,42424.04,3,Google Pay,Net Banking,Success
505605,102285,2026-08-12 14:35:00,UPI,48255.05,16,Amazon,ATM,Success
505606,102302,2026-08-18 02:34:00,Card Payment,4186.06,29,Flipkart,UPI,Success
505607,102319,2026-08-23 14:33:00,ATM Withdrawal,399333.0,42,Swiggy,Debit Card,Success
505608,102336,2026-08-29 02:32:00,Online Transfer,15848.08,5,Zomato,Credit Card,Success
505609,102353,2026-09-03 14:31:00,Cash Withdrawal,21679.09,18,Myntra,Net Banking,Success
505610,102370,2026-09-09 02:30:00,Deposit,27510.1,31,Uber,ATM,Success
505611,102387,2026-09-14 14:29:00,UPI,33341.11,44,IRCTC,UPI,Success
505612,102404,2026-09-20 02:28:00,Card Payment,39172.12,7,Reliance,Debit Card,Success
505613,102421,2026-09-25 14:27:00,ATM Withdrawal,45003.13,20,DMart,Credit Card,Success
505614,102438,2026-10-01 02:26:00,Online Transfer,934.14,33,Netflix,Net Banking,Success
505615,102455,2026-10-06 14:25:00,Cash Withdrawal,6765.15,46,PhonePe,ATM,Success
505616,102472,2026-10-12 02:24:00,Deposit,12596.16,9,Google Pay,UPI,Success
505617,102489,2026-10-17 14:23:00,UPI,18427.17,22,Amazon,Debit Card,Success
505618,102506,2026-10-23 02:22:00,Card Payment,24258.18,35,Flipkart,Credit Card,Success
505619,102523,2026-10-28 14:21:00,ATM Withdrawal,30089.19,48,Swiggy,Net Banking,Success
505620,102540,2026-11-03 02:20:00,Online Transfer,35920.2,11,Zomato,ATM,Success
505621,102557,2026-11-08 14:19:00,Cash Withdrawal,41751.21,24,Myntra,UPI,Success
505622,102574,2026-11-14 02:18:00,Deposit,47582.22,37,Uber,Debit Card,Success
505623,102591,2026-11-19 14:17:00,UPI,3513.23,50,IRCTC,Credit Card,Success
505624,102608,2026-11-25 02:16:00,Card Payment,9344.24,13,Reliance,Net Banking,Success
505625,102625,2026-11-30 14:15:00,ATM Withdrawal,15175.25,26,DMart,ATM,Success
505626,102642,2026-12-06 02:14:00,Online Transfer,21006.26,39,Netflix,UPI,Success
505627,102659,2026-12-11 14:13:00,Cash Withdrawal,26837.27,2,PhonePe,Debit Card,Success
505628,102676,2026-12-17 02:12:00,Deposit,32668.28,15,Google Pay,Credit Card,Pending
505629,102693,2026-12-22 14:11:00,UPI,38499.29,28,Amazon,Net Banking,Success
505630,102710,2026-12-28 02:10:00,Card Payment,44330.3,41,Flipkart,ATM,Success
505631,102727,2027-01-02 14:09:00,ATM Withdrawal,261.31,4,Swiggy,UPI,Success
505632,102744,2027-01-08 02:08:00,Online Transfer,6092.32,17,Zomato,Debit Card,Success
505633,102761,2027-01-13 14:07:00,Cash Withdrawal,11923.33,30,Myntra,Credit Card,Success
505634,102778,2027-01-19 02:06:00,Deposit,17754.34,43,Uber,Net Banking,Success
505635,102795,2027-01-24 14:05:00,UPI,23585.35,6,IRCTC,ATM,Success
505636,102812,2027-01-30 02:04:00,Card Payment,29416.36,19,Reliance,UPI,Success
505637,102829,2027-02-04 14:03:00,ATM Withdrawal,35247.37,32,DMart,Debit Card,Success
505638,102846,2027-02-10 02:02:00,Online Transfer,41078.38,45,Netflix,Credit Card,Success
505639,102863,2027-02-15 14:01:00,Cash Withdrawal,46909.39,8,PhonePe,Net Banking,Success
505640,102880,2027-02-21 02:00:00,Deposit,2840.4,21,Google Pay,ATM,Success
505641,102897,2027-02-26 13:59:00,UPI,8671.41,34,Amazon,UPI,Success
505642,102914,2027-03-04 01:58:00,Card Payment,14502.42,47,Flipkart,Debit Card,Success
505643,102931,2027-03-09 13:57:00,ATM Withdrawal,20333.43,10,Swiggy,Credit Card,Success
505644,102948,2027-03-15 01:56:00,Online Transfer,26164.44,23,Zomato,Net Banking,Success
505645,102965,2027-03-20 13:55:00,Cash Withdrawal,31995.45,36,Myntra,ATM,Success
505646,102982,2027-03-26 01:54:00,Deposit,37826.46,49,Uber,UPI,Success
505647,102999,2027-03-31 13:53:00,UPI,43657.47,12,IRCTC,Debit Card,Success
505648,100016,2027-04-06 01:52:00,Card Payment,49488.48,25,Reliance,Credit Card,Success
505649,100033,2027-04-11 13:51:00,ATM Withdrawal,5419.49,38,DMart,Net Banking,Success
505650,100050,2027-04-17 01:50:00,Online Transfer,11250.5,1,Netflix,ATM,Failed
505651,100067,2027-04-22 13:49:00,Cash Withdrawal,17081.51,14,PhonePe,UPI,Success
505652,100084,2027-04-28 01:48:00,Deposit,22912.52,27,Google Pay,Debit Card,Success
505653,100101,2027-05-03 13:47:00,UPI,28743.53,40,Amazon,Credit Card,Success
505654,100118,2027-05-09 01:46:00,Card Payment,34574.54,3,Flipkart,Net Banking,Success
505655,100135,2027-05-14 13:45:00,ATM Withdrawal,40405.55,16,Swiggy,ATM,Success
505656,100152,2027-05-20 01:44:00,Online Transfer,46236.56,29,Zomato,UPI,Success
505657,100169,2027-05-25 13:43:00,Cash Withdrawal,2167.57,42,Myntra,Debit Card,Success
505658,100186,2027-05-31 01:42:00,Deposit,7998.58,5,Uber,Credit Card,Success
505659,100203,2027-06-05 13:41:00,UPI,13829.59,18,IRCTC,Net Banking,Success
505660,100220,2027-06-11 01:40:00,Card Payment,19660.6,31,Reliance,ATM,Success
505661,100237,2027-06-16 13:39:00,ATM Withdrawal,25491.61,44,DMart,UPI,Success
505662,100254,2027-06-22 01:38:00,Online Transfer,31322.62,7,Netflix,Debit Card,Success
505663,100271,2027-06-27 13:37:00,Cash Withdrawal,37153.63,20,PhonePe,Credit Card,Success
505664,100288,2027-07-03 01:36:00,Deposit,42984.64,33,Google Pay,Net Banking,Success
505665,100305,2027-07-08 13:35:00,UPI,48815.65,46,Amazon,ATM,Success
505666,100322,2027-07-14 01:34:00,Card Payment,4746.66,9,Flipkart,UPI,Success
505667,100339,2027-07-19 13:33:00,ATM Withdrawal,10577.67,22,Swiggy,Debit Card,Success
505668,100356,2027-07-25 01:32:00,Online Transfer,16408.68,35,Zomato,Credit Card,Success
505669,100373,2027-07-30 13:31:00,Cash Withdrawal,22239.69,48,Myntra,Net Banking,Success
505670,100390,2027-08-05 01:30:00,Deposit,28070.7,11,Uber,ATM,Success
505671,100407,2027-08-10 13:29:00,UPI,33901.71,24,IRCTC,UPI,Success
505672,100424,2027-08-16 01:28:00,Card Payment,39732.72,37,Reliance,Debit Card,Success
505673,100441,2027-08-21 13:27:00,ATM Withdrawal,45563.73,50,DMart,Credit Card,Success
505674,100458,2027-08-27 01:26:00,Online Transfer,1494.74,13,Netflix,Net Banking,Success
505675,100475,2027-09-01 13:25:00,Cash Withdrawal,7325.75,26,PhonePe,ATM,Success
505676,100492,2027-09-07 01:24:00,Deposit,13156.76,39,Google Pay,UPI,Success
505677,100509,2027-09-12 13:23:00,UPI,18987.77,2,Amazon,Debit Card,Success
505678,100526,2027-09-18 01:22:00,Card Payment,24818.78,15,Flipkart,Credit Card,Success
505679,100543,2027-09-23 13:21:00,ATM Withdrawal,30649.79,28,Swiggy,Net Banking,Success
505680,100560,2027-09-29 01:20:00,Online Transfer,36480.8,41,Zomato,ATM,Success
505681,100577,2027-10-04 13:19:00,Cash Withdrawal,42311.81,4,Myntra,UPI,Success
505682,100594,2027-10-10 01:18:00,Deposit,48142.82,17,Uber,Debit Card,Success
505683,100611,2027-10-15 13:17:00,UPI,4073.83,30,IRCTC,Credit Card,Success
505684,100628,2027-10-21 01:16:00,Card Payment,9904.84,43,Reliance,Net Banking,Success
505685,100645,2027-10-26 13:15:00,ATM Withdrawal,15735.85,6,DMart,ATM,Success
505686,100662,2027-11-01 01:14:00,Online Transfer,21566.86,19,Netflix,UPI,Success
505687,100679,2027-11-06 13:13:00,Cash Withdrawal,27397.87,32,PhonePe,Debit Card,Success
505688,100696,2027-11-12 01:12:00,Deposit,33228.88,45,Google Pay,Credit Card,Success
505689,100713,2027-11-17 13:11:00,UPI,39059.89,8,Amazon,Net Banking,Success
505690,100730,2027-11-23 01:10:00,Card Payment,44890.9,21,Flipkart,ATM,Success
505691,100747,2027-11-28 13:09:00,ATM Withdrawal,821.91,34,Swiggy,UPI,Success
505692,100764,2027-12-04 01:08:00,Online Transfer,6652.92,47,Zomato,Debit Card,Success
505693,100781,2027-12-09 13:07:00,Cash Withdrawal,12483.93,10,Myntra,Credit Card,Success
505694,100798,2027-12-15 01:06:00,Deposit,18314.94,23,Uber,Net Banking,Success
505695,100815,2027-12-20 13:05:00,UPI,24145.95,36,IRCTC,ATM,Pending
505696,100832,2027-12-26 01:04:00,Card Payment,436624.0,49,Reliance,UPI,Success
505697,100849,2027-12-31 13:03:00,ATM Withdrawal,35807.97,12,DMart,Debit Card,Success
505698,100866,2028-01-06 01:02:00,Online Transfer,41638.98,25,Netflix,Credit Card,Success
505699,100883,2028-01-11 13:01:00,Cash Withdrawal,47469.99,38,PhonePe,Net Banking,Success
505700,100900,2028-01-17 01:00:00,Deposit,3400.0,1,Google Pay,ATM,Success
505701,100917,2028-01-22 12:59:00,UPI,9231.01,14,Amazon,UPI,Success
505702,100934,2028-01-28 00:58:00,Card Payment,15062.02,27,Flipkart,Debit Card,Success
505703,100951,2028-02-02 12:57:00,ATM Withdrawal,20893.03,40,Swiggy,Credit Card,Success
505704,100968,2028-02-08 00:56:00,Online Transfer,26724.04,3,Zomato,Net Banking,Success
505705,100985,2028-02-13 12:55:00,Cash Withdrawal,32555.05,16,Myntra,ATM,Success
505706,101002,2028-02-19 00:54:00,Deposit,38386.06,29,Uber,UPI,Success
505707,101019,2028-02-24 12:53:00,UPI,44217.07,42,IRCTC,Debit Card,Success
505708,101036,2028-03-01 00:52:00,Card Payment,148.08,5,Reliance,Credit Card,Success
505709,101053,2028-03-06 12:51:00,ATM Withdrawal,5979.09,18,DMart,Net Banking,Success
505710,101070,2028-03-12 00:50:00,Online Transfer,11810.1,31,Netflix,ATM,Success
505711,101087,2028-03-17 12:49:00,Cash Withdrawal,17641.11,44,PhonePe,UPI,Success
505712,101104,2028-03-23 00:48:00,Deposit,23472.12,7,Google Pay,Debit Card,Success
505713,101121,2028-03-28 12:47:00,UPI,29303.13,20,Amazon,Credit Card,Success
505714,101138,2028-04-03 00:46:00,Card Payment,35134.14,33,Flipkart,Net Banking,Success
505715,101155,2028-04-08 12:45:00,ATM Withdrawal,677665.0,46,Swiggy,ATM,Success
505716,101172,2028-04-14 00:44:00,Online Transfer,46796.16,9,Zomato,UPI,Success
505717,101189,2028-04-19 12:43:00,Cash Withdrawal,2727.17,22,Myntra,Debit Card,Success
505718,101206,2028-04-25 00:42:00,Deposit,8558.18,35,Uber,Credit Card,Success
505719,101223,2028-04-30 12:41:00,UPI,14389.19,48,IRCTC,Net Banking,Success
505720,101240,2028-05-06 00:40:00,Card Payment,20220.2,11,Reliance,ATM,Success
505721,101257,2028-05-11 12:39:00,ATM Withdrawal,26051.21,24,DMart,UPI,Success
505722,101274,2028-05-17 00:38:00,Online Transfer,31882.22,37,Netflix,Debit Card,Success
505723,101291,2028-05-22 12:37:00,Cash Withdrawal,37713.23,50,PhonePe,Credit Card,Success
505724,101308,2028-05-28 00:36:00,Deposit,43544.24,13,Google Pay,Net Banking,Success
505725,101325,2028-06-02 12:35:00,UPI,49375.25,26,Amazon,ATM,Success
505726,101342,2028-06-08 00:34:00,Card Payment,5306.26,39,Flipkart,UPI,Success
505727,101359,2028-06-13 12:33:00,ATM Withdrawal,11137.27,2,Swiggy,Debit Card,Success
505728,101376,2028-06-19 00:32:00,Online Transfer,16968.28,15,Zomato,Credit Card,Success
505729,101393,2028-06-24 12:31:00,Cash Withdrawal,22799.29,28,Myntra,Net Banking,Success
505730,101410,2028-06-30 00:30:00,Deposit,28630.3,41,Uber,ATM,Success
505731,101427,2028-07-05 12:29:00,UPI,34461.31,4,IRCTC,UPI,Success
505732,101444,2028-07-11 00:28:00,Card Payment,40292.32,17,Reliance,Debit Card,Success
505733,101461,2028-07-16 12:27:00,ATM Withdrawal,46123.33,30,DMart,Credit Card,Success
505734,101478,2028-07-22 00:26:00,Online Transfer,2054.34,43,Netflix,Net Banking,Success
505735,101495,2028-07-27 12:25:00,Cash Withdrawal,7885.35,6,PhonePe,ATM,Success
505736,101512,2028-08-02 00:24:00,Deposit,13716.36,19,Google Pay,UPI,Success
505737,101529,2028-08-07 12:23:00,UPI,19547.37,32,Amazon,Debit Card,Success
505738,101546,2028-08-13 00:22:00,Card Payment,25378.38,45,Flipkart,Credit Card,Success
505739,101563,2028-08-18 12:21:00,ATM Withdrawal,31209.39,8,Swiggy,Net Banking,Success
505740,101580,2028-08-24 00:20:00,Online Transfer,37040.4,21,Zomato,ATM,Success
505741,101597,2028-08-29 12:19:00,Cash Withdrawal,42871.41,34,Myntra,UPI,Success
505742,101614,2028-09-04 00:18:00,Deposit,48702.42,47,Uber,Debit Card,Success
505743,101631,2028-09-09 12:17:00,UPI,4633.43,10,IRCTC,Credit Card,Success
505744,101648,2028-09-15 00:16:00,Card Payment,10464.44,23,Reliance,Net Banking,Success
505745,101665,2028-09-20 12:15:00,ATM Withdrawal,16295.45,36,DMart,ATM,Success
505746,101682,2028-09-26 00:14:00,Online Transfer,22126.46,49,Netflix,UPI,Success
505747,101699,2028-10-01 12:13:00,Cash Withdrawal,27957.47,12,PhonePe,Debit Card,Success
505748,101716,2028-10-07 00:12:00,Deposit,33788.48,25,Google Pay,Credit Card,Success
505749,101733,2028-10-12 12:11:00,UPI,39619.49,38,Amazon,Net Banking,Success
505750,101750,2028-10-18 00:10:00,Card Payment,45450.5,1,Flipkart,ATM,Success
505751,101767,2028-10-23 12:09:00,ATM Withdrawal,1381.51,14,Swiggy,UPI,Success
505752,101784,2028-10-29 00:08:00,Online Transfer,7212.52,27,Zomato,Debit Card,Success
505753,101801,2028-11-03 12:07:00,Cash Withdrawal,13043.53,40,Myntra,Credit Card,Success
505754,101818,2028-11-09 00:06:00,Deposit,18874.54,3,Uber,Net Banking,Success
505755,101835,2028-11-14 12:05:00,UPI,24705.55,16,IRCTC,ATM,Success
505756,101852,2028-11-20 00:04:00,Card Payment,30536.56,29,Reliance,UPI,Success
505757,101869,2028-11-25 12:03:00,ATM Withdrawal,36367.57,42,DMart,Debit Card,Success
505758,101886,2028-12-01 00:02:00,Online Transfer,42198.58,5,Netflix,Credit Card,Success
505759,101903,2028-12-06 12:01:00,Cash Withdrawal,48029.59,18,PhonePe,Net Banking,Success
505760,101920,2028-12-12 00:00:00,Deposit,3960.6,31,Google Pay,ATM,Success
505761,101937,2028-12-17 11:59:00,UPI,9791.61,44,Amazon,UPI,Success
505762,101954,2028-12-22 23:58:00,Card Payment,15622.62,7,Flipkart,Debit Card,Pending
505763,101971,2028-12-28 11:57:00,ATM Withdrawal,21453.63,20,Swiggy,Credit Card,Failed
505764,101988,2029-01-02 23:56:00,Online Transfer,27284.64,33,Zomato,Net Banking,Success
505765,102005,2029-01-08 11:55:00,Cash Withdrawal,33115.65,46,Myntra,ATM,Success
505766,102022,2029-01-13 23:54:00,Deposit,38946.66,9,Uber,UPI,Success
505767,102039,2029-01-19 11:53:00,UPI,44777.67,22,IRCTC,Debit Card,Success
505768,102056,2029-01-24 23:52:00,Card Payment,708.68,35,Reliance,Credit Card,Success
505769,102073,2029-01-30 11:51:00,ATM Withdrawal,6539.69,48,DMart,Net Banking,Success
505770,102090,2029-02-04 23:50:00,Online Transfer,12370.7,11,Netflix,ATM,Success
505771,102107,2029-02-10 11:49:00,Cash Withdrawal,18201.71,24,PhonePe,UPI,Success
505772,102124,2029-02-15 23:48:00,Deposit,24032.72,37,Google Pay,Debit Card,Success
505773,102141,2029-02-21 11:47:00,UPI,29863.73,50,Amazon,Credit Card,Success
505774,102158,2029-02-26 23:46:00,Card Payment,35694.74,13,Flipkart,Net Banking,Success
505775,102175,2029-03-04 11:45:00,ATM Withdrawal,41525.75,26,Swiggy,ATM,Success
505776,102192,2029-03-09 23:44:00,Online Transfer,47356.76,39,Zomato,UPI,Success
505777,102209,2029-03-15 11:43:00,Cash Withdrawal,3287.77,2,Myntra,Debit Card,Success
505778,102226,2029-03-20 23:42:00,Deposit,9118.78,15,Uber,Credit Card,Success
505779,102243,2029-03-26 11:41:00,UPI,14949.79,28,IRCTC,Net Banking,Success
505780,102260,2029-03-31 23:40:00,Card Payment,20780.8,41,Reliance,ATM,Success
505781,102277,2029-04-06 11:39:00,ATM Withdrawal,26611.81,4,DMart,UPI,Success
505782,102294,2029-04-11 23:38:00,Online Transfer,32442.82,17,Netflix,Debit Card,Success
505783,102311,2029-04-17 11:37:00,Cash Withdrawal,38273.83,30,PhonePe,Credit Card,Success
505784,102328,2029-04-22 23:36:00,Deposit,44104.84,43,Google Pay,Net Banking,Success
505785,102345,2029-04-28 11:35:00,UPI,173915.0,6,Amazon,ATM,Success
505786,102362,2029-05-03 23:34:00,Card Payment,5866.86,19,Flipkart,UPI,Success
505787,102379,2029-05-09 11:33:00,ATM Withdrawal,11697.87,32,Swiggy,Debit Card,Success
505788,102396,2029-05-14 23:32:00,Online Transfer,17528.88,45,Zomato,Credit Card,Success
505789,102413,2029-05-20 11:31:00,Cash Withdrawal,23359.89,8,Myntra,Net Banking,Success
505790,102430,2029-05-25 23:30:00,Deposit,29190.9,21,Uber,ATM,Success
505791,102447,2029-05-31 11:29:00,UPI,35021.91,34,IRCTC,UPI,Success
505792,102464,2029-06-05 23:28:00,Card Payment,40852.92,47,Reliance,Debit Card,Success
505793,102481,2029-06-11 11:27:00,ATM Withdrawal,46683.93,10,DMart,Credit Card,Success
505794,102498,2029-06-16 23:26:00,Online Transfer,2614.94,23,Netflix,Net Banking,Success
505795,102515,2029-06-22 11:25:00,Cash Withdrawal,8445.95,36,PhonePe,ATM,Success
505796,102532,2029-06-27 23:24:00,Deposit,14276.96,49,Google Pay,UPI,Success
505797,102549,2029-07-03 11:23:00,UPI,20107.97,12,Amazon,Debit Card,Success
505798,102566,2029-07-08 23:22:00,Card Payment,25938.98,25,Flipkart,Credit Card,Success
505799,102583,2029-07-14 11:21:00,ATM Withdrawal,31769.99,38,Swiggy,Net Banking,Success
505800,102600,2029-07-19 23:20:00,Online Transfer,37600.0,1,Zomato,ATM,Success
505801,102617,2029-07-25 11:19:00,Cash Withdrawal,43431.01,14,Myntra,UPI,Success
505802,102634,2029-07-30 23:18:00,Deposit,49262.02,27,Uber,Debit Card,Success
505803,102651,2029-08-05 11:17:00,UPI,5193.03,40,IRCTC,Credit Card,Success
505804,102668,2029-08-10 23:16:00,Card Payment,11024.04,3,Reliance,Net Banking,Success
505805,102685,2029-08-16 11:15:00,ATM Withdrawal,16855.05,16,DMart,ATM,Success
505806,102702,2029-08-21 23:14:00,Online Transfer,22686.06,29,Netflix,UPI,Success
505807,102719,2029-08-27 11:13:00,Cash Withdrawal,28517.07,42,PhonePe,Debit Card,Success
505808,102736,2029-09-01 23:12:00,Deposit,34348.08,5,Google Pay,Credit Card,Success
505809,102753,2029-09-07 11:11:00,UPI,40179.09,18,Amazon,Net Banking,Success
505810,102770,2029-09-12 23:10:00,Card Payment,46010.1,31,Flipkart,ATM,Success
505811,102787,2029-09-18 11:09:00,ATM Withdrawal,1941.11,44,Swiggy,UPI,Success
505812,102804,2029-09-23 23:08:00,Online Transfer,7772.12,7,Zomato,Debit Card,Success
505813,102821,2029-09-29 11:07:00,Cash Withdrawal,13603.13,20,Myntra,Credit Card,Success
505814,102838,2029-10-04 23:06:00,Deposit,19434.14,33,Uber,Net Banking,Success
505815,102855,2029-10-10 11:05:00,UPI,25265.15,46,IRCTC,ATM,Success
505816,102872,2029-10-15 23:04:00,Card Payment,31096.16,9,Reliance,UPI,Success
505817,102889,2029-10-21 11:03:00,ATM Withdrawal,36927.17,22,DMart,Debit Card,Success
505818,102906,2029-10-26 23:02:00,Online Transfer,42758.18,35,Netflix,Credit Card,Success
505819,102923,2029-11-01 11:01:00,Cash Withdrawal,48589.19,48,PhonePe,Net Banking,Success
505820,102940,2029-11-06 23:00:00,Deposit,4520.2,11,Google Pay,ATM,Success
505821,102957,2029-11-12 10:59:00,UPI,10351.21,24,Amazon,UPI,Success
505822,102974,2029-11-17 22:58:00,Card Payment,16182.22,37,Flipkart,Debit Card,Success
505823,102991,2029-11-23 10:57:00,ATM Withdrawal,22013.23,50,Swiggy,Credit Card,Success
505824,100008,2029-11-28 22:56:00,Online Transfer,27844.24,13,Zomato,Net Banking,Success
505825,100025,2029-12-04 10:55:00,Cash Withdrawal,33675.25,26,Myntra,ATM,Success
505826,100042,2029-12-09 22:54:00,Deposit,39506.26,39,Uber,UPI,Success
505827,100059,2029-12-15 10:53:00,UPI,45337.27,2,IRCTC,Debit Card,Success
505828,100076,2029-12-20 22:52:00,Card Payment,1268.28,15,Reliance,Credit Card,Success
505829,100093,2029-12-26 10:51:00,ATM Withdrawal,7099.29,28,DMart,Net Banking,Pending
505830,100110,2029-12-31 22:50:00,Online Transfer,12930.3,41,Netflix,ATM,Success
505831,100127,2030-01-06 10:49:00,Cash Withdrawal,18761.31,4,PhonePe,UPI,Success
505832,100144,2030-01-11 22:48:00,Deposit,24592.32,17,Google Pay,Debit Card,Success
505833,100161,2030-01-17 10:47:00,UPI,30423.33,30,Amazon,Credit Card,Success
505834,100178,2030-01-22 22:46:00,Card Payment,36254.34,43,Flipkart,Net Banking,Success
505835,100195,2030-01-28 10:45:00,ATM Withdrawal,42085.35,6,Swiggy,ATM,Success
505836,100212,2030-02-02 22:44:00,Online Transfer,47916.36,19,Zomato,UPI,Success
505837,100229,2030-02-08 10:43:00,Cash Withdrawal,3847.37,32,Myntra,Debit Card,Success
505838,100246,2030-02-13 22:42:00,Deposit,9678.38,45,Uber,Credit Card,Success
505839,100263,2030-02-19 10:41:00,UPI,15509.39,8,IRCTC,Net Banking,Success
505840,100280,2030-02-24 22:40:00,Card Payment,21340.4,21,Reliance,ATM,Success
505841,100297,2030-03-02 10:39:00,ATM Withdrawal,27171.41,34,DMart,UPI,Success
505842,100314,2030-03-07 22:38:00,Online Transfer,770502.0,47,Netflix,Debit Card,Success
505843,100331,2026-01-03 10:37:00,Cash Withdrawal,38833.43,10,PhonePe,Credit Card,Success
505844,100348,2026-01-08 22:36:00,Deposit,44664.44,23,Google Pay,Net Banking,Success
505845,100365,2026-01-14 10:35:00,UPI,595.45,36,Amazon,ATM,Success
505846,100382,2026-01-19 22:34:00,Card Payment,6426.46,49,Flipkart,UPI,Success
505847,100399,2026-01-25 10:33:00,ATM Withdrawal,12257.47,12,Swiggy,Debit Card,Success
505848,100416,2026-01-30 22:32:00,Online Transfer,18088.48,25,Zomato,Credit Card,Success
505849,100433,2026-02-05 10:31:00,Cash Withdrawal,23919.49,38,Myntra,Net Banking,Success
505850,100450,2026-02-10 22:30:00,Deposit,29750.5,1,Uber,ATM,Success
505851,100467,2026-02-16 10:29:00,UPI,35581.51,14,IRCTC,UPI,Success
505852,100484,2026-02-21 22:28:00,Card Payment,41412.52,27,Reliance,Debit Card,Success
505853,100501,2026-02-27 10:27:00,ATM Withdrawal,47243.53,40,DMart,Credit Card,Success
505854,100518,2026-03-04 22:26:00,Online Transfer,3174.54,3,Netflix,Net Banking,Success
505855,100535,2026-03-10 10:25:00,Cash Withdrawal,9005.55,16,PhonePe,ATM,Success
505856,100552,2026-03-15 22:24:00,Deposit,14836.56,29,Google Pay,UPI,Success
505857,100569,2026-03-21 10:23:00,UPI,20667.57,42,Amazon,Debit Card,Success
505858,100586,2026-03-26 22:22:00,Card Payment,26498.58,5,Flipkart,Credit Card,Success
505859,100603,2026-04-01 10:21:00,ATM Withdrawal,32329.59,18,Swiggy,Net Banking,Success
505860,100620,2026-04-06 22:20:00,Online Transfer,38160.6,31,Zomato,ATM,Success
505861,100637,2026-04-12 10:19:00,Cash Withdrawal,43991.61,44,Myntra,UPI,Success
505862,100654,2026-04-17 22:18:00,Deposit,49822.62,7,Uber,Debit Card,Success
505863,100671,2026-04-23 10:17:00,UPI,5753.63,20,IRCTC,Credit Card,Success
505864,100688,2026-04-28 22:16:00,Card Payment,11584.64,33,Reliance,Net Banking,Success
505865,100705,2026-05-04 10:15:00,ATM Withdrawal,17415.65,46,DMart,ATM,Success
505866,100722,2026-05-09 22:14:00,Online Transfer,23246.66,9,Netflix,UPI,Success
505867,100739,2026-05-15 10:13:00,Cash Withdrawal,29077.67,22,PhonePe,Debit Card,Success
505868,100756,2026-05-20 22:12:00,Deposit,34908.68,35,Google Pay,Credit Card,Success
505869,100773,2026-05-26 10:11:00,UPI,40739.69,48,Amazon,Net Banking,Success
505870,100790,2026-05-31 22:10:00,Card Payment,46570.7,11,Flipkart,ATM,Success
505871,100807,2026-06-06 10:09:00,ATM Withdrawal,2501.71,24,Swiggy,UPI,Success
505872,100824,2026-06-11 22:08:00,Online Transfer,8332.72,37,Zomato,Debit Card,Success
505873,100841,2026-06-17 10:07:00,Cash Withdrawal,14163.73,50,Myntra,Credit Card,Success
505874,100858,2026-06-22 22:06:00,Deposit,211206.0,13,Uber,Net Banking,Success
505875,100875,2026-06-28 10:05:00,UPI,25825.75,26,IRCTC,ATM,Success
505876,100892,2026-07-03 22:04:00,Card Payment,31656.76,39,Reliance,UPI,Failed
505877,100909,2026-07-09 10:03:00,ATM Withdrawal,37487.77,2,DMart,Debit Card,Success
505878,100926,2026-07-14 22:02:00,Online Transfer,43318.78,15,Netflix,Credit Card,Success
505879,100943,2026-07-20 10:01:00,Cash Withdrawal,49149.79,28,PhonePe,Net Banking,Success
505880,100960,2026-07-25 22:00:00,Deposit,5080.8,41,Google Pay,ATM,Success
505881,100977,2026-07-31 09:59:00,UPI,10911.81,4,Amazon,UPI,Success
505882,100994,2026-08-05 21:58:00,Card Payment,16742.82,17,Flipkart,Debit Card,Success
505883,101011,2026-08-11 09:57:00,ATM Withdrawal,22573.83,30,Swiggy,Credit Card,Success
505884,101028,2026-08-16 21:56:00,Online Transfer,28404.84,43,Zomato,Net Banking,Success
505885,101045,2026-08-22 09:55:00,Cash Withdrawal,34235.85,6,Myntra,ATM,Success
505886,101062,2026-08-27 21:54:00,Deposit,40066.86,19,Uber,UPI,Success
505887,101079,2026-09-02 09:53:00,UPI,45897.87,32,IRCTC,Debit Card,Success
505888,101096,2026-09-07 21:52:00,Card Payment,1828.88,45,Reliance,Credit Card,Success
505889,101113,2026-09-13 09:51:00,ATM Withdrawal,7659.89,8,DMart,Net Banking,Success
505890,101130,2026-09-18 21:50:00,Online Transfer,13490.9,21,Netflix,ATM,Success
505891,101147,2026-09-24 09:49:00,Cash Withdrawal,19321.91,34,PhonePe,UPI,Success
505892,101164,2026-09-29 21:48:00,Deposit,25152.92,47,Google Pay,Debit Card,Success
505893,101181,2026-10-05 09:47:00,UPI,30983.93,10,Amazon,Credit Card,Success
505894,101198,2026-10-10 21:46:00,Card Payment,36814.94,23,Flipkart,Net Banking,Success
505895,101215,2026-10-16 09:45:00,ATM Withdrawal,42645.95,36,Swiggy,ATM,Success
505896,101232,2026-10-21 21:44:00,Online Transfer,48476.96,49,Zomato,UPI,Pending
505897,101249,2026-10-27 09:43:00,Cash Withdrawal,4407.97,12,Myntra,Debit Card,Success
505898,101266,2026-11-01 21:42:00,Deposit,10238.98,25,Uber,Credit Card,Success
505899,101283,2026-11-07 09:41:00,UPI,16069.99,38,IRCTC,Net Banking,Success
505900,101300,2026-11-12 21:40:00,Card Payment,21900.0,1,Reliance,ATM,Success
505901,101317,2026-11-18 09:39:00,ATM Withdrawal,27731.01,14,DMart,UPI,Success
505902,101334,2026-11-23 21:38:00,Online Transfer,33562.02,27,Netflix,Debit Card,Success
505903,101351,2026-11-29 09:37:00,Cash Withdrawal,39393.03,40,PhonePe,Credit Card,Success
505904,101368,2026-12-04 21:36:00,Deposit,45224.04,3,Google Pay,Net Banking,Success
505905,101385,2026-12-10 09:35:00,UPI,1155.05,16,Amazon,ATM,Success
505906,101402,2026-12-15 21:34:00,Card Payment,6986.06,29,Flipkart,UPI,Success
505907,101419,2026-12-21 09:33:00,ATM Withdrawal,12817.07,42,Swiggy,Debit Card,Success
505908,101436,2026-12-26 21:32:00,Online Transfer,18648.08,5,Zomato,Credit Card,Success
505909,101453,2027-01-01 09:31:00,Cash Withdrawal,24479.09,18,Myntra,Net Banking,Success
505910,101470,2027-01-06 21:30:00,Deposit,30310.1,31,Uber,ATM,Success
505911,101487,2027-01-12 09:29:00,UPI,36141.11,44,IRCTC,UPI,Success
505912,101504,2027-01-17 21:28:00,Card Payment,41972.12,7,Reliance,Debit Card,Success
505913,101521,2027-01-23 09:27:00,ATM Withdrawal,47803.13,20,DMart,Credit Card,Success
505914,101538,2027-01-28 21:26:00,Online Transfer,3734.14,33,Netflix,Net Banking,Success
505915,101555,2027-02-03 09:25:00,Cash Withdrawal,9565.15,46,PhonePe,ATM,Success
505916,101572,2027-02-08 21:24:00,Deposit,15396.16,9,Google Pay,UPI,Success
505917,101589,2027-02-14 09:23:00,UPI,21227.17,22,Amazon,Debit Card,Success
505918,101606,2027-02-19 21:22:00,Card Payment,27058.18,35,Flipkart,Credit Card,Success
505919,101623,2027-02-25 09:21:00,ATM Withdrawal,32889.19,48,Swiggy,Net Banking,Success
505920,101640,2027-03-02 21:20:00,Online Transfer,38720.2,11,Zomato,ATM,Success
505921,101657,2027-03-08 09:19:00,Cash Withdrawal,44551.21,24,Myntra,UPI,Success
505922,101674,2027-03-13 21:18:00,Deposit,482.22,37,Uber,Debit Card,Success
505923,101691,2027-03-19 09:17:00,UPI,6313.23,50,IRCTC,Credit Card,Success
505924,101708,2027-03-24 21:16:00,Card Payment,12144.24,13,Reliance,Net Banking,Success
505925,101725,2027-03-30 09:15:00,ATM Withdrawal,17975.25,26,DMart,ATM,Success
505926,101742,2027-04-04 21:14:00,Online Transfer,23806.26,39,Netflix,UPI,Success
505927,101759,2027-04-10 09:13:00,Cash Withdrawal,29637.27,2,PhonePe,Debit Card,Success
505928,101776,2027-04-15 21:12:00,Deposit,35468.28,15,Google Pay,Credit Card,Success
505929,101793,2027-04-21 09:11:00,UPI,41299.29,28,Amazon,Net Banking,Success
505930,101810,2027-04-26 21:10:00,Card Payment,47130.3,41,Flipkart,ATM,Success
505931,101827,2027-05-02 09:09:00,ATM Withdrawal,3061.31,4,Swiggy,UPI,Success
505932,101844,2027-05-07 21:08:00,Online Transfer,8892.32,17,Zomato,Debit Card,Success
505933,101861,2027-05-13 09:07:00,Cash Withdrawal,14723.33,30,Myntra,Credit Card,Success
505934,101878,2027-05-18 21:06:00,Deposit,20554.34,43,Uber,Net Banking,Success
505935,101895,2027-05-24 09:05:00,UPI,26385.35,6,IRCTC,ATM,Success
505936,101912,2027-05-29 21:04:00,Card Payment,32216.36,19,Reliance,UPI,Success
505937,101929,2027-06-04 09:03:00,ATM Withdrawal,38047.37,32,DMart,Debit Card,Success
505938,101946,2027-06-09 21:02:00,Online Transfer,43878.38,45,Netflix,Credit Card,Success
505939,101963,2027-06-15 09:01:00,Cash Withdrawal,49709.39,8,PhonePe,Net Banking,Success
505940,101980,2027-06-20 21:00:00,Deposit,5640.4,21,Google Pay,ATM,Success
505941,101997,2027-06-26 08:59:00,UPI,11471.41,34,Amazon,UPI,Success
505942,102014,2027-07-01 20:58:00,Card Payment,17302.42,47,Flipkart,Debit Card,Success
505943,102031,2027-07-07 08:57:00,ATM Withdrawal,23133.43,10,Swiggy,Credit Card,Success
505944,102048,2027-07-12 20:56:00,Online Transfer,28964.44,23,Zomato,Net Banking,Success
505945,102065,2027-07-18 08:55:00,Cash Withdrawal,34795.45,36,Myntra,ATM,Success
505946,102082,2027-07-23 20:54:00,Deposit,40626.46,49,Uber,UPI,Success
505947,102099,2027-07-29 08:53:00,UPI,46457.47,12,IRCTC,Debit Card,Success
505948,102116,2027-08-03 20:52:00,Card Payment,2388.48,25,Reliance,Credit Card,Success
505949,102133,2027-08-09 08:51:00,ATM Withdrawal,8219.49,38,DMart,Net Banking,Success
505950,102150,2027-08-14 20:50:00,Online Transfer,14050.5,1,Netflix,ATM,Success
505951,102167,2027-08-20 08:49:00,Cash Withdrawal,19881.51,14,PhonePe,UPI,Success
505952,102184,2027-08-25 20:48:00,Deposit,25712.52,27,Google Pay,Debit Card,Success
505953,102201,2027-08-31 08:47:00,UPI,31543.53,40,Amazon,Credit Card,Success
505954,102218,2027-09-05 20:46:00,Card Payment,37374.54,3,Flipkart,Net Banking,Success
505955,102235,2027-09-11 08:45:00,ATM Withdrawal,43205.55,16,Swiggy,ATM,Success
505956,102252,2027-09-16 20:44:00,Online Transfer,49036.56,29,Zomato,UPI,Success
505957,102269,2027-09-22 08:43:00,Cash Withdrawal,4967.57,42,Myntra,Debit Card,Success
505958,102286,2027-09-27 20:42:00,Deposit,10798.58,5,Uber,Credit Card,Success
505959,102303,2027-10-03 08:41:00,UPI,16629.59,18,IRCTC,Net Banking,Success
505960,102320,2027-10-08 20:40:00,Card Payment,22460.6,31,Reliance,ATM,Success
505961,102337,2027-10-14 08:39:00,ATM Withdrawal,28291.61,44,DMart,UPI,Success
505962,102354,2027-10-19 20:38:00,Online Transfer,34122.62,7,Netflix,Debit Card,Success
505963,102371,2027-10-25 08:37:00,Cash Withdrawal,248497.0,20,PhonePe,Credit Card,Pending
505964,102388,2027-10-30 20:36:00,Deposit,45784.64,33,Google Pay,Net Banking,Success
505965,102405,2027-11-05 08:35:00,UPI,1715.65,46,Amazon,ATM,Success
505966,102422,2027-11-10 20:34:00,Card Payment,7546.66,9,Flipkart,UPI,Success
505967,102439,2027-11-16 08:33:00,ATM Withdrawal,13377.67,22,Swiggy,Debit Card,Success
505968,102456,2027-11-21 20:32:00,Online Transfer,19208.68,35,Zomato,Credit Card,Success
505969,102473,2027-11-27 08:31:00,Cash Withdrawal,863339.0,48,Myntra,Net Banking,Success
505970,102490,2027-12-02 20:30:00,Deposit,30870.7,11,Uber,ATM,Success
505971,102507,2027-12-08 08:29:00,UPI,36701.71,24,IRCTC,UPI,Success
505972,102524,2027-12-13 20:28:00,Card Payment,42532.72,37,Reliance,Debit Card,Success
505973,102541,2027-12-19 08:27:00,ATM Withdrawal,48363.73,50,DMart,Credit Card,Success
505974,102558,2027-12-24 20:26:00,Online Transfer,4294.74,13,Netflix,Net Banking,Success
505975,102575,2027-12-30 08:25:00,Cash Withdrawal,10125.75,26,PhonePe,ATM,Success
505976,102592,2028-01-04 20:24:00,Deposit,15956.76,39,Google Pay,UPI,Success
505977,102609,2028-01-10 08:23:00,UPI,21787.77,2,Amazon,Debit Card,Success
505978,102626,2028-01-15 20:22:00,Card Payment,27618.78,15,Flipkart,Credit Card,Success
505979,102643,2028-01-21 08:21:00,ATM Withdrawal,33449.79,28,Swiggy,Net Banking,Success
505980,102660,2028-01-26 20:20:00,Online Transfer,39280.8,41,Zomato,ATM,Success
505981,102677,2028-02-01 08:19:00,Cash Withdrawal,45111.81,4,Myntra,UPI,Success
505982,102694,2028-02-06 20:18:00,Deposit,1042.82,17,Uber,Debit Card,Success
505983,102711,2028-02-12 08:17:00,UPI,6873.83,30,IRCTC,Credit Card,Success
505984,102728,2028-02-17 20:16:00,Card Payment,12704.84,43,Reliance,Net Banking,Success
505985,102745,2028-02-23 08:15:00,ATM Withdrawal,18535.85,6,DMart,ATM,Success
505986,102762,2028-02-28 20:14:00,Online Transfer,24366.86,19,Netflix,UPI,Success
505987,102779,2028-03-05 08:13:00,Cash Withdrawal,30197.87,32,PhonePe,Debit Card,Success
505988,102796,2028-03-10 20:12:00,Deposit,36028.88,45,Google Pay,Credit Card,Success
505989,102813,2028-03-16 08:11:00,UPI,41859.89,8,Amazon,Net Banking,Failed
505990,102830,2028-03-21 20:10:00,Card Payment,47690.9,21,Flipkart,ATM,Success
505991,102847,2028-03-27 08:09:00,ATM Withdrawal,3621.91,34,Swiggy,UPI,Success
505992,102864,2028-04-01 20:08:00,Online Transfer,9452.92,47,Zomato,Debit Card,Success
505993,102881,2028-04-07 08:07:00,Cash Withdrawal,15283.93,10,Myntra,Credit Card,Success
505994,102898,2028-04-12 20:06:00,Deposit,21114.94,23,Uber,Net Banking,Success
505995,102915,2028-04-18 08:05:00,UPI,26945.95,36,IRCTC,ATM,Success
505996,102932,2028-04-23 20:04:00,Card Payment,32776.96,49,Reliance,UPI,Success
505997,102949,2028-04-29 08:03:00,ATM Withdrawal,38607.97,12,DMart,Debit Card,Success
505998,102966,2028-05-04 20:02:00,Online Transfer,44438.98,25,Netflix,Credit Card,Success
505999,102983,2028-05-10 08:01:00,Cash Withdrawal,369.99,38,PhonePe,Net Banking,Success
506000,100000,2028-05-15 20:00:00,Deposit,6200.0,1,Google Pay,ATM,Success
506001,100017,2028-05-21 07:59:00,UPI,12031.01,14,Amazon,UPI,Success
506002,100034,2028-05-26 19:58:00,Card Payment,17862.02,27,Flipkart,Debit Card,Success
506003,100051,2028-06-01 07:57:00,ATM Withdrawal,23693.03,40,Swiggy,Credit Card,Success
506004,100068,2028-06-06 19:56:00,Online Transfer,29524.04,3,Zomato,Net Banking,Success
506005,100085,2028-06-12 07:55:00,Cash Withdrawal,35355.05,16,Myntra,ATM,Success
506006,100102,2028-06-17 19:54:00,Deposit,41186.06,29,Uber,UPI,Success
506007,100119,2028-06-23 07:53:00,UPI,47017.07,42,IRCTC,Debit Card,Success
506008,100136,2028-06-28 19:52:00,Card Payment,2948.08,5,Reliance,Credit Card,Success
506009,100153,2028-07-04 07:51:00,ATM Withdrawal,8779.09,18,DMart,Net Banking,Success
506010,100170,2028-07-09 19:50:00,Online Transfer,14610.1,31,Netflix,ATM,Success
506011,100187,2028-07-15 07:49:00,Cash Withdrawal,20441.11,44,PhonePe,UPI,Success
506012,100204,2028-07-20 19:48:00,Deposit,26272.12,7,Google Pay,Debit Card,Success
506013,100221,2028-07-26 07:47:00,UPI,32103.13,20,Amazon,Credit Card,Success
506014,100238,2028-07-31 19:46:00,Card Payment,37934.14,33,Flipkart,Net Banking,Success
506015,100255,2028-08-06 07:45:00,ATM Withdrawal,43765.15,46,Swiggy,ATM,Success
506016,100272,2028-08-11 19:44:00,Online Transfer,49596.16,9,Zomato,UPI,Success
506017,100289,2028-08-17 07:43:00,Cash Withdrawal,5527.17,22,Myntra,Debit Card,Success
506018,100306,2028-08-22 19:42:00,Deposit,11358.18,35,Uber,Credit Card,Success
506019,100323,2028-08-28 07:41:00,UPI,17189.19,48,IRCTC,Net Banking,Success
506020,100340,2028-09-02 19:40:00,Card Payment,23020.2,11,Reliance,ATM,Success
506021,100357,2028-09-08 07:39:00,ATM Withdrawal,28851.21,24,DMart,UPI,Success
506022,100374,2028-09-13 19:38:00,Online Transfer,34682.22,37,Netflix,Debit Card,Success
506023,100391,2028-09-19 07:37:00,Cash Withdrawal,40513.23,50,PhonePe,Credit Card,Success
506024,100408,2028-09-24 19:36:00,Deposit,46344.24,13,Google Pay,Net Banking,Success
506025,100425,2028-09-30 07:35:00,UPI,2275.25,26,Amazon,ATM,Success
506026,100442,2028-10-05 19:34:00,Card Payment,8106.26,39,Flipkart,UPI,Success
506027,100459,2028-10-11 07:33:00,ATM Withdrawal,13937.27,2,Swiggy,Debit Card,Success
506028,100476,2028-10-16 19:32:00,Online Transfer,19768.28,15,Zomato,Credit Card,Success
506029,100493,2028-10-22 07:31:00,Cash Withdrawal,25599.29,28,Myntra,Net Banking,Success
506030,100510,2028-10-27 19:30:00,Deposit,31430.3,41,Uber,ATM,Pending
506031,100527,2028-11-02 07:29:00,UPI,37261.31,4,IRCTC,UPI,Success
506032,100544,2028-11-07 19:28:00,Card Payment,43092.32,17,Reliance,Debit Card,Success
506033,100561,2028-11-13 07:27:00,ATM Withdrawal,48923.33,30,DMart,Credit Card,Success
506034,100578,2028-11-18 19:26:00,Online Transfer,4854.34,43,Netflix,Net Banking,Success
506035,100595,2028-11-24 07:25:00,Cash Withdrawal,10685.35,6,PhonePe,ATM,Success
506036,100612,2028-11-29 19:24:00,Deposit,16516.36,19,Google Pay,UPI,Success
506037,100629,2028-12-05 07:23:00,UPI,22347.37,32,Amazon,Debit Card,Success
506038,100646,2028-12-10 19:22:00,Card Payment,28178.38,45,Flipkart,Credit Card,Success
506039,100663,2028-12-16 07:21:00,ATM Withdrawal,34009.39,8,Swiggy,Net Banking,Success
506040,100680,2028-12-21 19:20:00,Online Transfer,39840.4,21,Zomato,ATM,Success
506041,100697,2028-12-27 07:19:00,Cash Withdrawal,45671.41,34,Myntra,UPI,Success
506042,100714,2029-01-01 19:18:00,Deposit,1602.42,47,Uber,Debit Card,Success
506043,100731,2029-01-07 07:17:00,UPI,7433.43,10,IRCTC,Credit Card,Success
506044,100748,2029-01-12 19:16:00,Card Payment,13264.44,23,Reliance,Net Banking,Success
506045,100765,2029-01-18 07:15:00,ATM Withdrawal,19095.45,36,DMart,ATM,Success
506046,100782,2029-01-23 19:14:00,Online Transfer,24926.46,49,Netflix,UPI,Success
506047,100799,2029-01-29 07:13:00,Cash Withdrawal,30757.47,12,PhonePe,Debit Card,Success
506048,100816,2029-02-03 19:12:00,Deposit,36588.48,25,Google Pay,Credit Card,Success
506049,100833,2029-02-09 07:11:00,UPI,42419.49,38,Amazon,Net Banking,Success
506050,100850,2029-02-14 19:10:00,Card Payment,48250.5,1,Flipkart,ATM,Success
506051,100867,2029-02-20 07:09:00,ATM Withdrawal,4181.51,14,Swiggy,UPI,Success
506052,100884,2029-02-25 19:08:00,Online Transfer,285788.0,27,Zomato,Debit Card,Success
506053,100901,2029-03-03 07:07:00,Cash Withdrawal,15843.53,40,Myntra,Credit Card,Success
506054,100918,2029-03-08 19:06:00,Deposit,21674.54,3,Uber,Net Banking,Success
506055,100935,2029-03-14 07:05:00,UPI,27505.55,16,IRCTC,ATM,Success
506056,100952,2029-03-19 19:04:00,Card Payment,33336.56,29,Reliance,UPI,Success
506057,100969,2029-03-25 07:03:00,ATM Withdrawal,39167.57,42,DMart,Debit Card,Success
506058,100986,2029-03-30 19:02:00,Online Transfer,44998.58,5,Netflix,Credit Card,Success
506059,101003,2029-04-05 07:01:00,Cash Withdrawal,929.59,18,PhonePe,Net Banking,Success
506060,101020,2029-04-10 19:00:00,Deposit,6760.6,31,Google Pay,ATM,Success
506061,101037,2029-04-16 06:59:00,UPI,12591.61,44,Amazon,UPI,Success
506062,101054,2029-04-21 18:58:00,Card Payment,18422.62,7,Flipkart,Debit Card,Success
506063,101071,2029-04-27 06:57:00,ATM Withdrawal,24253.63,20,Swiggy,Credit Card,Success
506064,101088,2029-05-02 18:56:00,Online Transfer,30084.64,33,Zomato,Net Banking,Success
506065,101105,2029-05-08 06:55:00,Cash Withdrawal,35915.65,46,Myntra,ATM,Success
506066,101122,2029-05-13 18:54:00,Deposit,41746.66,9,Uber,UPI,Success
506067,101139,2029-05-19 06:53:00,UPI,47577.67,22,IRCTC,Debit Card,Success
506068,101156,2029-05-24 18:52:00,Card Payment,3508.68,35,Reliance,Credit Card,Success
506069,101173,2029-05-30 06:51:00,ATM Withdrawal,9339.69,48,DMart,Net Banking,Success
506070,101190,2029-06-04 18:50:00,Online Transfer,15170.7,11,Netflix,ATM,Success
506071,101207,2029-06-10 06:49:00,Cash Withdrawal,21001.71,24,PhonePe,UPI,Success
506072,101224,2029-06-15 18:48:00,Deposit,26832.72,37,Google Pay,Debit Card,Success
506073,101241,2029-06-21 06:47:00,UPI,32663.73,50,Amazon,Credit Card,Success
506074,101258,2029-06-26 18:46:00,Card Payment,38494.74,13,Flipkart,Net Banking,Success
506075,101275,2029-07-02 06:45:00,ATM Withdrawal,44325.75,26,Swiggy,ATM,Success
506076,101292,2029-07-07 18:44:00,Online Transfer,256.76,39,Zomato,UPI,Success
506077,101309,2029-07-13 06:43:00,Cash Withdrawal,6087.77,2,Myntra,Debit Card,Success
506078,101326,2029-07-18 18:42:00,Deposit,11918.78,15,Uber,Credit Card,Success
506079,101343,2029-07-24 06:41:00,UPI,17749.79,28,IRCTC,Net Banking,Success
506080,101360,2029-07-29 18:40:00,Card Payment,23580.8,41,Reliance,ATM,Success
506081,101377,2029-08-04 06:39:00,ATM Withdrawal,29411.81,4,DMart,UPI,Success
506082,101394,2029-08-09 18:38:00,Online Transfer,35242.82,17,Netflix,Debit Card,Success
506083,101411,2029-08-15 06:37:00,Cash Withdrawal,41073.83,30,PhonePe,Credit Card,Success
506084,101428,2029-08-20 18:36:00,Deposit,46904.84,43,Google Pay,Net Banking,Success
506085,101445,2029-08-26 06:35:00,UPI,2835.85,6,Amazon,ATM,Success
506086,101462,2029-08-31 18:34:00,Card Payment,8666.86,19,Flipkart,UPI,Success
506087,101479,2029-09-06 06:33:00,ATM Withdrawal,14497.87,32,Swiggy,Debit Card,Success
506088,101496,2029-09-11 18:32:00,Online Transfer,20328.88,45,Zomato,Credit Card,Success
506089,101513,2029-09-17 06:31:00,Cash Withdrawal,26159.89,8,Myntra,Net Banking,Success
506090,101530,2029-09-22 18:30:00,Deposit,31990.9,21,Uber,ATM,Success
506091,101547,2029-09-28 06:29:00,UPI,37821.91,34,IRCTC,UPI,Success
506092,101564,2029-10-03 18:28:00,Card Payment,43652.92,47,Reliance,Debit Card,Success
506093,101581,2029-10-09 06:27:00,ATM Withdrawal,49483.93,10,DMart,Credit Card,Success
506094,101598,2029-10-14 18:26:00,Online Transfer,5414.94,23,Netflix,Net Banking,Success
506095,101615,2029-10-20 06:25:00,Cash Withdrawal,11245.95,36,PhonePe,ATM,Success
506096,101632,2029-10-25 18:24:00,Deposit,956176.0,49,Google Pay,UPI,Success
506097,101649,2029-10-31 06:23:00,UPI,22907.97,12,Amazon,Debit Card,Pending
506098,101666,2029-11-05 18:22:00,Card Payment,28738.98,25,Flipkart,Credit Card,Success
506099,101683,2029-11-11 06:21:00,ATM Withdrawal,34569.99,38,Swiggy,Net Banking,Success
506100,101700,2029-11-16 18:20:00,Online Transfer,40400.0,1,Zomato,ATM,Success
506101,101717,2029-11-22 06:19:00,Cash Withdrawal,46231.01,14,Myntra,UPI,Success
506102,101734,2029-11-27 18:18:00,Deposit,2162.02,27,Uber,Debit Card,Failed
506103,101751,2029-12-03 06:17:00,UPI,7993.03,40,IRCTC,Credit Card,Success
506104,101768,2029-12-08 18:16:00,Card Payment,13824.04,3,Reliance,Net Banking,Success
506105,101785,2029-12-14 06:15:00,ATM Withdrawal,19655.05,16,DMart,ATM,Success
506106,101802,2029-12-19 18:14:00,Online Transfer,25486.06,29,Netflix,UPI,Success
506107,101819,2029-12-25 06:13:00,Cash Withdrawal,31317.07,42,PhonePe,Debit Card,Success
506108,101836,2029-12-30 18:12:00,Deposit,37148.08,5,Google Pay,Credit Card,Success
506109,101853,2030-01-05 06:11:00,UPI,42979.09,18,Amazon,Net Banking,Success
506110,101870,2030-01-10 18:10:00,Card Payment,48810.1,31,Flipkart,ATM,Success
506111,101887,2030-01-16 06:09:00,ATM Withdrawal,4741.11,44,Swiggy,UPI,Success
506112,101904,2030-01-21 18:08:00,Online Transfer,10572.12,7,Zomato,Debit Card,Success
506113,101921,2030-01-27 06:07:00,Cash Withdrawal,16403.13,20,Myntra,Credit Card,Success
506114,101938,2030-02-01 18:06:00,Deposit,22234.14,33,Uber,Net Banking,Success
506115,101955,2030-02-07 06:05:00,UPI,28065.15,46,IRCTC,ATM,Success
506116,101972,2030-02-12 18:04:00,Card Payment,33896.16,9,Reliance,UPI,Success
506117,101989,2030-02-18 06:03:00,ATM Withdrawal,39727.17,22,DMart,Debit Card,Success
506118,102006,2030-02-23 18:02:00,Online Transfer,45558.18,35,Netflix,Credit Card,Success
506119,102023,2030-03-01 06:01:00,Cash Withdrawal,1489.19,48,PhonePe,Net Banking,Success
506120,102040,2030-03-06 18:00:00,Deposit,7320.2,11,Google Pay,ATM,Success
506121,102057,2026-01-02 05:59:00,UPI,13151.21,24,Amazon,UPI,Success
506122,102074,2026-01-07 17:58:00,Card Payment,18982.22,37,Flipkart,Debit Card,Success
506123,102091,2026-01-13 05:57:00,ATM Withdrawal,24813.23,50,Swiggy,Credit Card,Success
506124,102108,2026-01-18 17:56:00,Online Transfer,30644.24,13,Zomato,Net Banking,Success
506125,102125,2026-01-24 05:55:00,Cash Withdrawal,36475.25,26,Myntra,ATM,Success
506126,102142,2026-01-29 17:54:00,Deposit,42306.26,39,Uber,UPI,Success
506127,102159,2026-02-04 05:53:00,UPI,48137.27,2,IRCTC,Debit Card,Success
506128,102176,2026-02-09 17:52:00,Card Payment,4068.28,15,Reliance,Credit Card,Success
506129,102193,2026-02-15 05:51:00,ATM Withdrawal,9899.29,28,DMart,Net Banking,Success
506130,102210,2026-02-20 17:50:00,Online Transfer,15730.3,41,Netflix,ATM,Success
506131,102227,2026-02-26 05:49:00,Cash Withdrawal,21561.31,4,PhonePe,UPI,Success
506132,102244,2026-03-03 17:48:00,Deposit,27392.32,17,Google Pay,Debit Card,Success
506133,102261,2026-03-09 05:47:00,UPI,33223.33,30,Amazon,Credit Card,Success
506134,102278,2026-03-14 17:46:00,Card Payment,39054.34,43,Flipkart,Net Banking,Success
506135,102295,2026-03-20 05:45:00,ATM Withdrawal,44885.35,6,Swiggy,ATM,Success
506136,102312,2026-03-25 17:44:00,Online Transfer,816.36,19,Zomato,UPI,Success
506137,102329,2026-03-31 05:43:00,Cash Withdrawal,6647.37,32,Myntra,Debit Card,Success
506138,102346,2026-04-05 17:42:00,Deposit,12478.38,45,Uber,Credit Card,Success
506139,102363,2026-04-11 05:41:00,UPI,18309.39,8,IRCTC,Net Banking,Success
506140,102380,2026-04-16 17:40:00,Card Payment,24140.4,21,Reliance,ATM,Success
506141,102397,2026-04-22 05:39:00,ATM Withdrawal,323079.0,34,DMart,UPI,Success
506142,102414,2026-04-27 17:38:00,Online Transfer,35802.42,47,Netflix,Debit Card,Success
506143,102431,2026-05-03 05:37:00,Cash Withdrawal,41633.43,10,PhonePe,Credit Card,Success
506144,102448,2026-05-08 17:36:00,Deposit,47464.44,23,Google Pay,Net Banking,Success
506145,102465,2026-05-14 05:35:00,UPI,3395.45,36,Amazon,ATM,Success
506146,102482,2026-05-19 17:34:00,Card Payment,9226.46,49,Flipkart,UPI,Success
506147,102499,2026-05-25 05:33:00,ATM Withdrawal,15057.47,12,Swiggy,Debit Card,Success
506148,102516,2026-05-30 17:32:00,Online Transfer,20888.48,25,Zomato,Credit Card,Success
506149,102533,2026-06-05 05:31:00,Cash Withdrawal,26719.49,38,Myntra,Net Banking,Success
506150,102550,2026-06-10 17:30:00,Deposit,32550.5,1,Uber,ATM,Success
506151,102567,2026-06-16 05:29:00,UPI,38381.51,14,IRCTC,UPI,Success
506152,102584,2026-06-21 17:28:00,Card Payment,44212.52,27,Reliance,Debit Card,Success
506153,102601,2026-06-27 05:27:00,ATM Withdrawal,143.53,40,DMart,Credit Card,Success
506154,102618,2026-07-02 17:26:00,Online Transfer,5974.54,3,Netflix,Net Banking,Success
506155,102635,2026-07-08 05:25:00,Cash Withdrawal,11805.55,16,PhonePe,ATM,Success
506156,102652,2026-07-13 17:24:00,Deposit,17636.56,29,Google Pay,UPI,Success
506157,102669,2026-07-19 05:23:00,UPI,23467.57,42,Amazon,Debit Card,Success
506158,102686,2026-07-24 17:22:00,Card Payment,29298.58,5,Flipkart,Credit Card,Success
506159,102703,2026-07-30 05:21:00,ATM Withdrawal,35129.59,18,Swiggy,Net Banking,Success
506160,102720,2026-08-04 17:20:00,Online Transfer,40960.6,31,Zomato,ATM,Success
506161,102737,2026-08-10 05:19:00,Cash Withdrawal,46791.61,44,Myntra,UPI,Success
506162,102754,2026-08-15 17:18:00,Deposit,2722.62,7,Uber,Debit Card,Success
506163,102771,2026-08-21 05:17:00,UPI,8553.63,20,IRCTC,Credit Card,Success
506164,102788,2026-08-26 17:16:00,Card Payment,14384.64,33,Reliance,Net Banking,Pending
506165,102805,2026-09-01 05:15:00,ATM Withdrawal,20215.65,46,DMart,ATM,Success
506166,102822,2026-09-06 17:14:00,Online Transfer,26046.66,9,Netflix,UPI,Success
506167,102839,2026-09-12 05:13:00,Cash Withdrawal,31877.67,22,PhonePe,Debit Card,Success
506168,102856,2026-09-17 17:12:00,Deposit,37708.68,35,Google Pay,Credit Card,Success
506169,102873,2026-09-23 05:11:00,UPI,43539.69,48,Amazon,Net Banking,Success
506170,102890,2026-09-28 17:10:00,Card Payment,49370.7,11,Flipkart,ATM,Success
506171,102907,2026-10-04 05:09:00,ATM Withdrawal,5301.71,24,Swiggy,UPI,Success
506172,102924,2026-10-09 17:08:00,Online Transfer,11132.72,37,Zomato,Debit Card,Success
506173,102941,2026-10-15 05:07:00,Cash Withdrawal,16963.73,50,Myntra,Credit Card,Success
506174,102958,2026-10-20 17:06:00,Deposit,22794.74,13,Uber,Net Banking,Success
506175,102975,2026-10-26 05:05:00,UPI,28625.75,26,IRCTC,ATM,Success
506176,102992,2026-10-31 17:04:00,Card Payment,34456.76,39,Reliance,UPI,Success
506177,100009,2026-11-06 05:03:00,ATM Withdrawal,40287.77,2,DMart,Debit Card,Success
506178,100026,2026-11-11 17:02:00,Online Transfer,46118.78,15,Netflix,Credit Card,Success
506179,100043,2026-11-17 05:01:00,Cash Withdrawal,2049.79,28,PhonePe,Net Banking,Success
506180,100060,2026-11-22 17:00:00,Deposit,7880.8,41,Google Pay,ATM,Success
506181,100077,2026-11-28 04:59:00,UPI,13711.81,4,Amazon,UPI,Success
506182,100094,2026-12-03 16:58:00,Card Payment,19542.82,17,Flipkart,Debit Card,Success
506183,100111,2026-12-09 04:57:00,ATM Withdrawal,25373.83,30,Swiggy,Credit Card,Success
506184,100128,2026-12-14 16:56:00,Online Transfer,31204.84,43,Zomato,Net Banking,Success
506185,100145,2026-12-20 04:55:00,Cash Withdrawal,37035.85,6,Myntra,ATM,Success
506186,100162,2026-12-25 16:54:00,Deposit,42866.86,19,Uber,UPI,Success
506187,100179,2026-12-31 04:53:00,UPI,48697.87,32,IRCTC,Debit Card,Success
506188,100196,2027-01-05 16:52:00,Card Payment,4628.88,45,Reliance,Credit Card,Success
506189,100213,2027-01-11 04:51:00,ATM Withdrawal,10459.89,8,DMart,Net Banking,Success
506190,100230,2027-01-16 16:50:00,Online Transfer,16290.9,21,Netflix,ATM,Success
506191,100247,2027-01-22 04:49:00,Cash Withdrawal,22121.91,34,PhonePe,UPI,Success
506192,100264,2027-01-27 16:48:00,Deposit,27952.92,47,Google Pay,Debit Card,Success
506193,100281,2027-02-02 04:47:00,UPI,33783.93,10,Amazon,Credit Card,Success
506194,100298,2027-02-07 16:46:00,Card Payment,39614.94,23,Flipkart,Net Banking,Success
506195,100315,2027-02-13 04:45:00,ATM Withdrawal,45445.95,36,Swiggy,ATM,Success
506196,100332,2027-02-18 16:44:00,Online Transfer,1376.96,49,Zomato,UPI,Success
506197,100349,2027-02-24 04:43:00,Cash Withdrawal,7207.97,12,Myntra,Debit Card,Success
506198,100366,2027-03-01 16:42:00,Deposit,13038.98,25,Uber,Credit Card,Success
506199,100383,2027-03-07 04:41:00,UPI,18869.99,38,IRCTC,Net Banking,Success
506200,100400,2027-03-12 16:40:00,Card Payment,24700.0,1,Reliance,ATM,Success
506201,100417,2027-03-18 04:39:00,ATM Withdrawal,30531.01,14,DMart,UPI,Success
506202,100434,2027-03-23 16:38:00,Online Transfer,36362.02,27,Netflix,Debit Card,Success
506203,100451,2027-03-29 04:37:00,Cash Withdrawal,42193.03,40,PhonePe,Credit Card,Success
506204,100468,2027-04-03 16:36:00,Deposit,48024.04,3,Google Pay,Net Banking,Success
506205,100485,2027-04-09 04:35:00,UPI,3955.05,16,Amazon,ATM,Success
506206,100502,2027-04-14 16:34:00,Card Payment,9786.06,29,Flipkart,UPI,Success
506207,100519,2027-04-20 04:33:00,ATM Withdrawal,15617.07,42,Swiggy,Debit Card,Success
506208,100536,2027-04-25 16:32:00,Online Transfer,21448.08,5,Zomato,Credit Card,Success
506209,100553,2027-05-01 04:31:00,Cash Withdrawal,27279.09,18,Myntra,Net Banking,Success
506210,100570,2027-05-06 16:30:00,Deposit,33110.1,31,Uber,ATM,Success
506211,100587,2027-05-12 04:29:00,UPI,38941.11,44,IRCTC,UPI,Success
506212,100604,2027-05-17 16:28:00,Card Payment,44772.12,7,Reliance,Debit Card,Success
506213,100621,2027-05-23 04:27:00,ATM Withdrawal,703.13,20,DMart,Credit Card,Success
506214,100638,2027-05-28 16:26:00,Online Transfer,6534.14,33,Netflix,Net Banking,Success
506215,100655,2027-06-03 04:25:00,Cash Withdrawal,12365.15,46,PhonePe,ATM,Failed
506216,100672,2027-06-08 16:24:00,Deposit,18196.16,9,Google Pay,UPI,Success
506217,100689,2027-06-14 04:23:00,UPI,24027.17,22,Amazon,Debit Card,Success
506218,100706,2027-06-19 16:22:00,Card Payment,29858.18,35,Flipkart,Credit Card,Success
506219,100723,2027-06-25 04:21:00,ATM Withdrawal,35689.19,48,Swiggy,Net Banking,Success
506220,100740,2027-06-30 16:20:00,Online Transfer,41520.2,11,Zomato,ATM,Success
506221,100757,2027-07-06 04:19:00,Cash Withdrawal,47351.21,24,Myntra,UPI,Success
506222,100774,2027-07-11 16:18:00,Deposit,3282.22,37,Uber,Debit Card,Success
506223,100791,2027-07-17 04:17:00,UPI,299013.0,50,IRCTC,Credit Card,Success
506224,100808,2027-07-22 16:16:00,Card Payment,14944.24,13,Reliance,Net Banking,Success
506225,100825,2027-07-28 04:15:00,ATM Withdrawal,20775.25,26,DMart,ATM,Success
506226,100842,2027-08-02 16:14:00,Online Transfer,26606.26,39,Netflix,UPI,Success
506227,100859,2027-08-08 04:13:00,Cash Withdrawal,32437.27,2,PhonePe,Debit Card,Success
506228,100876,2027-08-13 16:12:00,Deposit,38268.28,15,Google Pay,Credit Card,Success
506229,100893,2027-08-19 04:11:00,UPI,44099.29,28,Amazon,Net Banking,Success
506230,100910,2027-08-24 16:10:00,Card Payment,360370.0,41,Flipkart,ATM,Success
506231,100927,2027-08-30 04:09:00,ATM Withdrawal,5861.31,4,Swiggy,UPI,Pending
506232,100944,2027-09-04 16:08:00,Online Transfer,11692.32,17,Zomato,Debit Card,Success
506233,100961,2027-09-10 04:07:00,Cash Withdrawal,17523.33,30,Myntra,Credit Card,Success
506234,100978,2027-09-15 16:06:00,Deposit,23354.34,43,Uber,Net Banking,Success
506235,100995,2027-09-21 04:05:00,UPI,29185.35,6,IRCTC,ATM,Success
506236,101012,2027-09-26 16:04:00,Card Payment,35016.36,19,Reliance,UPI,Success
506237,101029,2027-10-02 04:03:00,ATM Withdrawal,40847.37,32,DMart,Debit Card,Success
506238,101046,2027-10-07 16:02:00,Online Transfer,46678.38,45,Netflix,Credit Card,Success
506239,101063,2027-10-13 04:01:00,Cash Withdrawal,2609.39,8,PhonePe,Net Banking,Success
506240,101080,2027-10-18 16:00:00,Deposit,8440.4,21,Google Pay,ATM,Success
506241,101097,2027-10-24 03:59:00,UPI,14271.41,34,Amazon,UPI,Success
506242,101114,2027-10-29 15:58:00,Card Payment,20102.42,47,Flipkart,Debit Card,Success
506243,101131,2027-11-04 03:57:00,ATM Withdrawal,25933.43,10,Swiggy,Credit Card,Success
506244,101148,2027-11-09 15:56:00,Online Transfer,31764.44,23,Zomato,Net Banking,Success
506245,101165,2027-11-15 03:55:00,Cash Withdrawal,37595.45,36,Myntra,ATM,Success
506246,101182,2027-11-20 15:54:00,Deposit,43426.46,49,Uber,UPI,Success
506247,101199,2027-11-26 03:53:00,UPI,49257.47,12,IRCTC,Debit Card,Success
506248,101216,2027-12-01 15:52:00,Card Payment,5188.48,25,Reliance,Credit Card,Success
506249,101233,2027-12-07 03:51:00,ATM Withdrawal,11019.49,38,DMart,Net Banking,Success
506250,101250,2027-12-12 15:50:00,Online Transfer,16850.5,1,Netflix,ATM,Success
506251,101267,2027-12-18 03:49:00,Cash Withdrawal,22681.51,14,PhonePe,UPI,Success
506252,101284,2027-12-23 15:48:00,Deposit,28512.52,27,Google Pay,Debit Card,Success
506253,101301,2027-12-29 03:47:00,UPI,34343.53,40,Amazon,Credit Card,Success
506254,101318,2028-01-03 15:46:00,Card Payment,40174.54,3,Flipkart,Net Banking,Success
506255,101335,2028-01-09 03:45:00,ATM Withdrawal,46005.55,16,Swiggy,ATM,Success
506256,101352,2028-01-14 15:44:00,Online Transfer,1936.56,29,Zomato,UPI,Success
506257,101369,2028-01-20 03:43:00,Cash Withdrawal,7767.57,42,Myntra,Debit Card,Success
506258,101386,2028-01-25 15:42:00,Deposit,13598.58,5,Uber,Credit Card,Success
506259,101403,2028-01-31 03:41:00,UPI,19429.59,18,IRCTC,Net Banking,Success
506260,101420,2028-02-05 15:40:00,Card Payment,25260.6,31,Reliance,ATM,Success
506261,101437,2028-02-11 03:39:00,ATM Withdrawal,31091.61,44,DMart,UPI,Success
506262,101454,2028-02-16 15:38:00,Online Transfer,36922.62,7,Netflix,Debit Card,Success
506263,101471,2028-02-22 03:37:00,Cash Withdrawal,42753.63,20,PhonePe,Credit Card,Success
506264,101488,2028-02-27 15:36:00,Deposit,48584.64,33,Google Pay,Net Banking,Success
506265,101505,2028-03-04 03:35:00,UPI,4515.65,46,Amazon,ATM,Success
506266,101522,2028-03-09 15:34:00,Card Payment,10346.66,9,Flipkart,UPI,Success
506267,101539,2028-03-15 03:33:00,ATM Withdrawal,16177.67,22,Swiggy,Debit Card,Success
506268,101556,2028-03-20 15:32:00,Online Transfer,22008.68,35,Zomato,Credit Card,Success
506269,101573,2028-03-26 03:31:00,Cash Withdrawal,27839.69,48,Myntra,Net Banking,Success
506270,101590,2028-03-31 15:30:00,Deposit,33670.7,11,Uber,ATM,Success
506271,101607,2028-04-06 03:29:00,UPI,39501.71,24,IRCTC,UPI,Success
506272,101624,2028-04-11 15:28:00,Card Payment,45332.72,37,Reliance,Debit Card,Success
506273,101641,2028-04-17 03:27:00,ATM Withdrawal,1263.73,50,DMart,Credit Card,Success
506274,101658,2028-04-22 15:26:00,Online Transfer,7094.74,13,Netflix,Net Banking,Success
506275,101675,2028-04-28 03:25:00,Cash Withdrawal,12925.75,26,PhonePe,ATM,Success
506276,101692,2028-05-03 15:24:00,Deposit,18756.76,39,Google Pay,UPI,Success
506277,101709,2028-05-09 03:23:00,UPI,24587.77,2,Amazon,Debit Card,Success
506278,101726,2028-05-14 15:22:00,Card Payment,30418.78,15,Flipkart,Credit Card,Success
506279,101743,2028-05-20 03:21:00,ATM Withdrawal,36249.79,28,Swiggy,Net Banking,Success
506280,101760,2028-05-25 15:20:00,Online Transfer,42080.8,41,Zomato,ATM,Success
506281,101777,2028-05-31 03:19:00,Cash Withdrawal,47911.81,4,Myntra,UPI,Success
506282,101794,2028-06-05 15:18:00,Deposit,3842.82,17,Uber,Debit Card,Success
506283,101811,2028-06-11 03:17:00,UPI,9673.83,30,IRCTC,Credit Card,Success
506284,101828,2028-06-16 15:16:00,Card Payment,15504.84,43,Reliance,Net Banking,Success
506285,101845,2028-06-22 03:15:00,ATM Withdrawal,21335.85,6,DMart,ATM,Success
506286,101862,2028-06-27 15:14:00,Online Transfer,27166.86,19,Netflix,UPI,Success
506287,101879,2028-07-03 03:13:00,Cash Withdrawal,32997.87,32,PhonePe,Debit Card,Success
506288,101896,2028-07-08 15:12:00,Deposit,38828.88,45,Google Pay,Credit Card,Success
506289,101913,2028-07-14 03:11:00,UPI,44659.89,8,Amazon,Net Banking,Success
506290,101930,2028-07-19 15:10:00,Card Payment,590.9,21,Flipkart,ATM,Success
506291,101947,2028-07-25 03:09:00,ATM Withdrawal,6421.91,34,Swiggy,UPI,Success
506292,101964,2028-07-30 15:08:00,Online Transfer,12252.92,47,Zomato,Debit Card,Success
506293,101981,2028-08-05 03:07:00,Cash Withdrawal,18083.93,10,Myntra,Credit Card,Success
506294,101998,2028-08-10 15:06:00,Deposit,23914.94,23,Uber,Net Banking,Success
506295,102015,2028-08-16 03:05:00,UPI,29745.95,36,IRCTC,ATM,Success
506296,102032,2028-08-21 15:04:00,Card Payment,35576.96,49,Reliance,UPI,Success
506297,102049,2028-08-27 03:03:00,ATM Withdrawal,41407.97,12,DMart,Debit Card,Success
506298,102066,2028-09-01 15:02:00,Online Transfer,47238.98,25,Netflix,Credit Card,Pending
506299,102083,2028-09-07 03:01:00,Cash Withdrawal,3169.99,38,PhonePe,Net Banking,Success
506300,102100,2028-09-12 15:00:00,Deposit,9000.0,1,Google Pay,ATM,Success
506301,102117,2028-09-18 02:59:00,UPI,14831.01,14,Amazon,UPI,Success
506302,102134,2028-09-23 14:58:00,Card Payment,20662.02,27,Flipkart,Debit Card,Success
506303,102151,2028-09-29 02:57:00,ATM Withdrawal,26493.03,40,Swiggy,Credit Card,Success
506304,102168,2028-10-04 14:56:00,Online Transfer,32324.04,3,Zomato,Net Banking,Success
506305,102185,2028-10-10 02:55:00,Cash Withdrawal,38155.05,16,Myntra,ATM,Success
506306,102202,2028-10-15 14:54:00,Deposit,43986.06,29,Uber,UPI,Success
506307,102219,2028-10-21 02:53:00,UPI,49817.07,42,IRCTC,Debit Card,Success
506308,102236,2028-10-26 14:52:00,Card Payment,5748.08,5,Reliance,Credit Card,Success
506309,102253,2028-11-01 02:51:00,ATM Withdrawal,11579.09,18,DMart,Net Banking,Success
506310,102270,2028-11-06 14:50:00,Online Transfer,17410.1,31,Netflix,ATM,Success
506311,102287,2028-11-12 02:49:00,Cash Withdrawal,23241.11,44,PhonePe,UPI,Success
506312,102304,2028-11-17 14:48:00,Deposit,29072.12,7,Google Pay,Debit Card,Success
506313,102321,2028-11-23 02:47:00,UPI,34903.13,20,Amazon,Credit Card,Success
506314,102338,2028-11-28 14:46:00,Card Payment,40734.14,33,Flipkart,Net Banking,Success
506315,102355,2028-12-04 02:45:00,ATM Withdrawal,46565.15,46,Swiggy,ATM,Success
506316,102372,2028-12-09 14:44:00,Online Transfer,2496.16,9,Zomato,UPI,Success
506317,102389,2028-12-15 02:43:00,Cash Withdrawal,8327.17,22,Myntra,Debit Card,Success
506318,102406,2028-12-20 14:42:00,Deposit,14158.18,35,Uber,Credit Card,Success
506319,102423,2028-12-26 02:41:00,UPI,397661.0,48,IRCTC,Net Banking,Success
506320,102440,2028-12-31 14:40:00,Card Payment,25820.2,11,Reliance,ATM,Success
506321,102457,2029-01-06 02:39:00,ATM Withdrawal,31651.21,24,DMart,UPI,Success
506322,102474,2029-01-11 14:38:00,Online Transfer,37482.22,37,Netflix,Debit Card,Success
506323,102491,2029-01-17 02:37:00,Cash Withdrawal,43313.23,50,PhonePe,Credit Card,Success
506324,102508,2029-01-22 14:36:00,Deposit,49144.24,13,Google Pay,Net Banking,Success
506325,102525,2029-01-28 02:35:00,UPI,5075.25,26,Amazon,ATM,Success
506326,102542,2029-02-02 14:34:00,Card Payment,10906.26,39,Flipkart,UPI,Success
506327,102559,2029-02-08 02:33:00,ATM Withdrawal,16737.27,2,Swiggy,Debit Card,Success
506328,102576,2029-02-13 14:32:00,Online Transfer,22568.28,15,Zomato,Credit Card,Failed
506329,102593,2029-02-19 02:31:00,Cash Withdrawal,28399.29,28,Myntra,Net Banking,Success
506330,102610,2029-02-24 14:30:00,Deposit,34230.3,41,Uber,ATM,Success
506331,102627,2029-03-02 02:29:00,UPI,40061.31,4,IRCTC,UPI,Success
506332,102644,2029-03-07 14:28:00,Card Payment,45892.32,17,Reliance,Debit Card,Success
506333,102661,2029-03-13 02:27:00,ATM Withdrawal,1823.33,30,DMart,Credit Card,Success
506334,102678,2029-03-18 14:26:00,Online Transfer,7654.34,43,Netflix,Net Banking,Success
506335,102695,2029-03-24 02:25:00,Cash Withdrawal,13485.35,6,PhonePe,ATM,Success
506336,102712,2029-03-29 14:24:00,Deposit,19316.36,19,Google Pay,UPI,Success
506337,102729,2029-04-04 02:23:00,UPI,25147.37,32,Amazon,Debit Card,Success
506338,102746,2029-04-09 14:22:00,Card Payment,30978.38,45,Flipkart,Credit Card,Success
506339,102763,2029-04-15 02:21:00,ATM Withdrawal,36809.39,8,Swiggy,Net Banking,Success
506340,102780,2029-04-20 14:20:00,Online Transfer,42640.4,21,Zomato,ATM,Success
506341,102797,2029-04-26 02:19:00,Cash Withdrawal,48471.41,34,Myntra,UPI,Success
506342,102814,2029-05-01 14:18:00,Deposit,4402.42,47,Uber,Debit Card,Success
506343,102831,2029-05-07 02:17:00,UPI,10233.43,10,IRCTC,Credit Card,Success
506344,102848,2029-05-12 14:16:00,Card Payment,16064.44,23,Reliance,Net Banking,Success
506345,102865,2029-05-18 02:15:00,ATM Withdrawal,21895.45,36,DMart,ATM,Success
506346,102882,2029-05-23 14:14:00,Online Transfer,27726.46,49,Netflix,UPI,Success
506347,102899,2029-05-29 02:13:00,Cash Withdrawal,33557.47,12,PhonePe,Debit Card,Success
506348,102916,2029-06-03 14:12:00,Deposit,39388.48,25,Google Pay,Credit Card,Success
506349,102933,2029-06-09 02:11:00,UPI,45219.49,38,Amazon,Net Banking,Success
506350,102950,2029-06-14 14:10:00,Card Payment,391850.0,1,Flipkart,ATM,Success
506351,102967,2029-06-20 02:09:00,ATM Withdrawal,6981.51,14,Swiggy,UPI,Success
506352,102984,2029-06-25 14:08:00,Online Transfer,12812.52,27,Zomato,Debit Card,Success
506353,100001,2029-07-01 02:07:00,Cash Withdrawal,18643.53,40,Myntra,Credit Card,Success
506354,100018,2029-07-06 14:06:00,Deposit,24474.54,3,Uber,Net Banking,Success
506355,100035,2029-07-12 02:05:00,UPI,30305.55,16,IRCTC,ATM,Success
506356,100052,2029-07-17 14:04:00,Card Payment,36136.56,29,Reliance,UPI,Success
506357,100069,2029-07-23 02:03:00,ATM Withdrawal,41967.57,42,DMart,Debit Card,Success
506358,100086,2029-07-28 14:02:00,Online Transfer,47798.58,5,Netflix,Credit Card,Success
506359,100103,2029-08-03 02:01:00,Cash Withdrawal,3729.59,18,PhonePe,Net Banking,Success
506360,100120,2029-08-08 14:00:00,Deposit,9560.6,31,Google Pay,ATM,Success
506361,100137,2029-08-14 01:59:00,UPI,15391.61,44,Amazon,UPI,Success
506362,100154,2029-08-19 13:58:00,Card Payment,21222.62,7,Flipkart,Debit Card,Success
506363,100171,2029-08-25 01:57:00,ATM Withdrawal,27053.63,20,Swiggy,Credit Card,Success
506364,100188,2029-08-30 13:56:00,Online Transfer,32884.64,33,Zomato,Net Banking,Success
506365,100205,2029-09-05 01:55:00,Cash Withdrawal,38715.65,46,Myntra,ATM,Pending
506366,100222,2029-09-10 13:54:00,Deposit,44546.66,9,Uber,UPI,Success
506367,100239,2029-09-16 01:53:00,UPI,477.67,22,IRCTC,Debit Card,Success
506368,100256,2029-09-21 13:52:00,Card Payment,6308.68,35,Reliance,Credit Card,Success
506369,100273,2029-09-27 01:51:00,ATM Withdrawal,12139.69,48,DMart,Net Banking,Success
506370,100290,2029-10-02 13:50:00,Online Transfer,17970.7,11,Netflix,ATM,Success
506371,100307,2029-10-08 01:49:00,Cash Withdrawal,23801.71,24,PhonePe,UPI,Success
506372,100324,2029-10-13 13:48:00,Deposit,29632.72,37,Google Pay,Debit Card,Success
506373,100341,2029-10-19 01:47:00,UPI,35463.73,50,Amazon,Credit Card,Success
506374,100358,2029-10-24 13:46:00,Card Payment,41294.74,13,Flipkart,Net Banking,Success
506375,100375,2029-10-30 01:45:00,ATM Withdrawal,47125.75,26,Swiggy,ATM,Success
506376,100392,2029-11-04 13:44:00,Online Transfer,3056.76,39,Zomato,UPI,Success
506377,100409,2029-11-10 01:43:00,Cash Withdrawal,8887.77,2,Myntra,Debit Card,Success
506378,100426,2029-11-15 13:42:00,Deposit,14718.78,15,Uber,Credit Card,Success
506379,100443,2029-11-21 01:41:00,UPI,20549.79,28,IRCTC,Net Banking,Success
506380,100460,2029-11-26 13:40:00,Card Payment,26380.8,41,Reliance,ATM,Success
506381,100477,2029-12-02 01:39:00,ATM Withdrawal,32211.81,4,DMart,UPI,Success
506382,100494,2029-12-07 13:38:00,Online Transfer,38042.82,17,Netflix,Debit Card,Success
506383,100511,2029-12-13 01:37:00,Cash Withdrawal,43873.83,30,PhonePe,Credit Card,Success
506384,100528,2029-12-18 13:36:00,Deposit,49704.84,43,Google Pay,Net Banking,Success
506385,100545,2029-12-24 01:35:00,UPI,5635.85,6,Amazon,ATM,Success
506386,100562,2029-12-29 13:34:00,Card Payment,11466.86,19,Flipkart,UPI,Success
506387,100579,2030-01-04 01:33:00,ATM Withdrawal,17297.87,32,Swiggy,Debit Card,Success
506388,100596,2030-01-09 13:32:00,Online Transfer,23128.88,45,Zomato,Credit Card,Success
506389,100613,2030-01-15 01:31:00,Cash Withdrawal,28959.89,8,Myntra,Net Banking,Success
506390,100630,2030-01-20 13:30:00,Deposit,34790.9,21,Uber,ATM,Success
506391,100647,2030-01-26 01:29:00,UPI,40621.91,34,IRCTC,UPI,Success
506392,100664,2030-01-31 13:28:00,Card Payment,46452.92,47,Reliance,Debit Card,Success
506393,100681,2030-02-06 01:27:00,ATM Withdrawal,2383.93,10,DMart,Credit Card,Success
506394,100698,2030-02-11 13:26:00,Online Transfer,8214.94,23,Netflix,Net Banking,Success
506395,100715,2030-02-17 01:25:00,Cash Withdrawal,14045.95,36,PhonePe,ATM,Success
506396,100732,2030-02-22 13:24:00,Deposit,19876.96,49,Google Pay,UPI,Success
506397,100749,2030-02-28 01:23:00,UPI,25707.97,12,Amazon,Debit Card,Success
506398,100766,2030-03-05 13:22:00,Card Payment,31538.98,25,Flipkart,Credit Card,Success
506399,100783,2026-01-01 01:21:00,ATM Withdrawal,37369.99,38,Swiggy,Net Banking,Success
506400,100800,2026-01-06 13:20:00,Online Transfer,43200.0,1,Zomato,ATM,Success
506401,100817,2026-01-12 01:19:00,Cash Withdrawal,49031.01,14,Myntra,UPI,Success
506402,100834,2026-01-17 13:18:00,Deposit,4962.02,27,Uber,Debit Card,Success
506403,100851,2026-01-23 01:17:00,UPI,10793.03,40,IRCTC,Credit Card,Success
506404,100868,2026-01-28 13:16:00,Card Payment,16624.04,3,Reliance,Net Banking,Success
506405,100885,2026-02-03 01:15:00,ATM Withdrawal,22455.05,16,DMart,ATM,Success
506406,100902,2026-02-08 13:14:00,Online Transfer,28286.06,29,Netflix,UPI,Success
506407,100919,2026-02-14 01:13:00,Cash Withdrawal,34117.07,42,PhonePe,Debit Card,Success
506408,100936,2026-02-19 13:12:00,Deposit,434952.0,5,Google Pay,Credit Card,Success
506409,100953,2026-02-25 01:11:00,UPI,45779.09,18,Amazon,Net Banking,Success
506410,100970,2026-03-02 13:10:00,Card Payment,1710.1,31,Flipkart,ATM,Success
506411,100987,2026-03-08 01:09:00,ATM Withdrawal,7541.11,44,Swiggy,UPI,Success
506412,101004,2026-03-13 13:08:00,Online Transfer,13372.12,7,Zomato,Debit Card,Success
506413,101021,2026-03-19 01:07:00,Cash Withdrawal,19203.13,20,Myntra,Credit Card,Success
506414,101038,2026-03-24 13:06:00,Deposit,25034.14,33,Uber,Net Banking,Success
506415,101055,2026-03-30 01:05:00,UPI,30865.15,46,IRCTC,ATM,Success
506416,101072,2026-04-04 13:04:00,Card Payment,36696.16,9,Reliance,UPI,Success
506417,101089,2026-04-10 01:03:00,ATM Withdrawal,42527.17,22,DMart,Debit Card,Success
506418,101106,2026-04-15 13:02:00,Online Transfer,48358.18,35,Netflix,Credit Card,Success
506419,101123,2026-04-21 01:01:00,Cash Withdrawal,4289.19,48,PhonePe,Net Banking,Success
506420,101140,2026-04-26 13:00:00,Deposit,10120.2,11,Google Pay,ATM,Success
506421,101157,2026-05-02 00:59:00,UPI,15951.21,24,Amazon,UPI,Success
506422,101174,2026-05-07 12:58:00,Card Payment,21782.22,37,Flipkart,Debit Card,Success
506423,101191,2026-05-13 00:57:00,ATM Withdrawal,27613.23,50,Swiggy,Credit Card,Success
506424,101208,2026-05-18 12:56:00,Online Transfer,33444.24,13,Zomato,Net Banking,Success
506425,101225,2026-05-24 00:55:00,Cash Withdrawal,39275.25,26,Myntra,ATM,Success
506426,101242,2026-05-29 12:54:00,Deposit,45106.26,39,Uber,UPI,Success
506427,101259,2026-06-04 00:53:00,UPI,1037.27,2,IRCTC,Debit Card,Success
506428,101276,2026-06-09 12:52:00,Card Payment,6868.28,15,Reliance,Credit Card,Success
506429,101293,2026-06-15 00:51:00,ATM Withdrawal,12699.29,28,DMart,Net Banking,Success
506430,101310,2026-06-20 12:50:00,Online Transfer,18530.3,41,Netflix,ATM,Success
506431,101327,2026-06-26 00:49:00,Cash Withdrawal,24361.31,4,PhonePe,UPI,Success
506432,101344,2026-07-01 12:48:00,Deposit,30192.32,17,Google Pay,Debit Card,Pending
506433,101361,2026-07-07 00:47:00,UPI,36023.33,30,Amazon,Credit Card,Success
506434,101378,2026-07-12 12:46:00,Card Payment,41854.34,43,Flipkart,Net Banking,Success
506435,101395,2026-07-18 00:45:00,ATM Withdrawal,47685.35,6,Swiggy,ATM,Success
506436,101412,2026-07-23 12:44:00,Online Transfer,3616.36,19,Zomato,UPI,Success
506437,101429,2026-07-29 00:43:00,Cash Withdrawal,9447.37,32,Myntra,Debit Card,Success
506438,101446,2026-08-03 12:42:00,Deposit,15278.38,45,Uber,Credit Card,Success
506439,101463,2026-08-09 00:41:00,UPI,21109.39,8,IRCTC,Net Banking,Success
506440,101480,2026-08-14 12:40:00,Card Payment,26940.4,21,Reliance,ATM,Success
506441,101497,2026-08-20 00:39:00,ATM Withdrawal,32771.41,34,DMart,UPI,Failed
506442,101514,2026-08-25 12:38:00,Online Transfer,38602.42,47,Netflix,Debit Card,Success
506443,101531,2026-08-31 00:37:00,Cash Withdrawal,44433.43,10,PhonePe,Credit Card,Success
506444,101548,2026-09-05 12:36:00,Deposit,364.44,23,Google Pay,Net Banking,Success
506445,101565,2026-09-11 00:35:00,UPI,6195.45,36,Amazon,ATM,Success
506446,101582,2026-09-16 12:34:00,Card Payment,12026.46,49,Flipkart,UPI,Success
506447,101599,2026-09-22 00:33:00,ATM Withdrawal,17857.47,12,Swiggy,Debit Card,Success
506448,101616,2026-09-27 12:32:00,Online Transfer,23688.48,25,Zomato,Credit Card,Success
506449,101633,2026-10-03 00:31:00,Cash Withdrawal,29519.49,38,Myntra,Net Banking,Success
506450,101650,2026-10-08 12:30:00,Deposit,35350.5,1,Uber,ATM,Success
506451,101667,2026-10-14 00:29:00,UPI,41181.51,14,IRCTC,UPI,Success
506452,101684,2026-10-19 12:28:00,Card Payment,47012.52,27,Reliance,Debit Card,Success
506453,101701,2026-10-25 00:27:00,ATM Withdrawal,2943.53,40,DMart,Credit Card,Success
506454,101718,2026-10-30 12:26:00,Online Transfer,8774.54,3,Netflix,Net Banking,Success
506455,101735,2026-11-05 00:25:00,Cash Withdrawal,14605.55,16,PhonePe,ATM,Success
506456,101752,2026-11-10 12:24:00,Deposit,20436.56,29,Google Pay,UPI,Success
506457,101769,2026-11-16 00:23:00,UPI,26267.57,42,Amazon,Debit Card,Success
506458,101786,2026-11-21 12:22:00,Card Payment,32098.58,5,Flipkart,Credit Card,Success
506459,101803,2026-11-27 00:21:00,ATM Withdrawal,37929.59,18,Swiggy,Net Banking,Success
506460,101820,2026-12-02 12:20:00,Online Transfer,43760.6,31,Zomato,ATM,Success
506461,101837,2026-12-08 00:19:00,Cash Withdrawal,49591.61,44,Myntra,UPI,Success
506462,101854,2026-12-13 12:18:00,Deposit,5522.62,7,Uber,Debit Card,Success
506463,101871,2026-12-19 00:17:00,UPI,11353.63,20,IRCTC,Credit Card,Success
506464,101888,2026-12-24 12:16:00,Card Payment,17184.64,33,Reliance,Net Banking,Success
506465,101905,2026-12-30 00:15:00,ATM Withdrawal,23015.65,46,DMart,ATM,Success
506466,101922,2027-01-04 12:14:00,Online Transfer,28846.66,9,Netflix,UPI,Success
506467,101939,2027-01-10 00:13:00,Cash Withdrawal,34677.67,22,PhonePe,Debit Card,Success
506468,101956,2027-01-15 12:12:00,Deposit,40508.68,35,Google Pay,Credit Card,Success
506469,101973,2027-01-21 00:11:00,UPI,46339.69,48,Amazon,Net Banking,Success
506470,101990,2027-01-26 12:10:00,Card Payment,2270.7,11,Flipkart,ATM,Success
506471,102007,2027-02-01 00:09:00,ATM Withdrawal,8101.71,24,Swiggy,UPI,Success
506472,102024,2027-02-06 12:08:00,Online Transfer,13932.72,37,Zomato,Debit Card,Success
506473,102041,2027-02-12 00:07:00,Cash Withdrawal,19763.73,50,Myntra,Credit Card,Success
506474,102058,2027-02-17 12:06:00,Deposit,25594.74,13,Uber,Net Banking,Success
506475,102075,2027-02-23 00:05:00,UPI,31425.75,26,IRCTC,ATM,Success
506476,102092,2027-02-28 12:04:00,Card Payment,37256.76,39,Reliance,UPI,Success
506477,102109,2027-03-06 00:03:00,ATM Withdrawal,484687.0,2,DMart,Debit Card,Success
506478,102126,2027-03-11 12:02:00,Online Transfer,48918.78,15,Netflix,Credit Card,Success
506479,102143,2027-03-17 00:01:00,Cash Withdrawal,4849.79,28,PhonePe,Net Banking,Success
506480,102160,2027-03-22 12:00:00,Deposit,10680.8,41,Google Pay,ATM,Success
506481,102177,2027-03-27 23:59:00,UPI,16511.81,4,Amazon,UPI,Success
506482,102194,2027-04-02 11:58:00,Card Payment,22342.82,17,Flipkart,Debit Card,Success
506483,102211,2027-04-07 23:57:00,ATM Withdrawal,28173.83,30,Swiggy,Credit Card,Success
506484,102228,2027-04-13 11:56:00,Online Transfer,34004.84,43,Zomato,Net Banking,Success
506485,102245,2027-04-18 23:55:00,Cash Withdrawal,39835.85,6,Myntra,ATM,Success
506486,102262,2027-04-24 11:54:00,Deposit,45666.86,19,Uber,UPI,Success
506487,102279,2027-04-29 23:53:00,UPI,1597.87,32,IRCTC,Debit Card,Success
506488,102296,2027-05-05 11:52:00,Card Payment,7428.88,45,Reliance,Credit Card,Success
506489,102313,2027-05-10 23:51:00,ATM Withdrawal,13259.89,8,DMart,Net Banking,Success
506490,102330,2027-05-16 11:50:00,Online Transfer,19090.9,21,Netflix,ATM,Success
506491,102347,2027-05-21 23:49:00,Cash Withdrawal,24921.91,34,PhonePe,UPI,Success
506492,102364,2027-05-27 11:48:00,Deposit,30752.92,47,Google Pay,Debit Card,Success
506493,102381,2027-06-01 23:47:00,UPI,36583.93,10,Amazon,Credit Card,Success
506494,102398,2027-06-07 11:46:00,Card Payment,42414.94,23,Flipkart,Net Banking,Success
506495,102415,2027-06-12 23:45:00,ATM Withdrawal,48245.95,36,Swiggy,ATM,Success
506496,102432,2027-06-18 11:44:00,Online Transfer,4176.96,49,Zomato,UPI,Success
506497,102449,2027-06-23 23:43:00,Cash Withdrawal,172243.0,12,Myntra,Debit Card,Success
506498,102466,2027-06-29 11:42:00,Deposit,15838.98,25,Uber,Credit Card,Success
506499,102483,2027-07-04 23:41:00,UPI,21669.99,38,IRCTC,Net Banking,Pending
506500,102500,2027-07-10 11:40:00,Card Payment,27500.0,1,Reliance,ATM,Success
506501,102517,2027-07-15 23:39:00,ATM Withdrawal,33331.01,14,DMart,UPI,Success
506502,102534,2027-07-21 11:38:00,Online Transfer,39162.02,27,Netflix,Debit Card,Success
506503,102551,2027-07-26 23:37:00,Cash Withdrawal,44993.03,40,PhonePe,Credit Card,Success
506504,102568,2027-08-01 11:36:00,Deposit,924.04,3,Google Pay,Net Banking,Success
506505,102585,2027-08-06 23:35:00,UPI,6755.05,16,Amazon,ATM,Success
506506,102602,2027-08-12 11:34:00,Card Payment,12586.06,29,Flipkart,UPI,Success
506507,102619,2027-08-17 23:33:00,ATM Withdrawal,18417.07,42,Swiggy,Debit Card,Success
506508,102636,2027-08-23 11:32:00,Online Transfer,24248.08,5,Zomato,Credit Card,Success
506509,102653,2027-08-28 23:31:00,Cash Withdrawal,30079.09,18,Myntra,Net Banking,Success
506510,102670,2027-09-03 11:30:00,Deposit,35910.1,31,Uber,ATM,Success
506511,102687,2027-09-08 23:29:00,UPI,41741.11,44,IRCTC,UPI,Success
506512,102704,2027-09-14 11:28:00,Card Payment,47572.12,7,Reliance,Debit Card,Success
506513,102721,2027-09-19 23:27:00,ATM Withdrawal,3503.13,20,DMart,Credit Card,Success
506514,102738,2027-09-25 11:26:00,Online Transfer,9334.14,33,Netflix,Net Banking,Success
506515,102755,2027-09-30 23:25:00,Cash Withdrawal,15165.15,46,PhonePe,ATM,Success
506516,102772,2027-10-06 11:24:00,Deposit,20996.16,9,Google Pay,UPI,Success
506517,102789,2027-10-11 23:23:00,UPI,26827.17,22,Amazon,Debit Card,Success
506518,102806,2027-10-17 11:22:00,Card Payment,32658.18,35,Flipkart,Credit Card,Success
506519,102823,2027-10-22 23:21:00,ATM Withdrawal,38489.19,48,Swiggy,Net Banking,Success
506520,102840,2027-10-28 11:20:00,Online Transfer,44320.2,11,Zomato,ATM,Success
506521,102857,2027-11-02 23:19:00,Cash Withdrawal,251.21,24,Myntra,UPI,Success
506522,102874,2027-11-08 11:18:00,Deposit,6082.22,37,Uber,Debit Card,Success
506523,102891,2027-11-13 23:17:00,UPI,11913.23,50,IRCTC,Credit Card,Success
506524,102908,2027-11-19 11:16:00,Card Payment,17744.24,13,Reliance,Net Banking,Success
506525,102925,2027-11-24 23:15:00,ATM Withdrawal,23575.25,26,DMart,ATM,Success
506526,102942,2027-11-30 11:14:00,Online Transfer,29406.26,39,Netflix,UPI,Success
506527,102959,2027-12-05 23:13:00,Cash Withdrawal,35237.27,2,PhonePe,Debit Card,Success
506528,102976,2027-12-11 11:12:00,Deposit,41068.28,15,Google Pay,Credit Card,Success
506529,102993,2027-12-16 23:11:00,UPI,46899.29,28,Amazon,Net Banking,Success
506530,100010,2027-12-22 11:10:00,Card Payment,2830.3,41,Flipkart,ATM,Success
506531,100027,2027-12-27 23:09:00,ATM Withdrawal,8661.31,4,Swiggy,UPI,Success
506532,100044,2028-01-02 11:08:00,Online Transfer,14492.32,17,Zomato,Debit Card,Success
506533,100061,2028-01-07 23:07:00,Cash Withdrawal,20323.33,30,Myntra,Credit Card,Success
506534,100078,2028-01-13 11:06:00,Deposit,26154.34,43,Uber,Net Banking,Success
506535,100095,2028-01-18 23:05:00,UPI,31985.35,6,IRCTC,ATM,Success
506536,100112,2028-01-24 11:04:00,Card Payment,37816.36,19,Reliance,UPI,Success
506537,100129,2028-01-29 23:03:00,ATM Withdrawal,43647.37,32,DMart,Debit Card,Success
506538,100146,2028-02-04 11:02:00,Online Transfer,49478.38,45,Netflix,Credit Card,Success
506539,100163,2028-02-09 23:01:00,Cash Withdrawal,5409.39,8,PhonePe,Net Banking,Success
506540,100180,2028-02-15 11:00:00,Deposit,11240.4,21,Google Pay,ATM,Success
506541,100197,2028-02-20 22:59:00,UPI,17071.41,34,Amazon,UPI,Success
506542,100214,2028-02-26 10:58:00,Card Payment,22902.42,47,Flipkart,Debit Card,Success
506543,100231,2028-03-02 22:57:00,ATM Withdrawal,28733.43,10,Swiggy,Credit Card,Success
506544,100248,2028-03-08 10:56:00,Online Transfer,34564.44,23,Zomato,Net Banking,Success
506545,100265,2028-03-13 22:55:00,Cash Withdrawal,40395.45,36,Myntra,ATM,Success
506546,100282,2028-03-19 10:54:00,Deposit,46226.46,49,Uber,UPI,Success
506547,100299,2028-03-24 22:53:00,UPI,2157.47,12,IRCTC,Debit Card,Success
506548,100316,2028-03-30 10:52:00,Card Payment,7988.48,25,Reliance,Credit Card,Success
506549,100333,2028-04-04 22:51:00,ATM Withdrawal,13819.49,38,DMart,Net Banking,Success
506550,100350,2028-04-10 10:50:00,Online Transfer,19650.5,1,Netflix,ATM,Success
506551,100367,2028-04-15 22:49:00,Cash Withdrawal,25481.51,14,PhonePe,UPI,Success
506552,100384,2028-04-21 10:48:00,Deposit,31312.52,27,Google Pay,Debit Card,Success
506553,100401,2028-04-26 22:47:00,UPI,37143.53,40,Amazon,Credit Card,Success
506554,100418,2028-05-02 10:46:00,Card Payment,42974.54,3,Flipkart,Net Banking,Failed
506555,100435,2028-05-07 22:45:00,ATM Withdrawal,48805.55,16,Swiggy,ATM,Success
506556,100452,2028-05-13 10:44:00,Online Transfer,4736.56,29,Zomato,UPI,Success
506557,100469,2028-05-18 22:43:00,Cash Withdrawal,10567.57,42,Myntra,Debit Card,Success
506558,100486,2028-05-24 10:42:00,Deposit,16398.58,5,Uber,Credit Card,Success
506559,100503,2028-05-29 22:41:00,UPI,22229.59,18,IRCTC,Net Banking,Success
506560,100520,2028-06-04 10:40:00,Card Payment,28060.6,31,Reliance,ATM,Success
506561,100537,2028-06-09 22:39:00,ATM Withdrawal,33891.61,44,DMart,UPI,Success
506562,100554,2028-06-15 10:38:00,Online Transfer,39722.62,7,Netflix,Debit Card,Success
506563,100571,2028-06-20 22:37:00,Cash Withdrawal,45553.63,20,PhonePe,Credit Card,Success
506564,100588,2028-06-26 10:36:00,Deposit,1484.64,33,Google Pay,Net Banking,Success
506565,100605,2028-07-01 22:35:00,UPI,7315.65,46,Amazon,ATM,Success
506566,100622,2028-07-07 10:34:00,Card Payment,13146.66,9,Flipkart,UPI,Pending
506567,100639,2028-07-12 22:33:00,ATM Withdrawal,18977.67,22,Swiggy,Debit Card,Success
506568,100656,2028-07-18 10:32:00,Online Transfer,24808.68,35,Zomato,Credit Card,Success
506569,100673,2028-07-23 22:31:00,Cash Withdrawal,30639.69,48,Myntra,Net Banking,Success
506570,100690,2028-07-29 10:30:00,Deposit,36470.7,11,Uber,ATM,Success
506571,100707,2028-08-03 22:29:00,UPI,42301.71,24,IRCTC,UPI,Success
506572,100724,2028-08-09 10:28:00,Card Payment,48132.72,37,Reliance,Debit Card,Success
506573,100741,2028-08-14 22:27:00,ATM Withdrawal,4063.73,50,DMart,Credit Card,Success
506574,100758,2028-08-20 10:26:00,Online Transfer,9894.74,13,Netflix,Net Banking,Success
506575,100775,2028-08-25 22:25:00,Cash Withdrawal,15725.75,26,PhonePe,ATM,Success
506576,100792,2028-08-31 10:24:00,Deposit,21556.76,39,Google Pay,UPI,Success
506577,100809,2028-09-05 22:23:00,UPI,27387.77,2,Amazon,Debit Card,Success
506578,100826,2028-09-11 10:22:00,Card Payment,33218.78,15,Flipkart,Credit Card,Success
506579,100843,2028-09-16 22:21:00,ATM Withdrawal,39049.79,28,Swiggy,Net Banking,Success
506580,100860,2028-09-22 10:20:00,Online Transfer,44880.8,41,Zomato,ATM,Success
506581,100877,2028-09-27 22:19:00,Cash Withdrawal,811.81,4,Myntra,UPI,Success
506582,100894,2028-10-03 10:18:00,Deposit,6642.82,17,Uber,Debit Card,Success
506583,100911,2028-10-08 22:17:00,UPI,12473.83,30,IRCTC,Credit Card,Success
506584,100928,2028-10-14 10:16:00,Card Payment,18304.84,43,Reliance,Net Banking,Success
506585,100945,2028-10-19 22:15:00,ATM Withdrawal,24135.85,6,DMart,ATM,Success
506586,100962,2028-10-25 10:14:00,Online Transfer,209534.0,19,Netflix,UPI,Success
506587,100979,2028-10-30 22:13:00,Cash Withdrawal,35797.87,32,PhonePe,Debit Card,Success
506588,100996,2028-11-05 10:12:00,Deposit,41628.88,45,Google Pay,Credit Card,Success
506589,101013,2028-11-10 22:11:00,UPI,47459.89,8,Amazon,Net Banking,Success
506590,101030,2028-11-16 10:10:00,Card Payment,3390.9,21,Flipkart,ATM,Success
506591,101047,2028-11-21 22:09:00,ATM Withdrawal,9221.91,34,Swiggy,UPI,Success
506592,101064,2028-11-27 10:08:00,Online Transfer,15052.92,47,Zomato,Debit Card,Success
506593,101081,2028-12-02 22:07:00,Cash Withdrawal,20883.93,10,Myntra,Credit Card,Success
506594,101098,2028-12-08 10:06:00,Deposit,26714.94,23,Uber,Net Banking,Success
506595,101115,2028-12-13 22:05:00,UPI,32545.95,36,IRCTC,ATM,Success
506596,101132,2028-12-19 10:04:00,Card Payment,38376.96,49,Reliance,UPI,Success
506597,101149,2028-12-24 22:03:00,ATM Withdrawal,44207.97,12,DMart,Debit Card,Success
506598,101166,2028-12-30 10:02:00,Online Transfer,138.98,25,Netflix,Credit Card,Success
506599,101183,2029-01-04 22:01:00,Cash Withdrawal,5969.99,38,PhonePe,Net Banking,Success
506600,101200,2029-01-10 10:00:00,Deposit,11800.0,1,Google Pay,ATM,Success
506601,101217,2029-01-15 21:59:00,UPI,17631.01,14,Amazon,UPI,Success
506602,101234,2029-01-21 09:58:00,Card Payment,23462.02,27,Flipkart,Debit Card,Success
506603,101251,2029-01-26 21:57:00,ATM Withdrawal,29293.03,40,Swiggy,Credit Card,Success
506604,101268,2029-02-01 09:56:00,Online Transfer,577524.0,3,Zomato,Net Banking,Success
506605,101285,2029-02-06 21:55:00,Cash Withdrawal,40955.05,16,Myntra,ATM,Success
506606,101302,2029-02-12 09:54:00,Deposit,46786.06,29,Uber,UPI,Success
506607,101319,2029-02-17 21:53:00,UPI,2717.07,42,IRCTC,Debit Card,Success
506608,101336,2029-02-23 09:52:00,Card Payment,8548.08,5,Reliance,Credit Card,Success
506609,101353,2029-02-28 21:51:00,ATM Withdrawal,14379.09,18,DMart,Net Banking,Success
506610,101370,2029-03-06 09:50:00,Online Transfer,20210.1,31,Netflix,ATM,Success
506611,101387,2029-03-11 21:49:00,Cash Withdrawal,26041.11,44,PhonePe,UPI,Success
506612,101404,2029-03-17 09:48:00,Deposit,31872.12,7,Google Pay,Debit Card,Success
506613,101421,2029-03-22 21:47:00,UPI,37703.13,20,Amazon,Credit Card,Success
506614,101438,2029-03-28 09:46:00,Card Payment,43534.14,33,Flipkart,Net Banking,Success
506615,101455,2029-04-02 21:45:00,ATM Withdrawal,49365.15,46,Swiggy,ATM,Success
506616,101472,2029-04-08 09:44:00,Online Transfer,5296.16,9,Zomato,UPI,Success
506617,101489,2029-04-13 21:43:00,Cash Withdrawal,11127.17,22,Myntra,Debit Card,Success
506618,101506,2029-04-19 09:42:00,Deposit,16958.18,35,Uber,Credit Card,Success
506619,101523,2029-04-24 21:41:00,UPI,22789.19,48,IRCTC,Net Banking,Success
506620,101540,2029-04-30 09:40:00,Card Payment,28620.2,11,Reliance,ATM,Success
506621,101557,2029-05-05 21:39:00,ATM Withdrawal,34451.21,24,DMart,UPI,Success
506622,101574,2029-05-11 09:38:00,Online Transfer,40282.22,37,Netflix,Debit Card,Success
506623,101591,2029-05-16 21:37:00,Cash Withdrawal,46113.23,50,PhonePe,Credit Card,Success
506624,101608,2029-05-22 09:36:00,Deposit,2044.24,13,Google Pay,Net Banking,Success
506625,101625,2029-05-27 21:35:00,UPI,7875.25,26,Amazon,ATM,Success
506626,101642,2029-06-02 09:34:00,Card Payment,13706.26,39,Flipkart,UPI,Success
506627,101659,2029-06-07 21:33:00,ATM Withdrawal,19537.27,2,Swiggy,Debit Card,Success
506628,101676,2029-06-13 09:32:00,Online Transfer,25368.28,15,Zomato,Credit Card,Success
506629,101693,2029-06-18 21:31:00,Cash Withdrawal,31199.29,28,Myntra,Net Banking,Success
506630,101710,2029-06-24 09:30:00,Deposit,37030.3,41,Uber,ATM,Success
506631,101727,2029-06-29 21:29:00,UPI,42861.31,4,IRCTC,UPI,Success
506632,101744,2029-07-05 09:28:00,Card Payment,48692.32,17,Reliance,Debit Card,Success
506633,101761,2029-07-10 21:27:00,ATM Withdrawal,4623.33,30,DMart,Credit Card,Pending
506634,101778,2029-07-16 09:26:00,Online Transfer,10454.34,43,Netflix,Net Banking,Success
506635,101795,2029-07-21 21:25:00,Cash Withdrawal,16285.35,6,PhonePe,ATM,Success
506636,101812,2029-07-27 09:24:00,Deposit,22116.36,19,Google Pay,UPI,Success
506637,101829,2029-08-01 21:23:00,UPI,27947.37,32,Amazon,Debit Card,Success
506638,101846,2029-08-07 09:22:00,Card Payment,33778.38,45,Flipkart,Credit Card,Success
506639,101863,2029-08-12 21:21:00,ATM Withdrawal,39609.39,8,Swiggy,Net Banking,Success
506640,101880,2029-08-18 09:20:00,Online Transfer,45440.4,21,Zomato,ATM,Success
506641,101897,2029-08-23 21:19:00,Cash Withdrawal,1371.41,34,Myntra,UPI,Success
506642,101914,2029-08-29 09:18:00,Deposit,7202.42,47,Uber,Debit Card,Success
506643,101931,2029-09-03 21:17:00,UPI,13033.43,10,IRCTC,Credit Card,Success
506644,101948,2029-09-09 09:16:00,Card Payment,18864.44,23,Reliance,Net Banking,Success
506645,101965,2029-09-14 21:15:00,ATM Withdrawal,24695.45,36,DMart,ATM,Success
506646,101982,2029-09-20 09:14:00,Online Transfer,30526.46,49,Netflix,UPI,Success
506647,101999,2029-09-25 21:13:00,Cash Withdrawal,36357.47,12,PhonePe,Debit Card,Success
506648,102016,2029-10-01 09:12:00,Deposit,42188.48,25,Google Pay,Credit Card,Success
506649,102033,2029-10-06 21:11:00,UPI,48019.49,38,Amazon,Net Banking,Success
506650,102050,2029-10-12 09:10:00,Card Payment,3950.5,1,Flipkart,ATM,Success
506651,102067,2029-10-17 21:09:00,ATM Withdrawal,9781.51,14,Swiggy,UPI,Success
506652,102084,2029-10-23 09:08:00,Online Transfer,15612.52,27,Zomato,Debit Card,Success
506653,102101,2029-10-28 21:07:00,Cash Withdrawal,21443.53,40,Myntra,Credit Card,Success
506654,102118,2029-11-03 09:06:00,Deposit,27274.54,3,Uber,Net Banking,Success
506655,102135,2029-11-08 21:05:00,UPI,33105.55,16,IRCTC,ATM,Success
506656,102152,2029-11-14 09:04:00,Card Payment,38936.56,29,Reliance,UPI,Success
506657,102169,2029-11-19 21:03:00,ATM Withdrawal,44767.57,42,DMart,Debit Card,Success
506658,102186,2029-11-25 09:02:00,Online Transfer,698.58,5,Netflix,Credit Card,Success
506659,102203,2029-11-30 21:01:00,Cash Withdrawal,6529.59,18,PhonePe,Net Banking,Success
506660,102220,2029-12-06 09:00:00,Deposit,12360.6,31,Google Pay,ATM,Success
506661,102237,2029-12-11 20:59:00,UPI,18191.61,44,Amazon,UPI,Success
506662,102254,2029-12-17 08:58:00,Card Payment,24022.62,7,Flipkart,Debit Card,Success
506663,102271,2029-12-22 20:57:00,ATM Withdrawal,29853.63,20,Swiggy,Credit Card,Success
506664,102288,2029-12-28 08:56:00,Online Transfer,35684.64,33,Zomato,Net Banking,Success
506665,102305,2030-01-02 20:55:00,Cash Withdrawal,41515.65,46,Myntra,ATM,Success
506666,102322,2030-01-08 08:54:00,Deposit,47346.66,9,Uber,UPI,Success
506667,102339,2030-01-13 20:53:00,UPI,3277.67,22,IRCTC,Debit Card,Failed
506668,102356,2030-01-19 08:52:00,Card Payment,9108.68,35,Reliance,Credit Card,Success
506669,102373,2030-01-24 20:51:00,ATM Withdrawal,14939.69,48,DMart,Net Banking,Success
506670,102390,2030-01-30 08:50:00,Online Transfer,20770.7,11,Netflix,ATM,Success
506671,102407,2030-02-04 20:49:00,Cash Withdrawal,26601.71,24,PhonePe,UPI,Success
506672,102424,2030-02-10 08:48:00,Deposit,32432.72,37,Google Pay,Debit Card,Success
506673,102441,2030-02-15 20:47:00,UPI,38263.73,50,Amazon,Credit Card,Success
506674,102458,2030-02-21 08:46:00,Card Payment,44094.74,13,Flipkart,Net Banking,Success
506675,102475,2030-02-26 20:45:00,ATM Withdrawal,246825.0,26,Swiggy,ATM,Success
506676,102492,2030-03-04 08:44:00,Online Transfer,5856.76,39,Zomato,UPI,Success
506677,102509,2030-03-09 20:43:00,Cash Withdrawal,11687.77,2,Myntra,Debit Card,Success
506678,102526,2026-01-05 08:42:00,Deposit,17518.78,15,Uber,Credit Card,Success
506679,102543,2026-01-10 20:41:00,UPI,23349.79,28,IRCTC,Net Banking,Success
506680,102560,2026-01-16 08:40:00,Card Payment,29180.8,41,Reliance,ATM,Success
506681,102577,2026-01-21 20:39:00,ATM Withdrawal,35011.81,4,DMart,UPI,Success
506682,102594,2026-01-27 08:38:00,Online Transfer,40842.82,17,Netflix,Debit Card,Success
506683,102611,2026-02-01 20:37:00,Cash Withdrawal,46673.83,30,PhonePe,Credit Card,Success
506684,102628,2026-02-07 08:36:00,Deposit,2604.84,43,Google Pay,Net Banking,Success
506685,102645,2026-02-12 20:35:00,UPI,8435.85,6,Amazon,ATM,Success
506686,102662,2026-02-18 08:34:00,Card Payment,14266.86,19,Flipkart,UPI,Success
506687,102679,2026-02-23 20:33:00,ATM Withdrawal,20097.87,32,Swiggy,Debit Card,Success
506688,102696,2026-03-01 08:32:00,Online Transfer,25928.88,45,Zomato,Credit Card,Success
506689,102713,2026-03-06 20:31:00,Cash Withdrawal,31759.89,8,Myntra,Net Banking,Success
506690,102730,2026-03-12 08:30:00,Deposit,37590.9,21,Uber,ATM,Success
506691,102747,2026-03-17 20:29:00,UPI,43421.91,34,IRCTC,UPI,Success
506692,102764,2026-03-23 08:28:00,Card Payment,49252.92,47,Reliance,Debit Card,Success
506693,102781,2026-03-28 20:27:00,ATM Withdrawal,5183.93,10,DMart,Credit Card,Success
506694,102798,2026-04-03 08:26:00,Online Transfer,11014.94,23,Netflix,Net Banking,Success
506695,102815,2026-04-08 20:25:00,Cash Withdrawal,16845.95,36,PhonePe,ATM,Success
506696,102832,2026-04-14 08:24:00,Deposit,22676.96,49,Google Pay,UPI,Success
506697,102849,2026-04-19 20:23:00,UPI,28507.97,12,Amazon,Debit Card,Success
506698,102866,2026-04-25 08:22:00,Card Payment,34338.98,25,Flipkart,Credit Card,Success
506699,102883,2026-04-30 20:21:00,ATM Withdrawal,40169.99,38,Swiggy,Net Banking,Success
506700,102900,2026-05-06 08:20:00,Online Transfer,46000.0,1,Zomato,ATM,Pending
506701,102917,2026-05-11 20:19:00,Cash Withdrawal,1931.01,14,Myntra,UPI,Success
506702,102934,2026-05-17 08:18:00,Deposit,7762.02,27,Uber,Debit Card,Success
506703,102951,2026-05-22 20:17:00,UPI,13593.03,40,IRCTC,Credit Card,Success
506704,102968,2026-05-28 08:16:00,Card Payment,19424.04,3,Reliance,Net Banking,Success
506705,102985,2026-06-02 20:15:00,ATM Withdrawal,25255.05,16,DMart,ATM,Success
506706,100002,2026-06-08 08:14:00,Online Transfer,31086.06,29,Netflix,UPI,Success
506707,100019,2026-06-13 20:13:00,Cash Withdrawal,36917.07,42,PhonePe,Debit Card,Success
506708,100036,2026-06-19 08:12:00,Deposit,42748.08,5,Google Pay,Credit Card,Success
506709,100053,2026-06-24 20:11:00,UPI,48579.09,18,Amazon,Net Banking,Success
506710,100070,2026-06-30 08:10:00,Card Payment,4510.1,31,Flipkart,ATM,Success
506711,100087,2026-07-05 20:09:00,ATM Withdrawal,10341.11,44,Swiggy,UPI,Success
506712,100104,2026-07-11 08:08:00,Online Transfer,16172.12,7,Zomato,Debit Card,Success
506713,100121,2026-07-16 20:07:00,Cash Withdrawal,22003.13,20,Myntra,Credit Card,Success
506714,100138,2026-07-22 08:06:00,Deposit,27834.14,33,Uber,Net Banking,Success
506715,100155,2026-07-27 20:05:00,UPI,33665.15,46,IRCTC,ATM,Success
506716,100172,2026-08-02 08:04:00,Card Payment,39496.16,9,Reliance,UPI,Success
506717,100189,2026-08-07 20:03:00,ATM Withdrawal,45327.17,22,DMart,Debit Card,Success
506718,100206,2026-08-13 08:02:00,Online Transfer,1258.18,35,Netflix,Credit Card,Success
506719,100223,2026-08-18 20:01:00,Cash Withdrawal,7089.19,48,PhonePe,Net Banking,Success
506720,100240,2026-08-24 08:00:00,Deposit,12920.2,11,Google Pay,ATM,Success
506721,100257,2026-08-29 19:59:00,UPI,18751.21,24,Amazon,UPI,Success
506722,100274,2026-09-04 07:58:00,Card Payment,24582.22,37,Flipkart,Debit Card,Success
506723,100291,2026-09-09 19:57:00,ATM Withdrawal,30413.23,50,Swiggy,Credit Card,Success
506724,100308,2026-09-15 07:56:00,Online Transfer,36244.24,13,Zomato,Net Banking,Success
506725,100325,2026-09-20 19:55:00,Cash Withdrawal,42075.25,26,Myntra,ATM,Success
506726,100342,2026-09-26 07:54:00,Deposit,47906.26,39,Uber,UPI,Success
506727,100359,2026-10-01 19:53:00,UPI,3837.27,2,IRCTC,Debit Card,Success
506728,100376,2026-10-07 07:52:00,Card Payment,9668.28,15,Reliance,Credit Card,Success
506729,100393,2026-10-12 19:51:00,ATM Withdrawal,15499.29,28,DMart,Net Banking,Success
506730,100410,2026-10-18 07:50:00,Online Transfer,21330.3,41,Netflix,ATM,Success
506731,100427,2026-10-23 19:49:00,Cash Withdrawal,670361.0,4,PhonePe,UPI,Success
506732,100444,2026-10-29 07:48:00,Deposit,32992.32,17,Google Pay,Debit Card,Success
506733,100461,2026-11-03 19:47:00,UPI,38823.33,30,Amazon,Credit Card,Success
506734,100478,2026-11-09 07:46:00,Card Payment,44654.34,43,Flipkart,Net Banking,Success
506735,100495,2026-11-14 19:45:00,ATM Withdrawal,585.35,6,Swiggy,ATM,Success
506736,100512,2026-11-20 07:44:00,Online Transfer,6416.36,19,Zomato,UPI,Success
506737,100529,2026-11-25 19:43:00,Cash Withdrawal,12247.37,32,Myntra,Debit Card,Success
506738,100546,2026-12-01 07:42:00,Deposit,18078.38,45,Uber,Credit Card,Success
506739,100563,2026-12-06 19:41:00,UPI,23909.39,8,IRCTC,Net Banking,Success
506740,100580,2026-12-12 07:40:00,Card Payment,29740.4,21,Reliance,ATM,Success
506741,100597,2026-12-17 19:39:00,ATM Withdrawal,35571.41,34,DMart,UPI,Success
506742,100614,2026-12-23 07:38:00,Online Transfer,41402.42,47,Netflix,Debit Card,Success
506743,100631,2026-12-28 19:37:00,Cash Withdrawal,47233.43,10,PhonePe,Credit Card,Success
506744,100648,2027-01-03 07:36:00,Deposit,3164.44,23,Google Pay,Net Banking,Success
506745,100665,2027-01-08 19:35:00,UPI,8995.45,36,Amazon,ATM,Success
506746,100682,2027-01-14 07:34:00,Card Payment,14826.46,49,Flipkart,UPI,Success
506747,100699,2027-01-19 19:33:00,ATM Withdrawal,20657.47,12,Swiggy,Debit Card,Success
506748,100716,2027-01-25 07:32:00,Online Transfer,26488.48,25,Zomato,Credit Card,Success
506749,100733,2027-01-30 19:31:00,Cash Withdrawal,32319.49,38,Myntra,Net Banking,Success
506750,100750,2027-02-05 07:30:00,Deposit,38150.5,1,Uber,ATM,Success
506751,100767,2027-02-10 19:29:00,UPI,43981.51,14,IRCTC,UPI,Success
506752,100784,2027-02-16 07:28:00,Card Payment,49812.52,27,Reliance,Debit Card,Success
506753,100801,2027-02-21 19:27:00,ATM Withdrawal,5743.53,40,DMart,Credit Card,Success
506754,100818,2027-02-27 07:26:00,Online Transfer,11574.54,3,Netflix,Net Banking,Success
506755,100835,2027-03-04 19:25:00,Cash Withdrawal,17405.55,16,PhonePe,ATM,Success
506756,100852,2027-03-10 07:24:00,Deposit,23236.56,29,Google Pay,UPI,Success
506757,100869,2027-03-15 19:23:00,UPI,29067.57,42,Amazon,Debit Card,Success
506758,100886,2027-03-21 07:22:00,Card Payment,34898.58,5,Flipkart,Credit Card,Success
506759,100903,2027-03-26 19:21:00,ATM Withdrawal,40729.59,18,Swiggy,Net Banking,Success
506760,100920,2027-04-01 07:20:00,Online Transfer,46560.6,31,Zomato,ATM,Success
506761,100937,2027-04-06 19:19:00,Cash Withdrawal,2491.61,44,Myntra,UPI,Success
506762,100954,2027-04-12 07:18:00,Deposit,8322.62,7,Uber,Debit Card,Success
506763,100971,2027-04-17 19:17:00,UPI,14153.63,20,IRCTC,Credit Card,Success
506764,100988,2027-04-23 07:16:00,Card Payment,284116.0,33,Reliance,Net Banking,Success
506765,101005,2027-04-28 19:15:00,ATM Withdrawal,25815.65,46,DMart,ATM,Success
506766,101022,2027-05-04 07:14:00,Online Transfer,31646.66,9,Netflix,UPI,Success
506767,101039,2027-05-09 19:13:00,Cash Withdrawal,37477.67,22,PhonePe,Debit Card,Pending
506768,101056,2027-05-15 07:12:00,Deposit,43308.68,35,Google Pay,Credit Card,Success
506769,101073,2027-05-20 19:11:00,UPI,49139.69,48,Amazon,Net Banking,Success
506770,101090,2027-05-26 07:10:00,Card Payment,5070.7,11,Flipkart,ATM,Success
506771,101107,2027-05-31 19:09:00,ATM Withdrawal,10901.71,24,Swiggy,UPI,Success
506772,101124,2027-06-06 07:08:00,Online Transfer,16732.72,37,Zomato,Debit Card,Success
506773,101141,2027-06-11 19:07:00,Cash Withdrawal,22563.73,50,Myntra,Credit Card,Success
506774,101158,2027-06-17 07:06:00,Deposit,28394.74,13,Uber,Net Banking,Success
506775,101175,2027-06-22 19:05:00,UPI,34225.75,26,IRCTC,ATM,Success
506776,101192,2027-06-28 07:04:00,Card Payment,40056.76,39,Reliance,UPI,Success
506777,101209,2027-07-03 19:03:00,ATM Withdrawal,45887.77,2,DMart,Debit Card,Success
506778,101226,2027-07-09 07:02:00,Online Transfer,1818.78,15,Netflix,Credit Card,Success
506779,101243,2027-07-14 19:01:00,Cash Withdrawal,7649.79,28,PhonePe,Net Banking,Success
506780,101260,2027-07-20 07:00:00,Deposit,13480.8,41,Google Pay,ATM,Failed
506781,101277,2027-07-25 18:59:00,UPI,19311.81,4,Amazon,UPI,Success
506782,101294,2027-07-31 06:58:00,Card Payment,25142.82,17,Flipkart,Debit Card,Success
506783,101311,2027-08-05 18:57:00,ATM Withdrawal,30973.83,30,Swiggy,Credit Card,Success
506784,101328,2027-08-11 06:56:00,Online Transfer,36804.84,43,Zomato,Net Banking,Success
506785,101345,2027-08-16 18:55:00,Cash Withdrawal,42635.85,6,Myntra,ATM,Success
506786,101362,2027-08-22 06:54:00,Deposit,48466.86,19,Uber,UPI,Success
506787,101379,2027-08-27 18:53:00,UPI,4397.87,32,IRCTC,Debit Card,Success
506788,101396,2027-09-02 06:52:00,Card Payment,10228.88,45,Reliance,Credit Card,Success
506789,101413,2027-09-07 18:51:00,ATM Withdrawal,16059.89,8,DMart,Net Banking,Success
506790,101430,2027-09-13 06:50:00,Online Transfer,21890.9,21,Netflix,ATM,Success
506791,101447,2027-09-18 18:49:00,Cash Withdrawal,27721.91,34,PhonePe,UPI,Success
506792,101464,2027-09-24 06:48:00,Deposit,33552.92,47,Google Pay,Debit Card,Success
506793,101481,2027-09-29 18:47:00,UPI,39383.93,10,Amazon,Credit Card,Success
506794,101498,2027-10-05 06:46:00,Card Payment,45214.94,23,Flipkart,Net Banking,Success
506795,101515,2027-10-10 18:45:00,ATM Withdrawal,1145.95,36,Swiggy,ATM,Success
506796,101532,2027-10-16 06:44:00,Online Transfer,6976.96,49,Zomato,UPI,Success
506797,101549,2027-10-21 18:43:00,Cash Withdrawal,12807.97,12,Myntra,Debit Card,Success
506798,101566,2027-10-27 06:42:00,Deposit,18638.98,25,Uber,Credit Card,Success
506799,101583,2027-11-01 18:41:00,UPI,24469.99,38,IRCTC,Net Banking,Success
506800,101600,2027-11-07 06:40:00,Card Payment,30300.0,1,Reliance,ATM,Success
506801,101617,2027-11-12 18:39:00,ATM Withdrawal,36131.01,14,DMart,UPI,Success
506802,101634,2027-11-18 06:38:00,Online Transfer,41962.02,27,Netflix,Debit Card,Success
506803,101651,2027-11-23 18:37:00,Cash Withdrawal,47793.03,40,PhonePe,Credit Card,Success
506804,101668,2027-11-29 06:36:00,Deposit,3724.04,3,Google Pay,Net Banking,Success
506805,101685,2027-12-04 18:35:00,UPI,9555.05,16,Amazon,ATM,Success
506806,101702,2027-12-10 06:34:00,Card Payment,15386.06,29,Flipkart,UPI,Success
506807,101719,2027-12-15 18:33:00,ATM Withdrawal,21217.07,42,Swiggy,Debit Card,Success
506808,101736,2027-12-21 06:32:00,Online Transfer,27048.08,5,Zomato,Credit Card,Success
506809,101753,2027-12-26 18:31:00,Cash Withdrawal,32879.09,18,Myntra,Net Banking,Success
506810,101770,2028-01-01 06:30:00,Deposit,38710.1,31,Uber,ATM,Success
506811,101787,2028-01-06 18:29:00,UPI,44541.11,44,IRCTC,UPI,Success
506812,101804,2028-01-12 06:28:00,Card Payment,472.12,7,Reliance,Debit Card,Success
506813,101821,2028-01-17 18:27:00,ATM Withdrawal,6303.13,20,DMart,Credit Card,Success
506814,101838,2028-01-23 06:26:00,Online Transfer,12134.14,33,Netflix,Net Banking,Success
506815,101855,2028-01-28 18:25:00,Cash Withdrawal,17965.15,46,PhonePe,ATM,Success
506816,101872,2028-02-03 06:24:00,Deposit,23796.16,9,Google Pay,UPI,Success
506817,101889,2028-02-08 18:23:00,UPI,29627.17,22,Amazon,Debit Card,Success
506818,101906,2028-02-14 06:22:00,Card Payment,35458.18,35,Flipkart,Credit Card,Success
506819,101923,2028-02-19 18:21:00,ATM Withdrawal,41289.19,48,Swiggy,Net Banking,Success
506820,101940,2028-02-25 06:20:00,Online Transfer,47120.2,11,Zomato,ATM,Success
506821,101957,2028-03-01 18:19:00,Cash Withdrawal,3051.21,24,Myntra,UPI,Success
506822,101974,2028-03-07 06:18:00,Deposit,8882.22,37,Uber,Debit Card,Success
506823,101991,2028-03-12 18:17:00,UPI,14713.23,50,IRCTC,Credit Card,Success
506824,102008,2028-03-18 06:16:00,Card Payment,20544.24,13,Reliance,Net Banking,Success
506825,102025,2028-03-23 18:15:00,ATM Withdrawal,26375.25,26,DMart,ATM,Success
506826,102042,2028-03-29 06:14:00,Online Transfer,32206.26,39,Netflix,UPI,Success
506827,102059,2028-04-03 18:13:00,Cash Withdrawal,38037.27,2,PhonePe,Debit Card,Success
506828,102076,2028-04-09 06:12:00,Deposit,43868.28,15,Google Pay,Credit Card,Success
506829,102093,2028-04-14 18:11:00,UPI,49699.29,28,Amazon,Net Banking,Success
506830,102110,2028-04-20 06:10:00,Card Payment,5630.3,41,Flipkart,ATM,Success
506831,102127,2028-04-25 18:09:00,ATM Withdrawal,11461.31,4,Swiggy,UPI,Success
506832,102144,2028-05-01 06:08:00,Online Transfer,17292.32,17,Zomato,Debit Card,Success
506833,102161,2028-05-06 18:07:00,Cash Withdrawal,23123.33,30,Myntra,Credit Card,Success
506834,102178,2028-05-12 06:06:00,Deposit,28954.34,43,Uber,Net Banking,Pending
506835,102195,2028-05-17 18:05:00,UPI,34785.35,6,IRCTC,ATM,Success
506836,102212,2028-05-23 06:04:00,Card Payment,40616.36,19,Reliance,UPI,Success
506837,102229,2028-05-28 18:03:00,ATM Withdrawal,46447.37,32,DMart,Debit Card,Success
506838,102246,2028-06-03 06:02:00,Online Transfer,2378.38,45,Netflix,Credit Card,Success
506839,102263,2028-06-08 18:01:00,Cash Withdrawal,8209.39,8,PhonePe,Net Banking,Success
506840,102280,2028-06-14 06:00:00,Deposit,14040.4,21,Google Pay,ATM,Success
506841,102297,2028-06-19 17:59:00,UPI,19871.41,34,Amazon,UPI,Success
506842,102314,2028-06-25 05:58:00,Card Payment,25702.42,47,Flipkart,Debit Card,Success
506843,102331,2028-06-30 17:57:00,ATM Withdrawal,31533.43,10,Swiggy,Credit Card,Success
506844,102348,2028-07-06 05:56:00,Online Transfer,37364.44,23,Zomato,Net Banking,Success
506845,102365,2028-07-11 17:55:00,Cash Withdrawal,43195.45,36,Myntra,ATM,Success
506846,102382,2028-07-17 05:54:00,Deposit,49026.46,49,Uber,UPI,Success
506847,102399,2028-07-22 17:53:00,UPI,4957.47,12,IRCTC,Debit Card,Success
506848,102416,2028-07-28 05:52:00,Card Payment,10788.48,25,Reliance,Credit Card,Success
506849,102433,2028-08-02 17:51:00,ATM Withdrawal,16619.49,38,DMart,Net Banking,Success
506850,102450,2028-08-08 05:50:00,Online Transfer,22450.5,1,Netflix,ATM,Success
506851,102467,2028-08-13 17:49:00,Cash Withdrawal,28281.51,14,PhonePe,UPI,Success
506852,102484,2028-08-19 05:48:00,Deposit,34112.52,27,Google Pay,Debit Card,Success
506853,102501,2028-08-24 17:47:00,UPI,321407.0,40,Amazon,Credit Card,Success
506854,102518,2028-08-30 05:46:00,Card Payment,45774.54,3,Flipkart,Net Banking,Success
506855,102535,2028-09-04 17:45:00,ATM Withdrawal,1705.55,16,Swiggy,ATM,Success
506856,102552,2028-09-10 05:44:00,Online Transfer,7536.56,29,Zomato,UPI,Success
506857,102569,2028-09-15 17:43:00,Cash Withdrawal,13367.57,42,Myntra,Debit Card,Success
506858,102586,2028-09-21 05:42:00,Deposit,763198.0,5,Uber,Credit Card,Success
506859,102603,2028-09-26 17:41:00,UPI,25029.59,18,IRCTC,Net Banking,Success
506860,102620,2028-10-02 05:40:00,Card Payment,30860.6,31,Reliance,ATM,Success
506861,102637,2028-10-07 17:39:00,ATM Withdrawal,36691.61,44,DMart,UPI,Success
506862,102654,2028-10-13 05:38:00,Online Transfer,42522.62,7,Netflix,Debit Card,Success
506863,102671,2028-10-18 17:37:00,Cash Withdrawal,48353.63,20,PhonePe,Credit Card,Success
506864,102688,2028-10-24 05:36:00,Deposit,4284.64,33,Google Pay,Net Banking,Success
506865,102705,2028-10-29 17:35:00,UPI,10115.65,46,Amazon,ATM,Success
506866,102722,2028-11-04 05:34:00,Card Payment,15946.66,9,Flipkart,UPI,Success
506867,102739,2028-11-09 17:33:00,ATM Withdrawal,21777.67,22,Swiggy,Debit Card,Success
506868,102756,2028-11-15 05:32:00,Online Transfer,27608.68,35,Zomato,Credit Card,Success
506869,102773,2028-11-20 17:31:00,Cash Withdrawal,33439.69,48,Myntra,Net Banking,Success
506870,102790,2028-11-26 05:30:00,Deposit,39270.7,11,Uber,ATM,Success
506871,102807,2028-12-01 17:29:00,UPI,45101.71,24,IRCTC,UPI,Success
506872,102824,2028-12-07 05:28:00,Card Payment,1032.72,37,Reliance,Debit Card,Success
506873,102841,2028-12-12 17:27:00,ATM Withdrawal,6863.73,50,DMart,Credit Card,Success
506874,102858,2028-12-18 05:26:00,Online Transfer,12694.74,13,Netflix,Net Banking,Success
506875,102875,2028-12-23 17:25:00,Cash Withdrawal,18525.75,26,PhonePe,ATM,Success
506876,102892,2028-12-29 05:24:00,Deposit,24356.76,39,Google Pay,UPI,Success
506877,102909,2029-01-03 17:23:00,UPI,30187.77,2,Amazon,Debit Card,Success
506878,102926,2029-01-09 05:22:00,Card Payment,36018.78,15,Flipkart,Credit Card,Success
506879,102943,2029-01-14 17:21:00,ATM Withdrawal,41849.79,28,Swiggy,Net Banking,Success
506880,102960,2029-01-20 05:20:00,Online Transfer,47680.8,41,Zomato,ATM,Success
506881,102977,2029-01-25 17:19:00,Cash Withdrawal,3611.81,4,Myntra,UPI,Success
506882,102994,2029-01-31 05:18:00,Deposit,9442.82,17,Uber,Debit Card,Success
506883,100011,2029-02-05 17:17:00,UPI,15273.83,30,IRCTC,Credit Card,Success
506884,100028,2029-02-11 05:16:00,Card Payment,21104.84,43,Reliance,Net Banking,Success
506885,100045,2029-02-16 17:15:00,ATM Withdrawal,26935.85,6,DMart,ATM,Success
506886,100062,2029-02-22 05:14:00,Online Transfer,32766.86,19,Netflix,UPI,Success
506887,100079,2029-02-27 17:13:00,Cash Withdrawal,38597.87,32,PhonePe,Debit Card,Success
506888,100096,2029-03-05 05:12:00,Deposit,44428.88,45,Google Pay,Credit Card,Success
506889,100113,2029-03-10 17:11:00,UPI,359.89,8,Amazon,Net Banking,Success
506890,100130,2029-03-16 05:10:00,Card Payment,6190.9,21,Flipkart,ATM,Success
506891,100147,2029-03-21 17:09:00,ATM Withdrawal,12021.91,34,Swiggy,UPI,Success
506892,100164,2029-03-27 05:08:00,Online Transfer,17852.92,47,Zomato,Debit Card,Success
506893,100181,2029-04-01 17:07:00,Cash Withdrawal,23683.93,10,Myntra,Credit Card,Failed
506894,100198,2029-04-07 05:06:00,Deposit,29514.94,23,Uber,Net Banking,Success
506895,100215,2029-04-12 17:05:00,UPI,35345.95,36,IRCTC,ATM,Success
506896,100232,2029-04-18 05:04:00,Card Payment,41176.96,49,Reliance,UPI,Success
506897,100249,2029-04-23 17:03:00,ATM Withdrawal,47007.97,12,DMart,Debit Card,Success
506898,100266,2029-04-29 05:02:00,Online Transfer,2938.98,25,Netflix,Credit Card,Success
506899,100283,2029-05-04 17:01:00,Cash Withdrawal,8769.99,38,PhonePe,Net Banking,Success
506900,100300,2029-05-10 05:00:00,Deposit,14600.0,1,Google Pay,ATM,Success
506901,100317,2029-05-15 16:59:00,UPI,20431.01,14,Amazon,UPI,Pending
506902,100334,2029-05-21 04:58:00,Card Payment,26262.02,27,Flipkart,Debit Card,Success
506903,100351,2029-05-26 16:57:00,ATM Withdrawal,32093.03,40,Swiggy,Credit Card,Success
506904,100368,2029-06-01 04:56:00,Online Transfer,37924.04,3,Zomato,Net Banking,Success
506905,100385,2029-06-06 16:55:00,Cash Withdrawal,43755.05,16,Myntra,ATM,Success
506906,100402,2029-06-12 04:54:00,Deposit,49586.06,29,Uber,UPI,Success
506907,100419,2029-06-17 16:53:00,UPI,5517.07,42,IRCTC,Debit Card,Success
506908,100436,2029-06-23 04:52:00,Card Payment,11348.08,5,Reliance,Credit Card,Success
506909,100453,2029-06-28 16:51:00,ATM Withdrawal,17179.09,18,DMart,Net Banking,Success
506910,100470,2029-07-04 04:50:00,Online Transfer,23010.1,31,Netflix,ATM,Success
506911,100487,2029-07-09 16:49:00,Cash Withdrawal,28841.11,44,PhonePe,UPI,Success
506912,100504,2029-07-15 04:48:00,Deposit,34672.12,7,Google Pay,Debit Card,Success
506913,100521,2029-07-20 16:47:00,UPI,40503.13,20,Amazon,Credit Card,Success
506914,100538,2029-07-26 04:46:00,Card Payment,46334.14,33,Flipkart,Net Banking,Success
506915,100555,2029-07-31 16:45:00,ATM Withdrawal,2265.15,46,Swiggy,ATM,Success
506916,100572,2029-08-06 04:44:00,Online Transfer,8096.16,9,Zomato,UPI,Success
506917,100589,2029-08-11 16:43:00,Cash Withdrawal,13927.17,22,Myntra,Debit Card,Success
506918,100606,2029-08-17 04:42:00,Deposit,19758.18,35,Uber,Credit Card,Success
506919,100623,2029-08-22 16:41:00,UPI,25589.19,48,IRCTC,Net Banking,Success
506920,100640,2029-08-28 04:40:00,Card Payment,31420.2,11,Reliance,ATM,Success
506921,100657,2029-09-02 16:39:00,ATM Withdrawal,37251.21,24,DMart,UPI,Success
506922,100674,2029-09-08 04:38:00,Online Transfer,43082.22,37,Netflix,Debit Card,Success
506923,100691,2029-09-13 16:37:00,Cash Withdrawal,48913.23,50,PhonePe,Credit Card,Success
506924,100708,2029-09-19 04:36:00,Deposit,4844.24,13,Google Pay,Net Banking,Success
506925,100725,2029-09-24 16:35:00,UPI,10675.25,26,Amazon,ATM,Success
506926,100742,2029-09-30 04:34:00,Card Payment,16506.26,39,Flipkart,UPI,Success
506927,100759,2029-10-05 16:33:00,ATM Withdrawal,22337.27,2,Swiggy,Debit Card,Success
506928,100776,2029-10-11 04:32:00,Online Transfer,28168.28,15,Zomato,Credit Card,Success
506929,100793,2029-10-16 16:31:00,Cash Withdrawal,33999.29,28,Myntra,Net Banking,Success
506930,100810,2029-10-22 04:30:00,Deposit,39830.3,41,Uber,ATM,Success
506931,100827,2029-10-27 16:29:00,UPI,45661.31,4,IRCTC,UPI,Success
506932,100844,2029-11-02 04:28:00,Card Payment,1592.32,17,Reliance,Debit Card,Success
506933,100861,2029-11-07 16:27:00,ATM Withdrawal,7423.33,30,DMart,Credit Card,Success
506934,100878,2029-11-13 04:26:00,Online Transfer,13254.34,43,Netflix,Net Banking,Success
506935,100895,2029-11-18 16:25:00,Cash Withdrawal,19085.35,6,PhonePe,ATM,Success
506936,100912,2029-11-24 04:24:00,Deposit,24916.36,19,Google Pay,UPI,Success
506937,100929,2029-11-29 16:23:00,UPI,30747.37,32,Amazon,Debit Card,Success
506938,100946,2029-12-05 04:22:00,Card Payment,36578.38,45,Flipkart,Credit Card,Success
506939,100963,2029-12-10 16:21:00,ATM Withdrawal,42409.39,8,Swiggy,Net Banking,Success
506940,100980,2029-12-16 04:20:00,Online Transfer,48240.4,21,Zomato,ATM,Success
506941,100997,2029-12-21 16:19:00,Cash Withdrawal,4171.41,34,Myntra,UPI,Success
506942,101014,2029-12-27 04:18:00,Deposit,358698.0,47,Uber,Debit Card,Success
506943,101031,2030-01-01 16:17:00,UPI,15833.43,10,IRCTC,Credit Card,Success
506944,101048,2030-01-07 04:16:00,Card Payment,21664.44,23,Reliance,Net Banking,Success
506945,101065,2030-01-12 16:15:00,ATM Withdrawal,27495.45,36,DMart,ATM,Success
506946,101082,2030-01-18 04:14:00,Online Transfer,33326.46,49,Netflix,UPI,Success
506947,101099,2030-01-23 16:13:00,Cash Withdrawal,39157.47,12,PhonePe,Debit Card,Success
506948,101116,2030-01-29 04:12:00,Deposit,44988.48,25,Google Pay,Credit Card,Success
506949,101133,2030-02-03 16:11:00,UPI,919.49,38,Amazon,Net Banking,Success
506950,101150,2030-02-09 04:10:00,Card Payment,6750.5,1,Flipkart,ATM,Success
506951,101167,2030-02-14 16:09:00,ATM Withdrawal,12581.51,14,Swiggy,UPI,Success
506952,101184,2030-02-20 04:08:00,Online Transfer,18412.52,27,Zomato,Debit Card,Success
506953,101201,2030-02-25 16:07:00,Cash Withdrawal,24243.53,40,Myntra,Credit Card,Success
506954,101218,2030-03-03 04:06:00,Deposit,30074.54,3,Uber,Net Banking,Success
506955,101235,2030-03-08 16:05:00,UPI,35905.55,16,IRCTC,ATM,Success
506956,101252,2026-01-04 04:04:00,Card Payment,41736.56,29,Reliance,UPI,Success
506957,101269,2026-01-09 16:03:00,ATM Withdrawal,47567.57,42,DMart,Debit Card,Success
506958,101286,2026-01-15 04:02:00,Online Transfer,3498.58,5,Netflix,Credit Card,Success
506959,101303,2026-01-20 16:01:00,Cash Withdrawal,9329.59,18,PhonePe,Net Banking,Success
506960,101320,2026-01-26 04:00:00,Deposit,15160.6,31,Google Pay,ATM,Success
506961,101337,2026-01-31 15:59:00,UPI,20991.61,44,Amazon,UPI,Success
506962,101354,2026-02-06 03:58:00,Card Payment,26822.62,7,Flipkart,Debit Card,Success
506963,101371,2026-02-11 15:57:00,ATM Withdrawal,32653.63,20,Swiggy,Credit Card,Success
506964,101388,2026-02-17 03:56:00,Online Transfer,38484.64,33,Zomato,Net Banking,Success
506965,101405,2026-02-22 15:55:00,Cash Withdrawal,44315.65,46,Myntra,ATM,Success
506966,101422,2026-02-28 03:54:00,Deposit,246.66,9,Uber,UPI,Success
506967,101439,2026-03-05 15:53:00,UPI,6077.67,22,IRCTC,Debit Card,Success
506968,101456,2026-03-11 03:52:00,Card Payment,11908.68,35,Reliance,Credit Card,Pending
506969,101473,2026-03-16 15:51:00,ATM Withdrawal,17739.69,48,DMart,Net Banking,Success
506970,101490,2026-03-22 03:50:00,Online Transfer,23570.7,11,Netflix,ATM,Success
506971,101507,2026-03-27 15:49:00,Cash Withdrawal,29401.71,24,PhonePe,UPI,Success
506972,101524,2026-04-02 03:48:00,Deposit,35232.72,37,Google Pay,Debit Card,Success
506973,101541,2026-04-07 15:47:00,UPI,41063.73,50,Amazon,Credit Card,Success
506974,101558,2026-04-13 03:46:00,Card Payment,46894.74,13,Flipkart,Net Banking,Success
506975,101575,2026-04-18 15:45:00,ATM Withdrawal,2825.75,26,Swiggy,ATM,Success
506976,101592,2026-04-24 03:44:00,Online Transfer,8656.76,39,Zomato,UPI,Success
506977,101609,2026-04-29 15:43:00,Cash Withdrawal,14487.77,2,Myntra,Debit Card,Success
506978,101626,2026-05-05 03:42:00,Deposit,20318.78,15,Uber,Credit Card,Success
506979,101643,2026-05-10 15:41:00,UPI,26149.79,28,IRCTC,Net Banking,Success
506980,101660,2026-05-16 03:40:00,Card Payment,31980.8,41,Reliance,ATM,Success
506981,101677,2026-05-21 15:39:00,ATM Withdrawal,37811.81,4,DMart,UPI,Success
506982,101694,2026-05-27 03:38:00,Online Transfer,43642.82,17,Netflix,Debit Card,Success
506983,101711,2026-06-01 15:37:00,Cash Withdrawal,49473.83,30,PhonePe,Credit Card,Success
506984,101728,2026-06-07 03:36:00,Deposit,5404.84,43,Google Pay,Net Banking,Success
506985,101745,2026-06-12 15:35:00,UPI,856035.0,6,Amazon,ATM,Success
506986,101762,2026-06-18 03:34:00,Card Payment,17066.86,19,Flipkart,UPI,Success
506987,101779,2026-06-23 15:33:00,ATM Withdrawal,22897.87,32,Swiggy,Debit Card,Success
506988,101796,2026-06-29 03:32:00,Online Transfer,28728.88,45,Zomato,Credit Card,Success
506989,101813,2026-07-04 15:31:00,Cash Withdrawal,34559.89,8,Myntra,Net Banking,Success
506990,101830,2026-07-10 03:30:00,Deposit,40390.9,21,Uber,ATM,Success
506991,101847,2026-07-15 15:29:00,UPI,46221.91,34,IRCTC,UPI,Success
506992,101864,2026-07-21 03:28:00,Card Payment,2152.92,47,Reliance,Debit Card,Success
506993,101881,2026-07-26 15:27:00,ATM Withdrawal,7983.93,10,DMart,Credit Card,Success
506994,101898,2026-08-01 03:26:00,Online Transfer,13814.94,23,Netflix,Net Banking,Success
506995,101915,2026-08-06 15:25:00,Cash Withdrawal,19645.95,36,PhonePe,ATM,Success
506996,101932,2026-08-12 03:24:00,Deposit,25476.96,49,Google Pay,UPI,Success
506997,101949,2026-08-17 15:23:00,UPI,31307.97,12,Amazon,Debit Card,Success
506998,101966,2026-08-23 03:22:00,Card Payment,37138.98,25,Flipkart,Credit Card,Success
506999,101983,2026-08-28 15:21:00,ATM Withdrawal,42969.99,38,Swiggy,Net Banking,Success
507000,102000,2026-09-03 03:20:00,Online Transfer,48800.0,1,Zomato,ATM,Success
507001,102017,2026-09-08 15:19:00,Cash Withdrawal,4731.01,14,Myntra,UPI,Success
507002,102034,2026-09-14 03:18:00,Deposit,10562.02,27,Uber,Debit Card,Success
507003,102051,2026-09-19 15:17:00,UPI,16393.03,40,IRCTC,Credit Card,Success
507004,102068,2026-09-25 03:16:00,Card Payment,22224.04,3,Reliance,Net Banking,Success
507005,102085,2026-09-30 15:15:00,ATM Withdrawal,28055.05,16,DMart,ATM,Success
507006,102102,2026-10-06 03:14:00,Online Transfer,33886.06,29,Netflix,UPI,Failed
507007,102119,2026-10-11 15:13:00,Cash Withdrawal,39717.07,42,PhonePe,Debit Card,Success
507008,102136,2026-10-17 03:12:00,Deposit,45548.08,5,Google Pay,Credit Card,Success
507009,102153,2026-10-22 15:11:00,UPI,1479.09,18,Amazon,Net Banking,Success
507010,102170,2026-10-28 03:10:00,Card Payment,7310.1,31,Flipkart,ATM,Success
507011,102187,2026-11-02 15:09:00,ATM Withdrawal,13141.11,44,Swiggy,UPI,Success
507012,102204,2026-11-08 03:08:00,Online Transfer,18972.12,7,Zomato,Debit Card,Success
507013,102221,2026-11-13 15:07:00,Cash Withdrawal,24803.13,20,Myntra,Credit Card,Success
507014,102238,2026-11-19 03:06:00,Deposit,30634.14,33,Uber,Net Banking,Success
507015,102255,2026-11-24 15:05:00,UPI,36465.15,46,IRCTC,ATM,Success
507016,102272,2026-11-30 03:04:00,Card Payment,42296.16,9,Reliance,UPI,Success
507017,102289,2026-12-05 15:03:00,ATM Withdrawal,48127.17,22,DMart,Debit Card,Success
507018,102306,2026-12-11 03:02:00,Online Transfer,4058.18,35,Netflix,Credit Card,Success
507019,102323,2026-12-16 15:01:00,Cash Withdrawal,9889.19,48,PhonePe,Net Banking,Success
507020,102340,2026-12-22 03:00:00,Deposit,15720.2,11,Google Pay,ATM,Success
507021,102357,2026-12-27 14:59:00,UPI,21551.21,24,Amazon,UPI,Success
507022,102374,2027-01-02 02:58:00,Card Payment,27382.22,37,Flipkart,Debit Card,Success
507023,102391,2027-01-07 14:57:00,ATM Withdrawal,33213.23,50,Swiggy,Credit Card,Success
507024,102408,2027-01-13 02:56:00,Online Transfer,39044.24,13,Zomato,Net Banking,Success
507025,102425,2027-01-18 14:55:00,Cash Withdrawal,44875.25,26,Myntra,ATM,Success
507026,102442,2027-01-24 02:54:00,Deposit,806.26,39,Uber,UPI,Success
507027,102459,2027-01-29 14:53:00,UPI,6637.27,2,IRCTC,Debit Card,Success
507028,102476,2027-02-04 02:52:00,Card Payment,12468.28,15,Reliance,Credit Card,Success
507029,102493,2027-02-09 14:51:00,ATM Withdrawal,18299.29,28,DMart,Net Banking,Success
507030,102510,2027-02-15 02:50:00,Online Transfer,24130.3,41,Netflix,ATM,Success
507031,102527,2027-02-20 14:49:00,Cash Withdrawal,395989.0,4,PhonePe,UPI,Success
507032,102544,2027-02-26 02:48:00,Deposit,35792.32,17,Google Pay,Debit Card,Success
507033,102561,2027-03-03 14:47:00,UPI,41623.33,30,Amazon,Credit Card,Success
507034,102578,2027-03-09 02:46:00,Card Payment,47454.34,43,Flipkart,Net Banking,Success
507035,102595,2027-03-14 14:45:00,ATM Withdrawal,3385.35,6,Swiggy,ATM,Pending
507036,102612,2027-03-20 02:44:00,Online Transfer,9216.36,19,Zomato,UPI,Success
507037,102629,2027-03-25 14:43:00,Cash Withdrawal,15047.37,32,Myntra,Debit Card,Success
507038,102646,2027-03-31 02:42:00,Deposit,20878.38,45,Uber,Credit Card,Success
507039,102663,2027-04-05 14:41:00,UPI,26709.39,8,IRCTC,Net Banking,Success
507040,102680,2027-04-11 02:40:00,Card Payment,32540.4,21,Reliance,ATM,Success
507041,102697,2027-04-16 14:39:00,ATM Withdrawal,38371.41,34,DMart,UPI,Success
507042,102714,2027-04-22 02:38:00,Online Transfer,44202.42,47,Netflix,Debit Card,Success
507043,102731,2027-04-27 14:37:00,Cash Withdrawal,133.43,10,PhonePe,Credit Card,Success
507044,102748,2027-05-03 02:36:00,Deposit,5964.44,23,Google Pay,Net Banking,Success
507045,102765,2027-05-08 14:35:00,UPI,11795.45,36,Amazon,ATM,Success
507046,102782,2027-05-14 02:34:00,Card Payment,17626.46,49,Flipkart,UPI,Success
507047,102799,2027-05-19 14:33:00,ATM Withdrawal,23457.47,12,Swiggy,Debit Card,Success
507048,102816,2027-05-25 02:32:00,Online Transfer,29288.48,25,Zomato,Credit Card,Success
507049,102833,2027-05-30 14:31:00,Cash Withdrawal,35119.49,38,Myntra,Net Banking,Success
507050,102850,2027-06-05 02:30:00,Deposit,40950.5,1,Uber,ATM,Success
507051,102867,2027-06-10 14:29:00,UPI,46781.51,14,IRCTC,UPI,Success
507052,102884,2027-06-16 02:28:00,Card Payment,2712.52,27,Reliance,Debit Card,Success
507053,102901,2027-06-21 14:27:00,ATM Withdrawal,8543.53,40,DMart,Credit Card,Success
507054,102918,2027-06-27 02:26:00,Online Transfer,14374.54,3,Netflix,Net Banking,Success
507055,102935,2027-07-02 14:25:00,Cash Withdrawal,20205.55,16,PhonePe,ATM,Success
507056,102952,2027-07-08 02:24:00,Deposit,26036.56,29,Google Pay,UPI,Success
507057,102969,2027-07-13 14:23:00,UPI,31867.57,42,Amazon,Debit Card,Success
507058,102986,2027-07-19 02:22:00,Card Payment,37698.58,5,Flipkart,Credit Card,Success
507059,100003,2027-07-24 14:21:00,ATM Withdrawal,43529.59,18,Swiggy,Net Banking,Success
507060,100020,2027-07-30 02:20:00,Online Transfer,49360.6,31,Zomato,ATM,Success
507061,100037,2027-08-04 14:19:00,Cash Withdrawal,5291.61,44,Myntra,UPI,Success
507062,100054,2027-08-10 02:18:00,Deposit,11122.62,7,Uber,Debit Card,Success
507063,100071,2027-08-15 14:17:00,UPI,16953.63,20,IRCTC,Credit Card,Success
507064,100088,2027-08-21 02:16:00,Card Payment,22784.64,33,Reliance,Net Banking,Success
507065,100105,2027-08-26 14:15:00,ATM Withdrawal,28615.65,46,DMart,ATM,Success
507066,100122,2027-09-01 02:14:00,Online Transfer,34446.66,9,Netflix,UPI,Success
507067,100139,2027-09-06 14:13:00,Cash Withdrawal,40277.67,22,PhonePe,Debit Card,Success
507068,100156,2027-09-12 02:12:00,Deposit,46108.68,35,Google Pay,Credit Card,Success
507069,100173,2027-09-17 14:11:00,UPI,2039.69,48,Amazon,Net Banking,Success
507070,100190,2027-09-23 02:10:00,Card Payment,7870.7,11,Flipkart,ATM,Success
507071,100207,2027-09-28 14:09:00,ATM Withdrawal,13701.71,24,Swiggy,UPI,Success
507072,100224,2027-10-04 02:08:00,Online Transfer,19532.72,37,Zomato,Debit Card,Success
507073,100241,2027-10-09 14:07:00,Cash Withdrawal,25363.73,50,Myntra,Credit Card,Success
507074,100258,2027-10-15 02:06:00,Deposit,31194.74,13,Uber,Net Banking,Success
507075,100275,2027-10-20 14:05:00,UPI,37025.75,26,IRCTC,ATM,Success
507076,100292,2027-10-26 02:04:00,Card Payment,42856.76,39,Reliance,UPI,Success
507077,100309,2027-10-31 14:03:00,ATM Withdrawal,48687.77,2,DMart,Debit Card,Success
507078,100326,2027-11-06 02:02:00,Online Transfer,4618.78,15,Netflix,Credit Card,Success
507079,100343,2027-11-11 14:01:00,Cash Withdrawal,10449.79,28,PhonePe,Net Banking,Success
507080,100360,2027-11-17 02:00:00,Deposit,16280.8,41,Google Pay,ATM,Success
507081,100377,2027-11-22 13:59:00,UPI,22111.81,4,Amazon,UPI,Success
507082,100394,2027-11-28 01:58:00,Card Payment,27942.82,17,Flipkart,Debit Card,Success
507083,100411,2027-12-03 13:57:00,ATM Withdrawal,33773.83,30,Swiggy,Credit Card,Success
507084,100428,2027-12-09 01:56:00,Online Transfer,39604.84,43,Zomato,Net Banking,Success
507085,100445,2027-12-14 13:55:00,Cash Withdrawal,45435.85,6,Myntra,ATM,Success
507086,100462,2027-12-20 01:54:00,Deposit,1366.86,19,Uber,UPI,Success
507087,100479,2027-12-25 13:53:00,UPI,7197.87,32,IRCTC,Debit Card,Success
507088,100496,2027-12-31 01:52:00,Card Payment,13028.88,45,Reliance,Credit Card,Success
507089,100513,2028-01-05 13:51:00,ATM Withdrawal,18859.89,8,DMart,Net Banking,Success
507090,100530,2028-01-11 01:50:00,Online Transfer,24690.9,21,Netflix,ATM,Success
507091,100547,2028-01-16 13:49:00,Cash Withdrawal,30521.91,34,PhonePe,UPI,Success
507092,100564,2028-01-22 01:48:00,Deposit,36352.92,47,Google Pay,Debit Card,Success
507093,100581,2028-01-27 13:47:00,UPI,42183.93,10,Amazon,Credit Card,Success
507094,100598,2028-02-02 01:46:00,Card Payment,48014.94,23,Flipkart,Net Banking,Success
507095,100615,2028-02-07 13:45:00,ATM Withdrawal,3945.95,36,Swiggy,ATM,Success
507096,100632,2028-02-13 01:44:00,Online Transfer,9776.96,49,Zomato,UPI,Success
507097,100649,2028-02-18 13:43:00,Cash Withdrawal,15607.97,12,Myntra,Debit Card,Success
507098,100666,2028-02-24 01:42:00,Deposit,21438.98,25,Uber,Credit Card,Success
507099,100683,2028-02-29 13:41:00,UPI,27269.99,38,IRCTC,Net Banking,Success
507100,100700,2028-03-06 01:40:00,Card Payment,33100.0,1,Reliance,ATM,Success
507101,100717,2028-03-11 13:39:00,ATM Withdrawal,38931.01,14,DMart,UPI,Success
507102,100734,2028-03-17 01:38:00,Online Transfer,44762.02,27,Netflix,Debit Card,Pending
507103,100751,2028-03-22 13:37:00,Cash Withdrawal,693.03,40,PhonePe,Credit Card,Success
507104,100768,2028-03-28 01:36:00,Deposit,6524.04,3,Google Pay,Net Banking,Success
507105,100785,2028-04-02 13:35:00,UPI,12355.05,16,Amazon,ATM,Success
507106,100802,2028-04-08 01:34:00,Card Payment,18186.06,29,Flipkart,UPI,Success
507107,100819,2028-04-13 13:33:00,ATM Withdrawal,24017.07,42,Swiggy,Debit Card,Success
507108,100836,2028-04-19 01:32:00,Online Transfer,29848.08,5,Zomato,Credit Card,Success
507109,100853,2028-04-24 13:31:00,Cash Withdrawal,35679.09,18,Myntra,Net Banking,Success
507110,100870,2028-04-30 01:30:00,Deposit,41510.1,31,Uber,ATM,Success
507111,100887,2028-05-05 13:29:00,UPI,47341.11,44,IRCTC,UPI,Success
507112,100904,2028-05-11 01:28:00,Card Payment,948872.0,7,Reliance,Debit Card,Success
507113,100921,2028-05-16 13:27:00,ATM Withdrawal,9103.13,20,DMart,Credit Card,Success
507114,100938,2028-05-22 01:26:00,Online Transfer,14934.14,33,Netflix,Net Banking,Success
507115,100955,2028-05-27 13:25:00,Cash Withdrawal,20765.15,46,PhonePe,ATM,Success
507116,100972,2028-06-02 01:24:00,Deposit,26596.16,9,Google Pay,UPI,Success
507117,100989,2028-06-07 13:23:00,UPI,32427.17,22,Amazon,Debit Card,Success
507118,101006,2028-06-13 01:22:00,Card Payment,38258.18,35,Flipkart,Credit Card,Success
507119,101023,2028-06-18 13:21:00,ATM Withdrawal,44089.19,48,Swiggy,Net Banking,Failed
507120,101040,2028-06-24 01:20:00,Online Transfer,433280.0,11,Zomato,ATM,Success
507121,101057,2028-06-29 13:19:00,Cash Withdrawal,5851.21,24,Myntra,UPI,Success
507122,101074,2028-07-05 01:18:00,Deposit,11682.22,37,Uber,Debit Card,Success
507123,101091,2028-07-10 13:17:00,UPI,17513.23,50,IRCTC,Credit Card,Success
507124,101108,2028-07-16 01:16:00,Card Payment,23344.24,13,Reliance,Net Banking,Success
507125,101125,2028-07-21 13:15:00,ATM Withdrawal,29175.25,26,DMart,ATM,Success
507126,101142,2028-07-27 01:14:00,Online Transfer,35006.26,39,Netflix,UPI,Success
507127,101159,2028-08-01 13:13:00,Cash Withdrawal,40837.27,2,PhonePe,Debit Card,Success
507128,101176,2028-08-07 01:12:00,Deposit,46668.28,15,Google Pay,Credit Card,Success
507129,101193,2028-08-12 13:11:00,UPI,2599.29,28,Amazon,Net Banking,Success
507130,101210,2028-08-18 01:10:00,Card Payment,8430.3,41,Flipkart,ATM,Success
507131,101227,2028-08-23 13:09:00,ATM Withdrawal,14261.31,4,Swiggy,UPI,Success
507132,101244,2028-08-29 01:08:00,Online Transfer,20092.32,17,Zomato,Debit Card,Success
507133,101261,2028-09-03 13:07:00,Cash Withdrawal,25923.33,30,Myntra,Credit Card,Success
507134,101278,2028-09-09 01:06:00,Deposit,31754.34,43,Uber,Net Banking,Success
507135,101295,2028-09-14 13:05:00,UPI,37585.35,6,IRCTC,ATM,Success
507136,101312,2028-09-20 01:04:00,Card Payment,43416.36,19,Reliance,UPI,Success
507137,101329,2028-09-25 13:03:00,ATM Withdrawal,49247.37,32,DMart,Debit Card,Success
507138,101346,2028-10-01 01:02:00,Online Transfer,5178.38,45,Netflix,Credit Card,Success
507139,101363,2028-10-06 13:01:00,Cash Withdrawal,11009.39,8,PhonePe,Net Banking,Success
507140,101380,2028-10-12 01:00:00,Deposit,16840.4,21,Google Pay,ATM,Success
507141,101397,2028-10-17 12:59:00,UPI,22671.41,34,Amazon,UPI,Success
507142,101414,2028-10-23 00:58:00,Card Payment,28502.42,47,Flipkart,Debit Card,Success
507143,101431,2028-10-28 12:57:00,ATM Withdrawal,34333.43,10,Swiggy,Credit Card,Success
507144,101448,2028-11-03 00:56:00,Online Transfer,40164.44,23,Zomato,Net Banking,Success
507145,101465,2028-11-08 12:55:00,Cash Withdrawal,45995.45,36,Myntra,ATM,Success
507146,101482,2028-11-14 00:54:00,Deposit,1926.46,49,Uber,UPI,Success
507147,101499,2028-11-19 12:53:00,UPI,7757.47,12,IRCTC,Debit Card,Success
507148,101516,2028-11-25 00:52:00,Card Payment,13588.48,25,Reliance,Credit Card,Success
507149,101533,2028-11-30 12:51:00,ATM Withdrawal,19419.49,38,DMart,Net Banking,Success
507150,101550,2028-12-06 00:50:00,Online Transfer,25250.5,1,Netflix,ATM,Success
507151,101567,2028-12-11 12:49:00,Cash Withdrawal,31081.51,14,PhonePe,UPI,Success
507152,101584,2028-12-17 00:48:00,Deposit,36912.52,27,Google Pay,Debit Card,Success
507153,101601,2028-12-22 12:47:00,UPI,42743.53,40,Amazon,Credit Card,Success
507154,101618,2028-12-28 00:46:00,Card Payment,48574.54,3,Flipkart,Net Banking,Success
507155,101635,2029-01-02 12:45:00,ATM Withdrawal,4505.55,16,Swiggy,ATM,Success
507156,101652,2029-01-08 00:44:00,Online Transfer,10336.56,29,Zomato,UPI,Success
507157,101669,2029-01-13 12:43:00,Cash Withdrawal,16167.57,42,Myntra,Debit Card,Success
507158,101686,2029-01-19 00:42:00,Deposit,21998.58,5,Uber,Credit Card,Success
507159,101703,2029-01-24 12:41:00,UPI,27829.59,18,IRCTC,Net Banking,Success
507160,101720,2029-01-30 00:40:00,Card Payment,33660.6,31,Reliance,ATM,Success
507161,101737,2029-02-04 12:39:00,ATM Withdrawal,39491.61,44,DMart,UPI,Success
507162,101754,2029-02-10 00:38:00,Online Transfer,45322.62,7,Netflix,Debit Card,Success
507163,101771,2029-02-15 12:37:00,Cash Withdrawal,1253.63,20,PhonePe,Credit Card,Success
507164,101788,2029-02-21 00:36:00,Deposit,7084.64,33,Google Pay,Net Banking,Success
507165,101805,2029-02-26 12:35:00,UPI,12915.65,46,Amazon,ATM,Success
507166,101822,2029-03-04 00:34:00,Card Payment,18746.66,9,Flipkart,UPI,Success
507167,101839,2029-03-09 12:33:00,ATM Withdrawal,24577.67,22,Swiggy,Debit Card,Success
507168,101856,2029-03-15 00:32:00,Online Transfer,30408.68,35,Zomato,Credit Card,Success
507169,101873,2029-03-20 12:31:00,Cash Withdrawal,36239.69,48,Myntra,Net Banking,Pending
507170,101890,2029-03-26 00:30:00,Deposit,42070.7,11,Uber,ATM,Success
507171,101907,2029-03-31 12:29:00,UPI,47901.71,24,IRCTC,UPI,Success
507172,101924,2029-04-06 00:28:00,Card Payment,3832.72,37,Reliance,Debit Card,Success
507173,101941,2029-04-11 12:27:00,ATM Withdrawal,9663.73,50,DMart,Credit Card,Success
507174,101958,2029-04-17 00:26:00,Online Transfer,15494.74,13,Netflix,Net Banking,Success
507175,101975,2029-04-22 12:25:00,Cash Withdrawal,21325.75,26,PhonePe,ATM,Success
507176,101992,2029-04-28 00:24:00,Deposit,27156.76,39,Google Pay,UPI,Success
507177,102009,2029-05-03 12:23:00,UPI,32987.77,2,Amazon,Debit Card,Success
507178,102026,2029-05-09 00:22:00,Card Payment,38818.78,15,Flipkart,Credit Card,Success
507179,102043,2029-05-14 12:21:00,ATM Withdrawal,44649.79,28,Swiggy,Net Banking,Success
507180,102060,2029-05-20 00:20:00,Online Transfer,580.8,41,Zomato,ATM,Success
507181,102077,2029-05-25 12:19:00,Cash Withdrawal,6411.81,4,Myntra,UPI,Success
507182,102094,2029-05-31 00:18:00,Deposit,12242.82,17,Uber,Debit Card,Success
507183,102111,2029-06-05 12:17:00,UPI,18073.83,30,IRCTC,Credit Card,Success
507184,102128,2029-06-11 00:16:00,Card Payment,23904.84,43,Reliance,Net Banking,Success
507185,102145,2029-06-16 12:15:00,ATM Withdrawal,29735.85,6,DMart,ATM,Success
507186,102162,2029-06-22 00:14:00,Online Transfer,35566.86,19,Netflix,UPI,Success
507187,102179,2029-06-27 12:13:00,Cash Withdrawal,41397.87,32,PhonePe,Debit Card,Success
507188,102196,2029-07-03 00:12:00,Deposit,47228.88,45,Google Pay,Credit Card,Success
507189,102213,2029-07-08 12:11:00,UPI,3159.89,8,Amazon,Net Banking,Success
507190,102230,2029-07-14 00:10:00,Card Payment,8990.9,21,Flipkart,ATM,Success
507191,102247,2029-07-19 12:09:00,ATM Withdrawal,14821.91,34,Swiggy,UPI,Success
507192,102264,2029-07-25 00:08:00,Online Transfer,20652.92,47,Zomato,Debit Card,Success
507193,102281,2029-07-30 12:07:00,Cash Withdrawal,26483.93,10,Myntra,Credit Card,Success
507194,102298,2029-08-05 00:06:00,Deposit,32314.94,23,Uber,Net Banking,Success
507195,102315,2029-08-10 12:05:00,UPI,38145.95,36,IRCTC,ATM,Success
507196,102332,2029-08-16 00:04:00,Card Payment,43976.96,49,Reliance,UPI,Success
507197,102349,2029-08-21 12:03:00,ATM Withdrawal,49807.97,12,DMart,Debit Card,Success
507198,102366,2029-08-27 00:02:00,Online Transfer,5738.98,25,Netflix,Credit Card,Success
507199,102383,2029-09-01 12:01:00,Cash Withdrawal,11569.99,38,PhonePe,Net Banking,Success
507200,102400,2029-09-07 00:00:00,Deposit,17400.0,1,Google Pay,ATM,Success
507201,102417,2029-09-12 11:59:00,UPI,23231.01,14,Amazon,UPI,Success
507202,102434,2029-09-17 23:58:00,Card Payment,29062.02,27,Flipkart,Debit Card,Success
507203,102451,2029-09-23 11:57:00,ATM Withdrawal,34893.03,40,Swiggy,Credit Card,Success
507204,102468,2029-09-28 23:56:00,Online Transfer,40724.04,3,Zomato,Net Banking,Success
507205,102485,2029-10-04 11:55:00,Cash Withdrawal,46555.05,16,Myntra,ATM,Success
507206,102502,2029-10-09 23:54:00,Deposit,2486.06,29,Uber,UPI,Success
507207,102519,2029-10-15 11:53:00,UPI,8317.07,42,IRCTC,Debit Card,Success
507208,102536,2029-10-20 23:52:00,Card Payment,14148.08,5,Reliance,Credit Card,Success
507209,102553,2029-10-26 11:51:00,ATM Withdrawal,170571.0,18,DMart,Net Banking,Success
507210,102570,2029-10-31 23:50:00,Online Transfer,25810.1,31,Netflix,ATM,Success
507211,102587,2029-11-06 11:49:00,Cash Withdrawal,31641.11,44,PhonePe,UPI,Success
507212,102604,2029-11-11 23:48:00,Deposit,37472.12,7,Google Pay,Debit Card,Success
507213,102621,2029-11-17 11:47:00,UPI,43303.13,20,Amazon,Credit Card,Success
507214,102638,2029-11-22 23:46:00,Card Payment,49134.14,33,Flipkart,Net Banking,Success
507215,102655,2029-11-28 11:45:00,ATM Withdrawal,5065.15,46,Swiggy,ATM,Success
507216,102672,2029-12-03 23:44:00,Online Transfer,10896.16,9,Zomato,UPI,Success
507217,102689,2029-12-09 11:43:00,Cash Withdrawal,16727.17,22,Myntra,Debit Card,Success
507218,102706,2029-12-14 23:42:00,Deposit,22558.18,35,Uber,Credit Card,Success
507219,102723,2029-12-20 11:41:00,UPI,28389.19,48,IRCTC,Net Banking,Success
507220,102740,2029-12-25 23:40:00,Card Payment,34220.2,11,Reliance,ATM,Success
507221,102757,2029-12-31 11:39:00,ATM Withdrawal,40051.21,24,DMart,UPI,Success
507222,102774,2030-01-05 23:38:00,Online Transfer,45882.22,37,Netflix,Debit Card,Success
507223,102791,2030-01-11 11:37:00,Cash Withdrawal,1813.23,50,PhonePe,Credit Card,Success
507224,102808,2030-01-16 23:36:00,Deposit,7644.24,13,Google Pay,Net Banking,Success
507225,102825,2030-01-22 11:35:00,UPI,13475.25,26,Amazon,ATM,Success
507226,102842,2030-01-27 23:34:00,Card Payment,19306.26,39,Flipkart,UPI,Success
507227,102859,2030-02-02 11:33:00,ATM Withdrawal,25137.27,2,Swiggy,Debit Card,Success
507228,102876,2030-02-07 23:32:00,Online Transfer,30968.28,15,Zomato,Credit Card,Success
507229,102893,2030-02-13 11:31:00,Cash Withdrawal,36799.29,28,Myntra,Net Banking,Success
507230,102910,2030-02-18 23:30:00,Deposit,42630.3,41,Uber,ATM,Success
507231,102927,2030-02-24 11:29:00,UPI,48461.31,4,IRCTC,UPI,Success
507232,102944,2030-03-01 23:28:00,Card Payment,4392.32,17,Reliance,Debit Card,Failed
507233,102961,2030-03-07 11:27:00,ATM Withdrawal,10223.33,30,DMart,Credit Card,Success
507234,102978,2026-01-02 23:26:00,Online Transfer,16054.34,43,Netflix,Net Banking,Success
507235,102995,2026-01-08 11:25:00,Cash Withdrawal,21885.35,6,PhonePe,ATM,Success
507236,100012,2026-01-13 23:24:00,Deposit,27716.36,19,Google Pay,UPI,Pending
507237,100029,2026-01-19 11:23:00,UPI,33547.37,32,Amazon,Debit Card,Success
507238,100046,2026-01-24 23:22:00,Card Payment,39378.38,45,Flipkart,Credit Card,Success
507239,100063,2026-01-30 11:21:00,ATM Withdrawal,291709.0,8,Swiggy,Net Banking,Success
507240,100080,2026-02-04 23:20:00,Online Transfer,1140.4,21,Zomato,ATM,Success
507241,100097,2026-02-10 11:19:00,Cash Withdrawal,6971.41,34,Myntra,UPI,Success
507242,100114,2026-02-15 23:18:00,Deposit,12802.42,47,Uber,Debit Card,Success
507243,100131,2026-02-21 11:17:00,UPI,18633.43,10,IRCTC,Credit Card,Success
507244,100148,2026-02-26 23:16:00,Card Payment,24464.44,23,Reliance,Net Banking,Success
507245,100165,2026-03-04 11:15:00,ATM Withdrawal,30295.45,36,DMart,ATM,Success
507246,100182,2026-03-09 23:14:00,Online Transfer,36126.46,49,Netflix,UPI,Success
507247,100199,2026-03-15 11:13:00,Cash Withdrawal,41957.47,12,PhonePe,Debit Card,Success
507248,100216,2026-03-20 23:12:00,Deposit,47788.48,25,Google Pay,Credit Card,Success
507249,100233,2026-03-26 11:11:00,UPI,3719.49,38,Amazon,Net Banking,Success
507250,100250,2026-03-31 23:10:00,Card Payment,9550.5,1,Flipkart,ATM,Success
507251,100267,2026-04-06 11:09:00,ATM Withdrawal,15381.51,14,Swiggy,UPI,Success
507252,100284,2026-04-11 23:08:00,Online Transfer,21212.52,27,Zomato,Debit Card,Success
507253,100301,2026-04-17 11:07:00,Cash Withdrawal,27043.53,40,Myntra,Credit Card,Success
507254,100318,2026-04-22 23:06:00,Deposit,32874.54,3,Uber,Net Banking,Success
507255,100335,2026-04-28 11:05:00,UPI,38705.55,16,IRCTC,ATM,Success
507256,100352,2026-05-03 23:04:00,Card Payment,44536.56,29,Reliance,UPI,Success
507257,100369,2026-05-09 11:03:00,ATM Withdrawal,467.57,42,DMart,Debit Card,Success
507258,100386,2026-05-14 23:02:00,Online Transfer,6298.58,5,Netflix,Credit Card,Success
507259,100403,2026-05-20 11:01:00,Cash Withdrawal,12129.59,18,PhonePe,Net Banking,Success
507260,100420,2026-05-25 23:00:00,Deposit,17960.6,31,Google Pay,ATM,Success
507261,100437,2026-05-31 10:59:00,UPI,23791.61,44,Amazon,UPI,Success
507262,100454,2026-06-05 22:58:00,Card Payment,29622.62,7,Flipkart,Debit Card,Success
507263,100471,2026-06-11 10:57:00,ATM Withdrawal,35453.63,20,Swiggy,Credit Card,Success
507264,100488,2026-06-16 22:56:00,Online Transfer,41284.64,33,Zomato,Net Banking,Success
507265,100505,2026-06-22 10:55:00,Cash Withdrawal,47115.65,46,Myntra,ATM,Success
507266,100522,2026-06-27 22:54:00,Deposit,3046.66,9,Uber,UPI,Success
507267,100539,2026-07-03 10:53:00,UPI,8877.67,22,IRCTC,Debit Card,Success
507268,100556,2026-07-08 22:52:00,Card Payment,14708.68,35,Reliance,Credit Card,Success
507269,100573,2026-07-14 10:51:00,ATM Withdrawal,20539.69,48,DMart,Net Banking,Success
507270,100590,2026-07-19 22:50:00,Online Transfer,26370.7,11,Netflix,ATM,Success
507271,100607,2026-07-25 10:49:00,Cash Withdrawal,32201.71,24,PhonePe,UPI,Success
507272,100624,2026-07-30 22:48:00,Deposit,38032.72,37,Google Pay,Debit Card,Success
507273,100641,2026-08-05 10:47:00,UPI,43863.73,50,Amazon,Credit Card,Success
507274,100658,2026-08-10 22:46:00,Card Payment,49694.74,13,Flipkart,Net Banking,Success
507275,100675,2026-08-16 10:45:00,ATM Withdrawal,5625.75,26,Swiggy,ATM,Success
507276,100692,2026-08-21 22:44:00,Online Transfer,11456.76,39,Zomato,UPI,Success
507277,100709,2026-08-27 10:43:00,Cash Withdrawal,17287.77,2,Myntra,Debit Card,Success
507278,100726,2026-09-01 22:42:00,Deposit,23118.78,15,Uber,Credit Card,Success
507279,100743,2026-09-07 10:41:00,UPI,28949.79,28,IRCTC,Net Banking,Success
507280,100760,2026-09-12 22:40:00,Card Payment,34780.8,41,Reliance,ATM,Success
507281,100777,2026-09-18 10:39:00,ATM Withdrawal,40611.81,4,DMart,UPI,Success
507282,100794,2026-09-23 22:38:00,Online Transfer,46442.82,17,Netflix,Debit Card,Success
507283,100811,2026-09-29 10:37:00,Cash Withdrawal,2373.83,30,PhonePe,Credit Card,Success
507284,100828,2026-10-04 22:36:00,Deposit,8204.84,43,Google Pay,Net Banking,Success
507285,100845,2026-10-10 10:35:00,UPI,14035.85,6,Amazon,ATM,Success
507286,100862,2026-10-15 22:34:00,Card Payment,19866.86,19,Flipkart,UPI,Success
507287,100879,2026-10-21 10:33:00,ATM Withdrawal,25697.87,32,Swiggy,Debit Card,Success
507288,100896,2026-10-26 22:32:00,Online Transfer,31528.88,45,Zomato,Credit Card,Success
507289,100913,2026-11-01 10:31:00,Cash Withdrawal,37359.89,8,Myntra,Net Banking,Success
507290,100930,2026-11-06 22:30:00,Deposit,43190.9,21,Uber,ATM,Success
507291,100947,2026-11-12 10:29:00,UPI,49021.91,34,IRCTC,UPI,Success
507292,100964,2026-11-17 22:28:00,Card Payment,4952.92,47,Reliance,Debit Card,Success
507293,100981,2026-11-23 10:27:00,ATM Withdrawal,10783.93,10,DMart,Credit Card,Success
507294,100998,2026-11-28 22:26:00,Online Transfer,16614.94,23,Netflix,Net Banking,Success
507295,101015,2026-12-04 10:25:00,Cash Withdrawal,22445.95,36,PhonePe,ATM,Success
507296,101032,2026-12-09 22:24:00,Deposit,28276.96,49,Google Pay,UPI,Success
507297,101049,2026-12-15 10:23:00,UPI,34107.97,12,Amazon,Debit Card,Success
507298,101066,2026-12-20 22:22:00,Card Payment,207862.0,25,Flipkart,Credit Card,Success
507299,101083,2026-12-26 10:21:00,ATM Withdrawal,45769.99,38,Swiggy,Net Banking,Success
507300,101100,2026-12-31 22:20:00,Online Transfer,1700.0,1,Zomato,ATM,Success
507301,101117,2027-01-06 10:19:00,Cash Withdrawal,7531.01,14,Myntra,UPI,Success
507302,101134,2027-01-11 22:18:00,Deposit,13362.02,27,Uber,Debit Card,Success
507303,101151,2027-01-17 10:17:00,UPI,19193.03,40,IRCTC,Credit Card,Pending
507304,101168,2027-01-22 22:16:00,Card Payment,25024.04,3,Reliance,Net Banking,Success
507305,101185,2027-01-28 10:15:00,ATM Withdrawal,30855.05,16,DMart,ATM,Success
507306,101202,2027-02-02 22:14:00,Online Transfer,36686.06,29,Netflix,UPI,Success
507307,101219,2027-02-08 10:13:00,Cash Withdrawal,42517.07,42,PhonePe,Debit Card,Success
507308,101236,2027-02-13 22:12:00,Deposit,48348.08,5,Google Pay,Credit Card,Success
507309,101253,2027-02-19 10:11:00,UPI,4279.09,18,Amazon,Net Banking,Success
507310,101270,2027-02-24 22:10:00,Card Payment,10110.1,31,Flipkart,ATM,Success
507311,101287,2027-03-02 10:09:00,ATM Withdrawal,15941.11,44,Swiggy,UPI,Success
507312,101304,2027-03-07 22:08:00,Online Transfer,21772.12,7,Zomato,Debit Card,Success
507313,101321,2027-03-13 10:07:00,Cash Withdrawal,27603.13,20,Myntra,Credit Card,Success
507314,101338,2027-03-18 22:06:00,Deposit,33434.14,33,Uber,Net Banking,Success
507315,101355,2027-03-24 10:05:00,UPI,39265.15,46,IRCTC,ATM,Success
507316,101372,2027-03-29 22:04:00,Card Payment,45096.16,9,Reliance,UPI,Success
507317,101389,2027-04-04 10:03:00,ATM Withdrawal,1027.17,22,DMart,Debit Card,Success
507318,101406,2027-04-09 22:02:00,Online Transfer,6858.18,35,Netflix,Credit Card,Success
507319,101423,2027-04-15 10:01:00,Cash Withdrawal,12689.19,48,PhonePe,Net Banking,Success
507320,101440,2027-04-20 22:00:00,Deposit,18520.2,11,Google Pay,ATM,Success
507321,101457,2027-04-26 09:59:00,UPI,24351.21,24,Amazon,UPI,Success
507322,101474,2027-05-01 21:58:00,Card Payment,30182.22,37,Flipkart,Debit Card,Success
507323,101491,2027-05-07 09:57:00,ATM Withdrawal,36013.23,50,Swiggy,Credit Card,Success
507324,101508,2027-05-12 21:56:00,Online Transfer,41844.24,13,Zomato,Net Banking,Success
507325,101525,2027-05-18 09:55:00,Cash Withdrawal,47675.25,26,Myntra,ATM,Success
507326,101542,2027-05-23 21:54:00,Deposit,3606.26,39,Uber,UPI,Success
507327,101559,2027-05-29 09:53:00,UPI,9437.27,2,IRCTC,Debit Card,Success
507328,101576,2027-06-03 21:52:00,Card Payment,15268.28,15,Reliance,Credit Card,Success
507329,101593,2027-06-09 09:51:00,ATM Withdrawal,21099.29,28,DMart,Net Banking,Success
507330,101610,2027-06-14 21:50:00,Online Transfer,26930.3,41,Netflix,ATM,Success
507331,101627,2027-06-20 09:49:00,Cash Withdrawal,32761.31,4,PhonePe,UPI,Success
507332,101644,2027-06-25 21:48:00,Deposit,38592.32,17,Google Pay,Debit Card,Success
507333,101661,2027-07-01 09:47:00,UPI,44423.33,30,Amazon,Credit Card,Success
507334,101678,2027-07-06 21:46:00,Card Payment,354.34,43,Flipkart,Net Banking,Success
507335,101695,2027-07-12 09:45:00,ATM Withdrawal,6185.35,6,Swiggy,ATM,Success
507336,101712,2027-07-17 21:44:00,Online Transfer,12016.36,19,Zomato,UPI,Success
507337,101729,2027-07-23 09:43:00,Cash Withdrawal,17847.37,32,Myntra,Debit Card,Success
507338,101746,2027-07-28 21:42:00,Deposit,23678.38,45,Uber,Credit Card,Success
507339,101763,2027-08-03 09:41:00,UPI,29509.39,8,IRCTC,Net Banking,Success
507340,101780,2027-08-08 21:40:00,Card Payment,35340.4,21,Reliance,ATM,Success
507341,101797,2027-08-14 09:39:00,ATM Withdrawal,41171.41,34,DMart,UPI,Success
507342,101814,2027-08-19 21:38:00,Online Transfer,47002.42,47,Netflix,Debit Card,Success
507343,101831,2027-08-25 09:37:00,Cash Withdrawal,2933.43,10,PhonePe,Credit Card,Success
507344,101848,2027-08-30 21:36:00,Deposit,8764.44,23,Google Pay,Net Banking,Success
507345,101865,2027-09-05 09:35:00,UPI,14595.45,36,Amazon,ATM,Failed
507346,101882,2027-09-10 21:34:00,Card Payment,20426.46,49,Flipkart,UPI,Success
507347,101899,2027-09-16 09:33:00,ATM Withdrawal,26257.47,12,Swiggy,Debit Card,Success
507348,101916,2027-09-21 21:32:00,Online Transfer,32088.48,25,Zomato,Credit Card,Success
507349,101933,2027-09-27 09:31:00,Cash Withdrawal,37919.49,38,Myntra,Net Banking,Success
507350,101950,2027-10-02 21:30:00,Deposit,43750.5,1,Uber,ATM,Success
507351,101967,2027-10-08 09:29:00,UPI,49581.51,14,IRCTC,UPI,Success
507352,101984,2027-10-13 21:28:00,Card Payment,5512.52,27,Reliance,Debit Card,Success
507353,102001,2027-10-19 09:27:00,ATM Withdrawal,11343.53,40,DMart,Credit Card,Success
507354,102018,2027-10-24 21:26:00,Online Transfer,17174.54,3,Netflix,Net Banking,Success
507355,102035,2027-10-30 09:25:00,Cash Withdrawal,23005.55,16,PhonePe,ATM,Success
507356,102052,2027-11-04 21:24:00,Deposit,28836.56,29,Google Pay,UPI,Success
507357,102069,2027-11-10 09:23:00,UPI,34667.57,42,Amazon,Debit Card,Success
507358,102086,2027-11-15 21:22:00,Card Payment,40498.58,5,Flipkart,Credit Card,Success
507359,102103,2027-11-21 09:21:00,ATM Withdrawal,46329.59,18,Swiggy,Net Banking,Success
507360,102120,2027-11-26 21:20:00,Online Transfer,2260.6,31,Zomato,ATM,Success
507361,102137,2027-12-02 09:19:00,Cash Withdrawal,8091.61,44,Myntra,UPI,Success
507362,102154,2027-12-07 21:18:00,Deposit,13922.62,7,Uber,Debit Card,Success
507363,102171,2027-12-13 09:17:00,UPI,19753.63,20,IRCTC,Credit Card,Success
507364,102188,2027-12-18 21:16:00,Card Payment,25584.64,33,Reliance,Net Banking,Success
507365,102205,2027-12-24 09:15:00,ATM Withdrawal,31415.65,46,DMart,ATM,Success
507366,102222,2027-12-29 21:14:00,Online Transfer,384546.0,9,Netflix,UPI,Success
507367,102239,2028-01-04 09:13:00,Cash Withdrawal,43077.67,22,PhonePe,Debit Card,Success
507368,102256,2028-01-09 21:12:00,Deposit,48908.68,35,Google Pay,Credit Card,Success
507369,102273,2028-01-15 09:11:00,UPI,4839.69,48,Amazon,Net Banking,Success
507370,102290,2028-01-20 21:10:00,Card Payment,10670.7,11,Flipkart,ATM,Pending
507371,102307,2028-01-26 09:09:00,ATM Withdrawal,16501.71,24,Swiggy,UPI,Success
507372,102324,2028-01-31 21:08:00,Online Transfer,22332.72,37,Zomato,Debit Card,Success
507373,102341,2028-02-06 09:07:00,Cash Withdrawal,28163.73,50,Myntra,Credit Card,Success
507374,102358,2028-02-11 21:06:00,Deposit,33994.74,13,Uber,Net Banking,Success
507375,102375,2028-02-17 09:05:00,UPI,39825.75,26,IRCTC,ATM,Success
507376,102392,2028-02-22 21:04:00,Card Payment,45656.76,39,Reliance,UPI,Success
507377,102409,2028-02-28 09:03:00,ATM Withdrawal,1587.77,2,DMart,Debit Card,Success
507378,102426,2028-03-04 21:02:00,Online Transfer,7418.78,15,Netflix,Credit Card,Success
507379,102443,2028-03-10 09:01:00,Cash Withdrawal,13249.79,28,PhonePe,Net Banking,Success
507380,102460,2028-03-15 21:00:00,Deposit,19080.8,41,Google Pay,ATM,Success
507381,102477,2028-03-21 08:59:00,UPI,24911.81,4,Amazon,UPI,Success
507382,102494,2028-03-26 20:58:00,Card Payment,30742.82,17,Flipkart,Debit Card,Success
507383,102511,2028-04-01 08:57:00,ATM Withdrawal,36573.83,30,Swiggy,Credit Card,Success
507384,102528,2028-04-06 20:56:00,Online Transfer,42404.84,43,Zomato,Net Banking,Success
507385,102545,2028-04-12 08:55:00,Cash Withdrawal,48235.85,6,Myntra,ATM,Success
507386,102562,2028-04-17 20:54:00,Deposit,4166.86,19,Uber,UPI,Success
507387,102579,2028-04-23 08:53:00,UPI,245153.0,32,IRCTC,Debit Card,Success
507388,102596,2028-04-28 20:52:00,Card Payment,15828.88,45,Reliance,Credit Card,Success
507389,102613,2028-05-04 08:51:00,ATM Withdrawal,21659.89,8,DMart,Net Banking,Success
507390,102630,2028-05-09 20:50:00,Online Transfer,27490.9,21,Netflix,ATM,Success
507391,102647,2028-05-15 08:49:00,Cash Withdrawal,33321.91,34,PhonePe,UPI,Success
507392,102664,2028-05-20 20:48:00,Deposit,39152.92,47,Google Pay,Debit Card,Success
507393,102681,2028-05-26 08:47:00,UPI,44983.93,10,Amazon,Credit Card,Success
507394,102698,2028-05-31 20:46:00,Card Payment,914.94,23,Flipkart,Net Banking,Success
507395,102715,2028-06-06 08:45:00,ATM Withdrawal,6745.95,36,Swiggy,ATM,Success
507396,102732,2028-06-11 20:44:00,Online Transfer,12576.96,49,Zomato,UPI,Success
507397,102749,2028-06-17 08:43:00,Cash Withdrawal,18407.97,12,Myntra,Debit Card,Success
507398,102766,2028-06-22 20:42:00,Deposit,24238.98,25,Uber,Credit Card,Success
507399,102783,2028-06-28 08:41:00,UPI,30069.99,38,IRCTC,Net Banking,Success
507400,102800,2028-07-03 20:40:00,Card Payment,35900.0,1,Reliance,ATM,Success
507401,102817,2028-07-09 08:39:00,ATM Withdrawal,41731.01,14,DMart,UPI,Success
507402,102834,2028-07-14 20:38:00,Online Transfer,47562.02,27,Netflix,Debit Card,Success
507403,102851,2028-07-20 08:37:00,Cash Withdrawal,3493.03,40,PhonePe,Credit Card,Success
507404,102868,2028-07-25 20:36:00,Deposit,9324.04,3,Google Pay,Net Banking,Success
507405,102885,2028-07-31 08:35:00,UPI,15155.05,16,Amazon,ATM,Success
507406,102902,2028-08-05 20:34:00,Card Payment,20986.06,29,Flipkart,UPI,Success
507407,102919,2028-08-11 08:33:00,ATM Withdrawal,26817.07,42,Swiggy,Debit Card,Success
507408,102936,2028-08-16 20:32:00,Online Transfer,32648.08,5,Zomato,Credit Card,Success
507409,102953,2028-08-22 08:31:00,Cash Withdrawal,38479.09,18,Myntra,Net Banking,Success
507410,102970,2028-08-27 20:30:00,Deposit,44310.1,31,Uber,ATM,Success
507411,102987,2028-09-02 08:29:00,UPI,241.11,44,IRCTC,UPI,Success
507412,100004,2028-09-07 20:28:00,Card Payment,6072.12,7,Reliance,Debit Card,Success
507413,100021,2028-09-13 08:27:00,ATM Withdrawal,11903.13,20,DMart,Credit Card,Success
507414,100038,2028-09-18 20:26:00,Online Transfer,17734.14,33,Netflix,Net Banking,Success
507415,100055,2028-09-24 08:25:00,Cash Withdrawal,23565.15,46,PhonePe,ATM,Success
507416,100072,2028-09-29 20:24:00,Deposit,29396.16,9,Google Pay,UPI,Success
507417,100089,2028-10-05 08:23:00,UPI,35227.17,22,Amazon,Debit Card,Success
507418,100106,2028-10-10 20:22:00,Card Payment,41058.18,35,Flipkart,Credit Card,Success
507419,100123,2028-10-16 08:21:00,ATM Withdrawal,46889.19,48,Swiggy,Net Banking,Success
507420,100140,2028-10-21 20:20:00,Online Transfer,2820.2,11,Zomato,ATM,Success
507421,100157,2028-10-27 08:19:00,Cash Withdrawal,8651.21,24,Myntra,UPI,Success
507422,100174,2028-11-01 20:18:00,Deposit,14482.22,37,Uber,Debit Card,Success
507423,100191,2028-11-07 08:17:00,UPI,20313.23,50,IRCTC,Credit Card,Success
507424,100208,2028-11-12 20:16:00,Card Payment,26144.24,13,Reliance,Net Banking,Success
507425,100225,2028-11-18 08:15:00,ATM Withdrawal,31975.25,26,DMart,ATM,Success
507426,100242,2028-11-23 20:14:00,Online Transfer,37806.26,39,Netflix,UPI,Success
507427,100259,2028-11-29 08:13:00,Cash Withdrawal,43637.27,2,PhonePe,Debit Card,Success
507428,100276,2028-12-04 20:12:00,Deposit,49468.28,15,Google Pay,Credit Card,Success
507429,100293,2028-12-10 08:11:00,UPI,5399.29,28,Amazon,Net Banking,Success
507430,100310,2028-12-15 20:10:00,Card Payment,11230.3,41,Flipkart,ATM,Success
507431,100327,2028-12-21 08:09:00,ATM Withdrawal,17061.31,4,Swiggy,UPI,Success
507432,100344,2028-12-26 20:08:00,Online Transfer,22892.32,17,Zomato,Debit Card,Success
507433,100361,2029-01-01 08:07:00,Cash Withdrawal,28723.33,30,Myntra,Credit Card,Success
507434,100378,2029-01-06 20:06:00,Deposit,34554.34,43,Uber,Net Banking,Success
507435,100395,2029-01-12 08:05:00,UPI,40385.35,6,IRCTC,ATM,Success
507436,100412,2029-01-17 20:04:00,Card Payment,46216.36,19,Reliance,UPI,Success
507437,100429,2029-01-23 08:03:00,ATM Withdrawal,2147.37,32,DMart,Debit Card,Pending
507438,100446,2029-01-28 20:02:00,Online Transfer,7978.38,45,Netflix,Credit Card,Success
507439,100463,2029-02-03 08:01:00,Cash Withdrawal,13809.39,8,PhonePe,Net Banking,Success
507440,100480,2029-02-08 20:00:00,Deposit,19640.4,21,Google Pay,ATM,Success
507441,100497,2029-02-14 07:59:00,UPI,25471.41,34,Amazon,UPI,Success
507442,100514,2029-02-19 19:58:00,Card Payment,31302.42,47,Flipkart,Debit Card,Success
507443,100531,2029-02-25 07:57:00,ATM Withdrawal,37133.43,10,Swiggy,Credit Card,Success
507444,100548,2029-03-02 19:56:00,Online Transfer,42964.44,23,Zomato,Net Banking,Success
507445,100565,2029-03-08 07:55:00,Cash Withdrawal,48795.45,36,Myntra,ATM,Success
507446,100582,2029-03-13 19:54:00,Deposit,4726.46,49,Uber,UPI,Success
507447,100599,2029-03-19 07:53:00,UPI,10557.47,12,IRCTC,Debit Card,Success
507448,100616,2029-03-24 19:52:00,Card Payment,16388.48,25,Reliance,Credit Card,Success
507449,100633,2029-03-30 07:51:00,ATM Withdrawal,22219.49,38,DMart,Net Banking,Success
507450,100650,2029-04-04 19:50:00,Online Transfer,28050.5,1,Netflix,ATM,Success
507451,100667,2029-04-10 07:49:00,Cash Withdrawal,33881.51,14,PhonePe,UPI,Success
507452,100684,2029-04-15 19:48:00,Deposit,39712.52,27,Google Pay,Debit Card,Success
507453,100701,2029-04-21 07:47:00,UPI,45543.53,40,Amazon,Credit Card,Success
507454,100718,2029-04-26 19:46:00,Card Payment,1474.54,3,Flipkart,Net Banking,Success
507455,100735,2029-05-02 07:45:00,ATM Withdrawal,7305.55,16,Swiggy,ATM,Success
507456,100752,2029-05-07 19:44:00,Online Transfer,13136.56,29,Zomato,UPI,Success
507457,100769,2029-05-13 07:43:00,Cash Withdrawal,18967.57,42,Myntra,Debit Card,Success
507458,100786,2029-05-18 19:42:00,Deposit,24798.58,5,Uber,Credit Card,Failed
507459,100803,2029-05-24 07:41:00,UPI,30629.59,18,IRCTC,Net Banking,Success
507460,100820,2029-05-29 19:40:00,Card Payment,36460.6,31,Reliance,ATM,Success
507461,100837,2029-06-04 07:39:00,ATM Withdrawal,42291.61,44,DMart,UPI,Success
507462,100854,2029-06-09 19:38:00,Online Transfer,48122.62,7,Netflix,Debit Card,Success
507463,100871,2029-06-15 07:37:00,Cash Withdrawal,4053.63,20,PhonePe,Credit Card,Success
507464,100888,2029-06-20 19:36:00,Deposit,9884.64,33,Google Pay,Net Banking,Success
507465,100905,2029-06-26 07:35:00,UPI,15715.65,46,Amazon,ATM,Success
507466,100922,2029-07-01 19:34:00,Card Payment,21546.66,9,Flipkart,UPI,Success
507467,100939,2029-07-07 07:33:00,ATM Withdrawal,27377.67,22,Swiggy,Debit Card,Success
507468,100956,2029-07-12 19:32:00,Online Transfer,33208.68,35,Zomato,Credit Card,Success
507469,100973,2029-07-18 07:31:00,Cash Withdrawal,39039.69,48,Myntra,Net Banking,Success
507470,100990,2029-07-23 19:30:00,Deposit,44870.7,11,Uber,ATM,Success
507471,101007,2029-07-29 07:29:00,UPI,801.71,24,IRCTC,UPI,Success
507472,101024,2029-08-03 19:28:00,Card Payment,6632.72,37,Reliance,Debit Card,Success
507473,101041,2029-08-09 07:27:00,ATM Withdrawal,12463.73,50,DMart,Credit Card,Success
507474,101058,2029-08-14 19:26:00,Online Transfer,18294.74,13,Netflix,Net Banking,Success
507475,101075,2029-08-20 07:25:00,Cash Withdrawal,24125.75,26,PhonePe,ATM,Success
507476,101092,2029-08-25 19:24:00,Deposit,282444.0,39,Google Pay,UPI,Success
507477,101109,2029-08-31 07:23:00,UPI,35787.77,2,Amazon,Debit Card,Success
507478,101126,2029-09-05 19:22:00,Card Payment,41618.78,15,Flipkart,Credit Card,Success
507479,101143,2029-09-11 07:21:00,ATM Withdrawal,47449.79,28,Swiggy,Net Banking,Success
507480,101160,2029-09-16 19:20:00,Online Transfer,3380.8,41,Zomato,ATM,Success
507481,101177,2029-09-22 07:19:00,Cash Withdrawal,9211.81,4,Myntra,UPI,Success
507482,101194,2029-09-27 19:18:00,Deposit,15042.82,17,Uber,Debit Card,Success
507483,101211,2029-10-03 07:17:00,UPI,20873.83,30,IRCTC,Credit Card,Success
507484,101228,2029-10-08 19:16:00,Card Payment,26704.84,43,Reliance,Net Banking,Success
507485,101245,2029-10-14 07:15:00,ATM Withdrawal,32535.85,6,DMart,ATM,Success
507486,101262,2029-10-19 19:14:00,Online Transfer,38366.86,19,Netflix,UPI,Success
507487,101279,2029-10-25 07:13:00,Cash Withdrawal,44197.87,32,PhonePe,Debit Card,Success
507488,101296,2029-10-30 19:12:00,Deposit,128.88,45,Google Pay,Credit Card,Success
507489,101313,2029-11-05 07:11:00,UPI,5959.89,8,Amazon,Net Banking,Success
507490,101330,2029-11-10 19:10:00,Card Payment,11790.9,21,Flipkart,ATM,Success
507491,101347,2029-11-16 07:09:00,ATM Withdrawal,17621.91,34,Swiggy,UPI,Success
507492,101364,2029-11-21 19:08:00,Online Transfer,23452.92,47,Zomato,Debit Card,Success
507493,101381,2029-11-27 07:07:00,Cash Withdrawal,477383.0,10,Myntra,Credit Card,Success
507494,101398,2029-12-02 19:06:00,Deposit,35114.94,23,Uber,Net Banking,Success
507495,101415,2029-12-08 07:05:00,UPI,40945.95,36,IRCTC,ATM,Success
507496,101432,2029-12-13 19:04:00,Card Payment,46776.96,49,Reliance,UPI,Success
507497,101449,2029-12-19 07:03:00,ATM Withdrawal,2707.97,12,DMart,Debit Card,Success
507498,101466,2029-12-24 19:02:00,Online Transfer,8538.98,25,Netflix,Credit Card,Success
507499,101483,2029-12-30 07:01:00,Cash Withdrawal,14369.99,38,PhonePe,Net Banking,Success
507500,101500,2030-01-04 19:00:00,Deposit,20200.0,1,Google Pay,ATM,Success
507501,101517,2030-01-10 06:59:00,UPI,26031.01,14,Amazon,UPI,Success
507502,101534,2030-01-15 18:58:00,Card Payment,31862.02,27,Flipkart,Debit Card,Success
507503,101551,2030-01-21 06:57:00,ATM Withdrawal,37693.03,40,Swiggy,Credit Card,Success
507504,101568,2030-01-26 18:56:00,Online Transfer,43524.04,3,Zomato,Net Banking,Pending
507505,101585,2030-02-01 06:55:00,Cash Withdrawal,49355.05,16,Myntra,ATM,Success
507506,101602,2030-02-06 18:54:00,Deposit,5286.06,29,Uber,UPI,Success
507507,101619,2030-02-12 06:53:00,UPI,11117.07,42,IRCTC,Debit Card,Success
507508,101636,2030-02-17 18:52:00,Card Payment,16948.08,5,Reliance,Credit Card,Success
507509,101653,2030-02-23 06:51:00,ATM Withdrawal,22779.09,18,DMart,Net Banking,Success
507510,101670,2030-02-28 18:50:00,Online Transfer,28610.1,31,Netflix,ATM,Success
507511,101687,2030-03-06 06:49:00,Cash Withdrawal,34441.11,44,PhonePe,UPI,Success
507512,101704,2026-01-01 18:48:00,Deposit,40272.12,7,Google Pay,Debit Card,Success
507513,101721,2026-01-07 06:47:00,UPI,46103.13,20,Amazon,Credit Card,Success
507514,101738,2026-01-12 18:46:00,Card Payment,2034.14,33,Flipkart,Net Banking,Success
507515,101755,2026-01-18 06:45:00,ATM Withdrawal,7865.15,46,Swiggy,ATM,Success
507516,101772,2026-01-23 18:44:00,Online Transfer,13696.16,9,Zomato,UPI,Success
507517,101789,2026-01-29 06:43:00,Cash Withdrawal,19527.17,22,Myntra,Debit Card,Success
507518,101806,2026-02-03 18:42:00,Deposit,25358.18,35,Uber,Credit Card,Success
507519,101823,2026-02-09 06:41:00,UPI,31189.19,48,IRCTC,Net Banking,Success
507520,101840,2026-02-14 18:40:00,Card Payment,37020.2,11,Reliance,ATM,Success
507521,101857,2026-02-20 06:39:00,ATM Withdrawal,42851.21,24,DMart,UPI,Success
507522,101874,2026-02-25 18:38:00,Online Transfer,48682.22,37,Netflix,Debit Card,Success
507523,101891,2026-03-03 06:37:00,Cash Withdrawal,4613.23,50,PhonePe,Credit Card,Success
507524,101908,2026-03-08 18:36:00,Deposit,10444.24,13,Google Pay,Net Banking,Success
507525,101925,2026-03-14 06:35:00,UPI,16275.25,26,Amazon,ATM,Success
507526,101942,2026-03-19 18:34:00,Card Payment,22106.26,39,Flipkart,UPI,Success
507527,101959,2026-03-25 06:33:00,ATM Withdrawal,27937.27,2,Swiggy,Debit Card,Success
507528,101976,2026-03-30 18:32:00,Online Transfer,33768.28,15,Zomato,Credit Card,Success
507529,101993,2026-04-05 06:31:00,Cash Withdrawal,39599.29,28,Myntra,Net Banking,Success
507530,102010,2026-04-10 18:30:00,Deposit,45430.3,41,Uber,ATM,Success
507531,102027,2026-04-16 06:29:00,UPI,1361.31,4,IRCTC,UPI,Success
507532,102044,2026-04-21 18:28:00,Card Payment,7192.32,17,Reliance,Debit Card,Success
507533,102061,2026-04-27 06:27:00,ATM Withdrawal,13023.33,30,DMart,Credit Card,Success
507534,102078,2026-05-02 18:26:00,Online Transfer,18854.34,43,Netflix,Net Banking,Success
507535,102095,2026-05-08 06:25:00,Cash Withdrawal,24685.35,6,PhonePe,ATM,Success
507536,102112,2026-05-13 18:24:00,Deposit,30516.36,19,Google Pay,UPI,Success
507537,102129,2026-05-19 06:23:00,UPI,36347.37,32,Amazon,Debit Card,Success
507538,102146,2026-05-24 18:22:00,Card Payment,42178.38,45,Flipkart,Credit Card,Success
507539,102163,2026-05-30 06:21:00,ATM Withdrawal,48009.39,8,Swiggy,Net Banking,Success
507540,102180,2026-06-04 18:20:00,Online Transfer,3940.4,21,Zomato,ATM,Success
507541,102197,2026-06-10 06:19:00,Cash Withdrawal,9771.41,34,Myntra,UPI,Success
507542,102214,2026-06-15 18:18:00,Deposit,15602.42,47,Uber,Debit Card,Success
507543,102231,2026-06-21 06:17:00,UPI,21433.43,10,IRCTC,Credit Card,Success
507544,102248,2026-06-26 18:16:00,Card Payment,27264.44,23,Reliance,Net Banking,Success
507545,102265,2026-07-02 06:15:00,ATM Withdrawal,33095.45,36,DMart,ATM,Success
507546,102282,2026-07-07 18:14:00,Online Transfer,38926.46,49,Netflix,UPI,Success
507547,102299,2026-07-13 06:13:00,Cash Withdrawal,44757.47,12,PhonePe,Debit Card,Success
507548,102316,2026-07-18 18:12:00,Deposit,688.48,25,Google Pay,Credit Card,Success
507549,102333,2026-07-24 06:11:00,UPI,6519.49,38,Amazon,Net Banking,Success
507550,102350,2026-07-29 18:10:00,Card Payment,12350.5,1,Flipkart,ATM,Success
507551,102367,2026-08-04 06:09:00,ATM Withdrawal,18181.51,14,Swiggy,UPI,Success
507552,102384,2026-08-09 18:08:00,Online Transfer,24012.52,27,Zomato,Debit Card,Success
507553,102401,2026-08-15 06:07:00,Cash Withdrawal,29843.53,40,Myntra,Credit Card,Success
507554,102418,2026-08-20 18:06:00,Deposit,35674.54,3,Uber,Net Banking,Success
507555,102435,2026-08-26 06:05:00,UPI,41505.55,16,IRCTC,ATM,Success
507556,102452,2026-08-31 18:04:00,Card Payment,47336.56,29,Reliance,UPI,Success
507557,102469,2026-09-06 06:03:00,ATM Withdrawal,3267.57,42,DMart,Debit Card,Success
507558,102486,2026-09-11 18:02:00,Online Transfer,9098.58,5,Netflix,Credit Card,Success
507559,102503,2026-09-17 06:01:00,Cash Withdrawal,14929.59,18,PhonePe,Net Banking,Success
507560,102520,2026-09-22 18:00:00,Deposit,20760.6,31,Google Pay,ATM,Success
507561,102537,2026-09-28 05:59:00,UPI,26591.61,44,Amazon,UPI,Success
507562,102554,2026-10-03 17:58:00,Card Payment,32422.62,7,Flipkart,Debit Card,Success
507563,102571,2026-10-09 05:57:00,ATM Withdrawal,38253.63,20,Swiggy,Credit Card,Success
507564,102588,2026-10-14 17:56:00,Online Transfer,44084.64,33,Zomato,Net Banking,Success
507565,102605,2026-10-20 05:55:00,Cash Withdrawal,319735.0,46,Myntra,ATM,Success
507566,102622,2026-10-25 17:54:00,Deposit,5846.66,9,Uber,UPI,Success
507567,102639,2026-10-31 05:53:00,UPI,11677.67,22,IRCTC,Debit Card,Success
507568,102656,2026-11-05 17:52:00,Card Payment,17508.68,35,Reliance,Credit Card,Success
507569,102673,2026-11-11 05:51:00,ATM Withdrawal,23339.69,48,DMart,Net Banking,Success
507570,102690,2026-11-16 17:50:00,Online Transfer,29170.7,11,Netflix,ATM,Success
507571,102707,2026-11-22 05:49:00,Cash Withdrawal,35001.71,24,PhonePe,UPI,Failed
507572,102724,2026-11-27 17:48:00,Deposit,40832.72,37,Google Pay,Debit Card,Success
507573,102741,2026-12-03 05:47:00,UPI,46663.73,50,Amazon,Credit Card,Success
507574,102758,2026-12-08 17:46:00,Card Payment,2594.74,13,Flipkart,Net Banking,Success
507575,102775,2026-12-14 05:45:00,ATM Withdrawal,8425.75,26,Swiggy,ATM,Success
507576,102792,2026-12-19 17:44:00,Online Transfer,14256.76,39,Zomato,UPI,Success
507577,102809,2026-12-25 05:43:00,Cash Withdrawal,20087.77,2,Myntra,Debit Card,Success
507578,102826,2026-12-30 17:42:00,Deposit,25918.78,15,Uber,Credit Card,Success
507579,102843,2027-01-05 05:41:00,UPI,31749.79,28,IRCTC,Net Banking,Success
507580,102860,2027-01-10 17:40:00,Card Payment,37580.8,41,Reliance,ATM,Success
507581,102877,2027-01-16 05:39:00,ATM Withdrawal,43411.81,4,DMart,UPI,Success
507582,102894,2027-01-21 17:38:00,Online Transfer,49242.82,17,Netflix,Debit Card,Success
507583,102911,2027-01-27 05:37:00,Cash Withdrawal,5173.83,30,PhonePe,Credit Card,Success
507584,102928,2027-02-01 17:36:00,Deposit,11004.84,43,Google Pay,Net Banking,Success
507585,102945,2027-02-07 05:35:00,UPI,16835.85,6,Amazon,ATM,Success
507586,102962,2027-02-12 17:34:00,Card Payment,22666.86,19,Flipkart,UPI,Success
507587,102979,2027-02-18 05:33:00,ATM Withdrawal,28497.87,32,Swiggy,Debit Card,Success
507588,102996,2027-02-23 17:32:00,Online Transfer,34328.88,45,Zomato,Credit Card,Success
507589,100013,2027-03-01 05:31:00,Cash Withdrawal,40159.89,8,Myntra,Net Banking,Success
507590,100030,2027-03-06 17:30:00,Deposit,45990.9,21,Uber,ATM,Success
507591,100047,2027-03-12 05:29:00,UPI,1921.91,34,IRCTC,UPI,Success
507592,100064,2027-03-17 17:28:00,Card Payment,7752.92,47,Reliance,Debit Card,Success
507593,100081,2027-03-23 05:27:00,ATM Withdrawal,13583.93,10,DMart,Credit Card,Success
507594,100098,2027-03-28 17:26:00,Online Transfer,19414.94,23,Netflix,Net Banking,Success
507595,100115,2027-04-03 05:25:00,Cash Withdrawal,25245.95,36,PhonePe,ATM,Success
507596,100132,2027-04-08 17:24:00,Deposit,31076.96,49,Google Pay,UPI,Success
507597,100149,2027-04-14 05:23:00,UPI,36907.97,12,Amazon,Debit Card,Success
507598,100166,2027-04-19 17:22:00,Card Payment,42738.98,25,Flipkart,Credit Card,Success
507599,100183,2027-04-25 05:21:00,ATM Withdrawal,48569.99,38,Swiggy,Net Banking,Success
507600,100200,2027-04-30 17:20:00,Online Transfer,4500.0,1,Zomato,ATM,Success
507601,100217,2027-05-06 05:19:00,Cash Withdrawal,10331.01,14,Myntra,UPI,Success
507602,100234,2027-05-11 17:18:00,Deposit,16162.02,27,Uber,Debit Card,Success
507603,100251,2027-05-17 05:17:00,UPI,21993.03,40,IRCTC,Credit Card,Success
507604,100268,2027-05-22 17:16:00,Card Payment,27824.04,3,Reliance,Net Banking,Success
507605,100285,2027-05-28 05:15:00,ATM Withdrawal,33655.05,16,DMart,ATM,Success
507606,100302,2027-06-02 17:14:00,Online Transfer,39486.06,29,Netflix,UPI,Success
507607,100319,2027-06-08 05:13:00,Cash Withdrawal,45317.07,42,PhonePe,Debit Card,Success
507608,100336,2027-06-13 17:12:00,Deposit,1248.08,5,Google Pay,Credit Card,Success
507609,100353,2027-06-19 05:11:00,UPI,7079.09,18,Amazon,Net Banking,Success
507610,100370,2027-06-24 17:10:00,Card Payment,12910.1,31,Flipkart,ATM,Success
507611,100387,2027-06-30 05:09:00,ATM Withdrawal,18741.11,44,Swiggy,UPI,Success
507612,100404,2027-07-05 17:08:00,Online Transfer,24572.12,7,Zomato,Debit Card,Success
507613,100421,2027-07-11 05:07:00,Cash Withdrawal,30403.13,20,Myntra,Credit Card,Success
507614,100438,2027-07-16 17:06:00,Deposit,36234.14,33,Uber,Net Banking,Success
507615,100455,2027-07-22 05:05:00,UPI,42065.15,46,IRCTC,ATM,Success
507616,100472,2027-07-27 17:04:00,Card Payment,47896.16,9,Reliance,UPI,Success
507617,100489,2027-08-02 05:03:00,ATM Withdrawal,3827.17,22,DMart,Debit Card,Success
507618,100506,2027-08-07 17:02:00,Online Transfer,9658.18,35,Netflix,Credit Card,Success
507619,100523,2027-08-13 05:01:00,Cash Withdrawal,15489.19,48,PhonePe,Net Banking,Success
507620,100540,2027-08-18 17:00:00,Deposit,570220.0,11,Google Pay,ATM,Success
507621,100557,2027-08-24 04:59:00,UPI,27151.21,24,Amazon,UPI,Success
507622,100574,2027-08-29 16:58:00,Card Payment,32982.22,37,Flipkart,Debit Card,Success
507623,100591,2027-09-04 04:57:00,ATM Withdrawal,38813.23,50,Swiggy,Credit Card,Success
507624,100608,2027-09-09 16:56:00,Online Transfer,44644.24,13,Zomato,Net Banking,Success
507625,100625,2027-09-15 04:55:00,Cash Withdrawal,575.25,26,Myntra,ATM,Success
507626,100642,2027-09-20 16:54:00,Deposit,6406.26,39,Uber,UPI,Success
507627,100659,2027-09-26 04:53:00,UPI,12237.27,2,IRCTC,Debit Card,Success
507628,100676,2027-10-01 16:52:00,Card Payment,18068.28,15,Reliance,Credit Card,Success
507629,100693,2027-10-07 04:51:00,ATM Withdrawal,23899.29,28,DMart,Net Banking,Success
507630,100710,2027-10-12 16:50:00,Online Transfer,29730.3,41,Netflix,ATM,Success
507631,100727,2027-10-18 04:49:00,Cash Withdrawal,35561.31,4,PhonePe,UPI,Success
507632,100744,2027-10-23 16:48:00,Deposit,41392.32,17,Google Pay,Debit Card,Success
507633,100761,2027-10-29 04:47:00,UPI,47223.33,30,Amazon,Credit Card,Success
507634,100778,2027-11-03 16:46:00,Card Payment,3154.34,43,Flipkart,Net Banking,Success
507635,100795,2027-11-09 04:45:00,ATM Withdrawal,8985.35,6,Swiggy,ATM,Success
507636,100812,2027-11-14 16:44:00,Online Transfer,14816.36,19,Zomato,UPI,Success
507637,100829,2027-11-20 04:43:00,Cash Withdrawal,20647.37,32,Myntra,Debit Card,Success
507638,100846,2027-11-25 16:42:00,Deposit,26478.38,45,Uber,Credit Card,Pending
507639,100863,2027-12-01 04:41:00,UPI,32309.39,8,IRCTC,Net Banking,Success
507640,100880,2027-12-06 16:40:00,Card Payment,38140.4,21,Reliance,ATM,Success
507641,100897,2027-12-12 04:39:00,ATM Withdrawal,43971.41,34,DMart,UPI,Success
507642,100914,2027-12-17 16:38:00,Online Transfer,49802.42,47,Netflix,Debit Card,Success
507643,100931,2027-12-23 04:37:00,Cash Withdrawal,5733.43,10,PhonePe,Credit Card,Success
507644,100948,2027-12-28 16:36:00,Deposit,11564.44,23,Google Pay,Net Banking,Success
507645,100965,2028-01-03 04:35:00,UPI,17395.45,36,Amazon,ATM,Success
507646,100982,2028-01-08 16:34:00,Card Payment,23226.46,49,Flipkart,UPI,Success
507647,100999,2028-01-14 04:33:00,ATM Withdrawal,29057.47,12,Swiggy,Debit Card,Success
507648,101016,2028-01-19 16:32:00,Online Transfer,34888.48,25,Zomato,Credit Card,Success
507649,101033,2028-01-25 04:31:00,Cash Withdrawal,40719.49,38,Myntra,Net Banking,Success
507650,101050,2028-01-30 16:30:00,Deposit,46550.5,1,Uber,ATM,Success
507651,101067,2028-02-05 04:29:00,UPI,2481.51,14,IRCTC,UPI,Success
507652,101084,2028-02-10 16:28:00,Card Payment,8312.52,27,Reliance,Debit Card,Success
507653,101101,2028-02-16 04:27:00,ATM Withdrawal,14143.53,40,DMart,Credit Card,Success
507654,101118,2028-02-21 16:26:00,Online Transfer,357026.0,3,Netflix,Net Banking,Success
507655,101135,2028-02-27 04:25:00,Cash Withdrawal,25805.55,16,PhonePe,ATM,Success
507656,101152,2028-03-03 16:24:00,Deposit,31636.56,29,Google Pay,UPI,Success
507657,101169,2028-03-09 04:23:00,UPI,37467.57,42,Amazon,Debit Card,Success
507658,101186,2028-03-14 16:22:00,Card Payment,43298.58,5,Flipkart,Credit Card,Success
507659,101203,2028-03-20 04:21:00,ATM Withdrawal,49129.59,18,Swiggy,Net Banking,Success
507660,101220,2028-03-25 16:20:00,Online Transfer,5060.6,31,Zomato,ATM,Success
507661,101237,2028-03-31 04:19:00,Cash Withdrawal,10891.61,44,Myntra,UPI,Success
507662,101254,2028-04-05 16:18:00,Deposit,16722.62,7,Uber,Debit Card,Success
507663,101271,2028-04-11 04:17:00,UPI,22553.63,20,IRCTC,Credit Card,Success
507664,101288,2028-04-16 16:16:00,Card Payment,28384.64,33,Reliance,Net Banking,Success
507665,101305,2028-04-22 04:15:00,ATM Withdrawal,34215.65,46,DMart,ATM,Success
507666,101322,2028-04-27 16:14:00,Online Transfer,40046.66,9,Netflix,UPI,Success
507667,101339,2028-05-03 04:13:00,Cash Withdrawal,45877.67,22,PhonePe,Debit Card,Success
507668,101356,2028-05-08 16:12:00,Deposit,1808.68,35,Google Pay,Credit Card,Success
507669,101373,2028-05-14 04:11:00,UPI,7639.69,48,Amazon,Net Banking,Success
507670,101390,2028-05-19 16:10:00,Card Payment,13470.7,11,Flipkart,ATM,Success
507671,101407,2028-05-25 04:09:00,ATM Withdrawal,19301.71,24,Swiggy,UPI,Success
507672,101424,2028-05-30 16:08:00,Online Transfer,25132.72,37,Zomato,Debit Card,Success
507673,101441,2028-06-05 04:07:00,Cash Withdrawal,30963.73,50,Myntra,Credit Card,Success
507674,101458,2028-06-10 16:06:00,Deposit,36794.74,13,Uber,Net Banking,Success
507675,101475,2028-06-16 04:05:00,UPI,42625.75,26,IRCTC,ATM,Success
507676,101492,2028-06-21 16:04:00,Card Payment,48456.76,39,Reliance,UPI,Success
507677,101509,2028-06-27 04:03:00,ATM Withdrawal,4387.77,2,DMart,Debit Card,Success
507678,101526,2028-07-02 16:02:00,Online Transfer,10218.78,15,Netflix,Credit Card,Success
507679,101543,2028-07-08 04:01:00,Cash Withdrawal,16049.79,28,PhonePe,Net Banking,Success
507680,101560,2028-07-13 16:00:00,Deposit,21880.8,41,Google Pay,ATM,Success
507681,101577,2028-07-19 03:59:00,UPI,27711.81,4,Amazon,UPI,Success
507682,101594,2028-07-24 15:58:00,Card Payment,33542.82,17,Flipkart,Debit Card,Success
507683,101611,2028-07-30 03:57:00,ATM Withdrawal,39373.83,30,Swiggy,Credit Card,Success
507684,101628,2028-08-04 15:56:00,Online Transfer,45204.84,43,Zomato,Net Banking,Failed
507685,101645,2028-08-10 03:55:00,Cash Withdrawal,1135.85,6,Myntra,ATM,Success
507686,101662,2028-08-15 15:54:00,Deposit,6966.86,19,Uber,UPI,Success
507687,101679,2028-08-21 03:53:00,UPI,12797.87,32,IRCTC,Debit Card,Success
507688,101696,2028-08-26 15:52:00,Card Payment,18628.88,45,Reliance,Credit Card,Success
507689,101713,2028-09-01 03:51:00,ATM Withdrawal,24459.89,8,DMart,Net Banking,Success
507690,101730,2028-09-06 15:50:00,Online Transfer,30290.9,21,Netflix,ATM,Success
507691,101747,2028-09-12 03:49:00,Cash Withdrawal,36121.91,34,PhonePe,UPI,Success
507692,101764,2028-09-17 15:48:00,Deposit,41952.92,47,Google Pay,Debit Card,Success
507693,101781,2028-09-23 03:47:00,UPI,47783.93,10,Amazon,Credit Card,Success
507694,101798,2028-09-28 15:46:00,Card Payment,3714.94,23,Flipkart,Net Banking,Success
507695,101815,2028-10-04 03:45:00,ATM Withdrawal,9545.95,36,Swiggy,ATM,Success
507696,101832,2028-10-09 15:44:00,Online Transfer,15376.96,49,Zomato,UPI,Success
507697,101849,2028-10-15 03:43:00,Cash Withdrawal,21207.97,12,Myntra,Debit Card,Success
507698,101866,2028-10-20 15:42:00,Deposit,27038.98,25,Uber,Credit Card,Success
507699,101883,2028-10-26 03:41:00,UPI,32869.99,38,IRCTC,Net Banking,Success
507700,101900,2028-10-31 15:40:00,Card Payment,38700.0,1,Reliance,ATM,Success
507701,101917,2028-11-06 03:39:00,ATM Withdrawal,44531.01,14,DMart,UPI,Success
507702,101934,2028-11-11 15:38:00,Online Transfer,462.02,27,Netflix,Debit Card,Success
507703,101951,2028-11-17 03:37:00,Cash Withdrawal,6293.03,40,PhonePe,Credit Card,Success
507704,101968,2028-11-22 15:36:00,Deposit,12124.04,3,Google Pay,Net Banking,Success
507705,101985,2028-11-28 03:35:00,UPI,17955.05,16,Amazon,ATM,Pending
507706,102002,2028-12-03 15:34:00,Card Payment,23786.06,29,Flipkart,UPI,Success
507707,102019,2028-12-09 03:33:00,ATM Withdrawal,29617.07,42,Swiggy,Debit Card,Success
507708,102036,2028-12-14 15:32:00,Online Transfer,35448.08,5,Zomato,Credit Card,Success
507709,102053,2028-12-20 03:31:00,Cash Withdrawal,41279.09,18,Myntra,Net Banking,Success
507710,102070,2028-12-25 15:30:00,Deposit,47110.1,31,Uber,ATM,Success
507711,102087,2028-12-31 03:29:00,UPI,3041.11,44,IRCTC,UPI,Success
507712,102104,2029-01-05 15:28:00,Card Payment,8872.12,7,Reliance,Debit Card,Success
507713,102121,2029-01-11 03:27:00,ATM Withdrawal,14703.13,20,DMart,Credit Card,Success
507714,102138,2029-01-16 15:26:00,Online Transfer,20534.14,33,Netflix,Net Banking,Success
507715,102155,2029-01-22 03:25:00,Cash Withdrawal,26365.15,46,PhonePe,ATM,Success
507716,102172,2029-01-27 15:24:00,Deposit,32196.16,9,Google Pay,UPI,Success
507717,102189,2029-02-02 03:23:00,UPI,38027.17,22,Amazon,Debit Card,Success
507718,102206,2029-02-07 15:22:00,Card Payment,43858.18,35,Flipkart,Credit Card,Success
507719,102223,2029-02-13 03:21:00,ATM Withdrawal,49689.19,48,Swiggy,Net Banking,Success
507720,102240,2029-02-18 15:20:00,Online Transfer,5620.2,11,Zomato,ATM,Success
507721,102257,2029-02-24 03:19:00,Cash Withdrawal,11451.21,24,Myntra,UPI,Success
507722,102274,2029-03-01 15:18:00,Deposit,17282.22,37,Uber,Debit Card,Success
507723,102291,2029-03-07 03:17:00,UPI,23113.23,50,IRCTC,Credit Card,Success
507724,102308,2029-03-12 15:16:00,Card Payment,28944.24,13,Reliance,Net Banking,Success
507725,102325,2029-03-18 03:15:00,ATM Withdrawal,34775.25,26,DMart,ATM,Success
507726,102342,2029-03-23 15:14:00,Online Transfer,40606.26,39,Netflix,UPI,Success
507727,102359,2029-03-29 03:13:00,Cash Withdrawal,46437.27,2,PhonePe,Debit Card,Success
507728,102376,2029-04-03 15:12:00,Deposit,2368.28,15,Google Pay,Credit Card,Success
507729,102393,2029-04-09 03:11:00,UPI,8199.29,28,Amazon,Net Banking,Success
507730,102410,2029-04-14 15:10:00,Card Payment,14030.3,41,Flipkart,ATM,Success
507731,102427,2029-04-20 03:09:00,ATM Withdrawal,19861.31,4,Swiggy,UPI,Success
507732,102444,2029-04-25 15:08:00,Online Transfer,25692.32,17,Zomato,Debit Card,Success
507733,102461,2029-05-01 03:07:00,Cash Withdrawal,31523.33,30,Myntra,Credit Card,Success
507734,102478,2029-05-06 15:06:00,Deposit,37354.34,43,Uber,Net Banking,Success
507735,102495,2029-05-12 03:05:00,UPI,43185.35,6,IRCTC,ATM,Success
507736,102512,2029-05-17 15:04:00,Card Payment,49016.36,19,Reliance,UPI,Success
507737,102529,2029-05-23 03:03:00,ATM Withdrawal,4947.37,32,DMart,Debit Card,Success
507738,102546,2029-05-28 15:02:00,Online Transfer,10778.38,45,Netflix,Credit Card,Success
507739,102563,2029-06-03 03:01:00,Cash Withdrawal,16609.39,8,PhonePe,Net Banking,Success
507740,102580,2029-06-08 15:00:00,Deposit,22440.4,21,Google Pay,ATM,Success
507741,102597,2029-06-14 02:59:00,UPI,28271.41,34,Amazon,UPI,Success
507742,102614,2029-06-19 14:58:00,Card Payment,34102.42,47,Flipkart,Debit Card,Success
507743,102631,2029-06-25 02:57:00,ATM Withdrawal,394317.0,10,Swiggy,Credit Card,Success
507744,102648,2029-06-30 14:56:00,Online Transfer,45764.44,23,Zomato,Net Banking,Success
507745,102665,2029-07-06 02:55:00,Cash Withdrawal,1695.45,36,Myntra,ATM,Success
507746,102682,2029-07-11 14:54:00,Deposit,7526.46,49,Uber,UPI,Success
507747,102699,2029-07-17 02:53:00,UPI,663057.0,12,IRCTC,Debit Card,Success
507748,102716,2029-07-22 14:52:00,Card Payment,19188.48,25,Reliance,Credit Card,Success
507749,102733,2029-07-28 02:51:00,ATM Withdrawal,25019.49,38,DMart,Net Banking,Success
507750,102750,2029-08-02 14:50:00,Online Transfer,30850.5,1,Netflix,ATM,Success
507751,102767,2029-08-08 02:49:00,Cash Withdrawal,36681.51,14,PhonePe,UPI,Success
507752,102784,2029-08-13 14:48:00,Deposit,42512.52,27,Google Pay,Debit Card,Success
507753,102801,2029-08-19 02:47:00,UPI,48343.53,40,Amazon,Credit Card,Success
507754,102818,2029-08-24 14:46:00,Card Payment,4274.54,3,Flipkart,Net Banking,Success
507755,102835,2029-08-30 02:45:00,ATM Withdrawal,10105.55,16,Swiggy,ATM,Success
507756,102852,2029-09-04 14:44:00,Online Transfer,15936.56,29,Zomato,UPI,Success
507757,102869,2029-09-10 02:43:00,Cash Withdrawal,21767.57,42,Myntra,Debit Card,Success
507758,102886,2029-09-15 14:42:00,Deposit,27598.58,5,Uber,Credit Card,Success
507759,102903,2029-09-21 02:41:00,UPI,33429.59,18,IRCTC,Net Banking,Success
507760,102920,2029-09-26 14:40:00,Card Payment,39260.6,31,Reliance,ATM,Success
507761,102937,2029-10-02 02:39:00,ATM Withdrawal,45091.61,44,DMart,UPI,Success
507762,102954,2029-10-07 14:38:00,Online Transfer,1022.62,7,Netflix,Debit Card,Success
507763,102971,2029-10-13 02:37:00,Cash Withdrawal,6853.63,20,PhonePe,Credit Card,Success
507764,102988,2029-10-18 14:36:00,Deposit,12684.64,33,Google Pay,Net Banking,Success
507765,100005,2029-10-24 02:35:00,UPI,18515.65,46,Amazon,ATM,Success
507766,100022,2029-10-29 14:34:00,Card Payment,24346.66,9,Flipkart,UPI,Success
507767,100039,2029-11-04 02:33:00,ATM Withdrawal,30177.67,22,Swiggy,Debit Card,Success
507768,100056,2029-11-09 14:32:00,Online Transfer,36008.68,35,Zomato,Credit Card,Success
507769,100073,2029-11-15 02:31:00,Cash Withdrawal,41839.69,48,Myntra,Net Banking,Success
507770,100090,2029-11-20 14:30:00,Deposit,47670.7,11,Uber,ATM,Success
507771,100107,2029-11-26 02:29:00,UPI,3601.71,24,IRCTC,UPI,Success
507772,100124,2029-12-01 14:28:00,Card Payment,9432.72,37,Reliance,Debit Card,Pending
507773,100141,2029-12-07 02:27:00,ATM Withdrawal,15263.73,50,DMart,Credit Card,Success
507774,100158,2029-12-12 14:26:00,Online Transfer,21094.74,13,Netflix,Net Banking,Success
507775,100175,2029-12-18 02:25:00,Cash Withdrawal,26925.75,26,PhonePe,ATM,Success
507776,100192,2029-12-23 14:24:00,Deposit,32756.76,39,Google Pay,UPI,Success
507777,100209,2029-12-29 02:23:00,UPI,38587.77,2,Amazon,Debit Card,Success
507778,100226,2030-01-03 14:22:00,Card Payment,44418.78,15,Flipkart,Credit Card,Success
507779,100243,2030-01-09 02:21:00,ATM Withdrawal,349.79,28,Swiggy,Net Banking,Success
507780,100260,2030-01-14 14:20:00,Online Transfer,6180.8,41,Zomato,ATM,Success
507781,100277,2030-01-20 02:19:00,Cash Withdrawal,12011.81,4,Myntra,UPI,Success
507782,100294,2030-01-25 14:18:00,Deposit,17842.82,17,Uber,Debit Card,Success
507783,100311,2030-01-31 02:17:00,UPI,23673.83,30,IRCTC,Credit Card,Success
507784,100328,2030-02-05 14:16:00,Card Payment,29504.84,43,Reliance,Net Banking,Success
507785,100345,2030-02-11 02:15:00,ATM Withdrawal,35335.85,6,DMart,ATM,Success
507786,100362,2030-02-16 14:14:00,Online Transfer,41166.86,19,Netflix,UPI,Success
507787,100379,2030-02-22 02:13:00,Cash Withdrawal,46997.87,32,PhonePe,Debit Card,Success
507788,100396,2030-02-27 14:12:00,Deposit,2928.88,45,Google Pay,Credit Card,Success
507789,100413,2030-03-05 02:11:00,UPI,8759.89,8,Amazon,Net Banking,Success
507790,100430,2030-03-10 14:10:00,Card Payment,14590.9,21,Flipkart,ATM,Success
507791,100447,2026-01-06 02:09:00,ATM Withdrawal,20421.91,34,Swiggy,UPI,Success
507792,100464,2026-01-11 14:08:00,Online Transfer,26252.92,47,Zomato,Debit Card,Success
507793,100481,2026-01-17 02:07:00,Cash Withdrawal,32083.93,10,Myntra,Credit Card,Success
507794,100498,2026-01-22 14:06:00,Deposit,37914.94,23,Uber,Net Banking,Success
507795,100515,2026-01-28 02:05:00,UPI,43745.95,36,IRCTC,ATM,Success
507796,100532,2026-02-02 14:04:00,Card Payment,49576.96,49,Reliance,UPI,Success
507797,100549,2026-02-08 02:03:00,ATM Withdrawal,5507.97,12,DMart,Debit Card,Failed
507798,100566,2026-02-13 14:02:00,Online Transfer,11338.98,25,Netflix,Credit Card,Success
507799,100583,2026-02-19 02:01:00,Cash Withdrawal,17169.99,38,PhonePe,Net Banking,Success
507800,100600,2026-02-24 14:00:00,Deposit,23000.0,1,Google Pay,ATM,Success
507801,100617,2026-03-02 01:59:00,UPI,28831.01,14,Amazon,UPI,Success
507802,100634,2026-03-07 13:58:00,Card Payment,34662.02,27,Flipkart,Debit Card,Success
507803,100651,2026-03-13 01:57:00,ATM Withdrawal,40493.03,40,Swiggy,Credit Card,Success
507804,100668,2026-03-18 13:56:00,Online Transfer,46324.04,3,Zomato,Net Banking,Success
507805,100685,2026-03-24 01:55:00,Cash Withdrawal,2255.05,16,Myntra,ATM,Success
507806,100702,2026-03-29 13:54:00,Deposit,8086.06,29,Uber,UPI,Success
507807,100719,2026-04-04 01:53:00,UPI,13917.07,42,IRCTC,Debit Card,Success
507808,100736,2026-04-09 13:52:00,Card Payment,19748.08,5,Reliance,Credit Card,Success
507809,100753,2026-04-15 01:51:00,ATM Withdrawal,25579.09,18,DMart,Net Banking,Success
507810,100770,2026-04-20 13:50:00,Online Transfer,31410.1,31,Netflix,ATM,Success
507811,100787,2026-04-26 01:49:00,Cash Withdrawal,37241.11,44,PhonePe,UPI,Success
507812,100804,2026-05-01 13:48:00,Deposit,43072.12,7,Google Pay,Debit Card,Success
507813,100821,2026-05-07 01:47:00,UPI,48903.13,20,Amazon,Credit Card,Success
507814,100838,2026-05-12 13:46:00,Card Payment,4834.14,33,Flipkart,Net Banking,Success
507815,100855,2026-05-18 01:45:00,ATM Withdrawal,10665.15,46,Swiggy,ATM,Success
507816,100872,2026-05-23 13:44:00,Online Transfer,16496.16,9,Zomato,UPI,Success
507817,100889,2026-05-29 01:43:00,Cash Withdrawal,22327.17,22,Myntra,Debit Card,Success
507818,100906,2026-06-03 13:42:00,Deposit,28158.18,35,Uber,Credit Card,Success
507819,100923,2026-06-09 01:41:00,UPI,33989.19,48,IRCTC,Net Banking,Success
507820,100940,2026-06-14 13:40:00,Card Payment,39820.2,11,Reliance,ATM,Success
507821,100957,2026-06-20 01:39:00,ATM Withdrawal,45651.21,24,DMart,UPI,Success
507822,100974,2026-06-25 13:38:00,Online Transfer,1582.22,37,Netflix,Debit Card,Success
507823,100991,2026-07-01 01:37:00,Cash Withdrawal,7413.23,50,PhonePe,Credit Card,Success
507824,101008,2026-07-06 13:36:00,Deposit,13244.24,13,Google Pay,Net Banking,Success
507825,101025,2026-07-12 01:35:00,UPI,19075.25,26,Amazon,ATM,Success
507826,101042,2026-07-17 13:34:00,Card Payment,24906.26,39,Flipkart,UPI,Success
507827,101059,2026-07-23 01:33:00,ATM Withdrawal,30737.27,2,Swiggy,Debit Card,Success
507828,101076,2026-07-28 13:32:00,Online Transfer,36568.28,15,Zomato,Credit Card,Success
507829,101093,2026-08-03 01:31:00,Cash Withdrawal,42399.29,28,Myntra,Net Banking,Success
507830,101110,2026-08-08 13:30:00,Deposit,48230.3,41,Uber,ATM,Success
507831,101127,2026-08-14 01:29:00,UPI,4161.31,4,IRCTC,UPI,Success
507832,101144,2026-08-19 13:28:00,Card Payment,431608.0,17,Reliance,Debit Card,Success
507833,101161,2026-08-25 01:27:00,ATM Withdrawal,15823.33,30,DMart,Credit Card,Success
507834,101178,2026-08-30 13:26:00,Online Transfer,21654.34,43,Netflix,Net Banking,Success
507835,101195,2026-09-05 01:25:00,Cash Withdrawal,27485.35,6,PhonePe,ATM,Success
507836,101212,2026-09-10 13:24:00,Deposit,33316.36,19,Google Pay,UPI,Success
507837,101229,2026-09-16 01:23:00,UPI,39147.37,32,Amazon,Debit Card,Success
507838,101246,2026-09-21 13:22:00,Card Payment,44978.38,45,Flipkart,Credit Card,Success
507839,101263,2026-09-27 01:21:00,ATM Withdrawal,909.39,8,Swiggy,Net Banking,Pending
507840,101280,2026-10-02 13:20:00,Online Transfer,6740.4,21,Zomato,ATM,Success
507841,101297,2026-10-08 01:19:00,Cash Withdrawal,12571.41,34,Myntra,UPI,Success
507842,101314,2026-10-13 13:18:00,Deposit,18402.42,47,Uber,Debit Card,Success
507843,101331,2026-10-19 01:17:00,UPI,24233.43,10,IRCTC,Credit Card,Success
507844,101348,2026-10-24 13:16:00,Card Payment,30064.44,23,Reliance,Net Banking,Success
507845,101365,2026-10-30 01:15:00,ATM Withdrawal,35895.45,36,DMart,ATM,Success
507846,101382,2026-11-04 13:14:00,Online Transfer,41726.46,49,Netflix,UPI,Success
507847,101399,2026-11-10 01:13:00,Cash Withdrawal,47557.47,12,PhonePe,Debit Card,Success
507848,101416,2026-11-15 13:12:00,Deposit,3488.48,25,Google Pay,Credit Card,Success
507849,101433,2026-11-21 01:11:00,UPI,9319.49,38,Amazon,Net Banking,Success
507850,101450,2026-11-26 13:10:00,Card Payment,15150.5,1,Flipkart,ATM,Success
507851,101467,2026-12-02 01:09:00,ATM Withdrawal,20981.51,14,Swiggy,UPI,Success
507852,101484,2026-12-07 13:08:00,Online Transfer,26812.52,27,Zomato,Debit Card,Success
507853,101501,2026-12-13 01:07:00,Cash Withdrawal,32643.53,40,Myntra,Credit Card,Success
507854,101518,2026-12-18 13:06:00,Deposit,38474.54,3,Uber,Net Banking,Success
507855,101535,2026-12-24 01:05:00,UPI,44305.55,16,IRCTC,ATM,Success
507856,101552,2026-12-29 13:04:00,Card Payment,236.56,29,Reliance,UPI,Success
507857,101569,2027-01-04 01:03:00,ATM Withdrawal,6067.57,42,DMart,Debit Card,Success
507858,101586,2027-01-09 13:02:00,Online Transfer,11898.58,5,Netflix,Credit Card,Success
507859,101603,2027-01-15 01:01:00,Cash Withdrawal,17729.59,18,PhonePe,Net Banking,Success
507860,101620,2027-01-20 13:00:00,Deposit,23560.6,31,Google Pay,ATM,Success
507861,101637,2027-01-26 00:59:00,UPI,29391.61,44,Amazon,UPI,Success
507862,101654,2027-01-31 12:58:00,Card Payment,35222.62,7,Flipkart,Debit Card,Success
507863,101671,2027-02-06 00:57:00,ATM Withdrawal,41053.63,20,Swiggy,Credit Card,Success
507864,101688,2027-02-11 12:56:00,Online Transfer,46884.64,33,Zomato,Net Banking,Success
507865,101705,2027-02-17 00:55:00,Cash Withdrawal,2815.65,46,Myntra,ATM,Success
507866,101722,2027-02-22 12:54:00,Deposit,8646.66,9,Uber,UPI,Success
507867,101739,2027-02-28 00:53:00,UPI,14477.67,22,IRCTC,Debit Card,Success
507868,101756,2027-03-05 12:52:00,Card Payment,20308.68,35,Reliance,Credit Card,Success
507869,101773,2027-03-11 00:51:00,ATM Withdrawal,26139.69,48,DMart,Net Banking,Success
507870,101790,2027-03-16 12:50:00,Online Transfer,31970.7,11,Netflix,ATM,Success
507871,101807,2027-03-22 00:49:00,Cash Withdrawal,37801.71,24,PhonePe,UPI,Success
507872,101824,2027-03-27 12:48:00,Deposit,43632.72,37,Google Pay,Debit Card,Success
507873,101841,2027-04-02 00:47:00,UPI,49463.73,50,Amazon,Credit Card,Success
507874,101858,2027-04-07 12:46:00,Card Payment,755894.0,13,Flipkart,Net Banking,Success
507875,101875,2027-04-13 00:45:00,ATM Withdrawal,11225.75,26,Swiggy,ATM,Success
507876,101892,2027-04-18 12:44:00,Online Transfer,17056.76,39,Zomato,UPI,Success
507877,101909,2027-04-24 00:43:00,Cash Withdrawal,22887.77,2,Myntra,Debit Card,Success
507878,101926,2027-04-29 12:42:00,Deposit,28718.78,15,Uber,Credit Card,Success
507879,101943,2027-05-05 00:41:00,UPI,34549.79,28,IRCTC,Net Banking,Success
507880,101960,2027-05-10 12:40:00,Card Payment,40380.8,41,Reliance,ATM,Success
507881,101977,2027-05-16 00:39:00,ATM Withdrawal,46211.81,4,DMart,UPI,Success
507882,101994,2027-05-21 12:38:00,Online Transfer,2142.82,17,Netflix,Debit Card,Success
507883,102011,2027-05-27 00:37:00,Cash Withdrawal,7973.83,30,PhonePe,Credit Card,Success
507884,102028,2027-06-01 12:36:00,Deposit,13804.84,43,Google Pay,Net Banking,Success
507885,102045,2027-06-07 00:35:00,UPI,19635.85,6,Amazon,ATM,Success
507886,102062,2027-06-12 12:34:00,Card Payment,25466.86,19,Flipkart,UPI,Success
507887,102079,2027-06-18 00:33:00,ATM Withdrawal,31297.87,32,Swiggy,Debit Card,Success
507888,102096,2027-06-23 12:32:00,Online Transfer,37128.88,45,Zomato,Credit Card,Success
507889,102113,2027-06-29 00:31:00,Cash Withdrawal,42959.89,8,Myntra,Net Banking,Success
507890,102130,2027-07-04 12:30:00,Deposit,48790.9,21,Uber,ATM,Success
507891,102147,2027-07-10 00:29:00,UPI,4721.91,34,IRCTC,UPI,Success
507892,102164,2027-07-15 12:28:00,Card Payment,10552.92,47,Reliance,Debit Card,Success
507893,102181,2027-07-21 00:27:00,ATM Withdrawal,16383.93,10,DMart,Credit Card,Success
507894,102198,2027-07-26 12:26:00,Online Transfer,22214.94,23,Netflix,Net Banking,Success
507895,102215,2027-08-01 00:25:00,Cash Withdrawal,28045.95,36,PhonePe,ATM,Success
507896,102232,2027-08-06 12:24:00,Deposit,33876.96,49,Google Pay,UPI,Success
507897,102249,2027-08-12 00:23:00,UPI,39707.97,12,Amazon,Debit Card,Success
507898,102266,2027-08-17 12:22:00,Card Payment,45538.98,25,Flipkart,Credit Card,Success
507899,102283,2027-08-23 00:21:00,ATM Withdrawal,1469.99,38,Swiggy,Net Banking,Success
507900,102300,2027-08-28 12:20:00,Online Transfer,7300.0,1,Zomato,ATM,Success
507901,102317,2027-09-03 00:19:00,Cash Withdrawal,13131.01,14,Myntra,UPI,Success
507902,102334,2027-09-08 12:18:00,Deposit,18962.02,27,Uber,Debit Card,Success
507903,102351,2027-09-14 00:17:00,UPI,24793.03,40,IRCTC,Credit Card,Success
507904,102368,2027-09-19 12:16:00,Card Payment,30624.04,3,Reliance,Net Banking,Success
507905,102385,2027-09-25 00:15:00,ATM Withdrawal,36455.05,16,DMart,ATM,Success
507906,102402,2027-09-30 12:14:00,Online Transfer,42286.06,29,Netflix,UPI,Pending
507907,102419,2027-10-06 00:13:00,Cash Withdrawal,48117.07,42,PhonePe,Debit Card,Success
507908,102436,2027-10-11 12:12:00,Deposit,4048.08,5,Google Pay,Credit Card,Success
507909,102453,2027-10-17 00:11:00,UPI,9879.09,18,Amazon,Net Banking,Success
507910,102470,2027-10-22 12:10:00,Card Payment,15710.1,31,Flipkart,ATM,Failed
507911,102487,2027-10-28 00:09:00,ATM Withdrawal,21541.11,44,Swiggy,UPI,Success
507912,102504,2027-11-02 12:08:00,Online Transfer,27372.12,7,Zomato,Debit Card,Success
507913,102521,2027-11-08 00:07:00,Cash Withdrawal,33203.13,20,Myntra,Credit Card,Success
507914,102538,2027-11-13 12:06:00,Deposit,39034.14,33,Uber,Net Banking,Success
507915,102555,2027-11-19 00:05:00,UPI,44865.15,46,IRCTC,ATM,Success
507916,102572,2027-11-24 12:04:00,Card Payment,796.16,9,Reliance,UPI,Success
507917,102589,2027-11-30 00:03:00,ATM Withdrawal,6627.17,22,DMart,Debit Card,Success
507918,102606,2027-12-05 12:02:00,Online Transfer,12458.18,35,Netflix,Credit Card,Success
507919,102623,2027-12-11 00:01:00,Cash Withdrawal,18289.19,48,PhonePe,Net Banking,Success
507920,102640,2027-12-16 12:00:00,Deposit,24120.2,11,Google Pay,ATM,Success
507921,102657,2027-12-21 23:59:00,UPI,168899.0,24,Amazon,UPI,Success
507922,102674,2027-12-27 11:58:00,Card Payment,35782.22,37,Flipkart,Debit Card,Success
507923,102691,2028-01-01 23:57:00,ATM Withdrawal,41613.23,50,Swiggy,Credit Card,Success
507924,102708,2028-01-07 11:56:00,Online Transfer,47444.24,13,Zomato,Net Banking,Success
507925,102725,2028-01-12 23:55:00,Cash Withdrawal,3375.25,26,Myntra,ATM,Success
507926,102742,2028-01-18 11:54:00,Deposit,9206.26,39,Uber,UPI,Success
507927,102759,2028-01-23 23:53:00,UPI,15037.27,2,IRCTC,Debit Card,Success
507928,102776,2028-01-29 11:52:00,Card Payment,20868.28,15,Reliance,Credit Card,Success
507929,102793,2028-02-03 23:51:00,ATM Withdrawal,26699.29,28,DMart,Net Banking,Success
507930,102810,2028-02-09 11:50:00,Online Transfer,32530.3,41,Netflix,ATM,Success
507931,102827,2028-02-14 23:49:00,Cash Withdrawal,38361.31,4,PhonePe,UPI,Success
507932,102844,2028-02-20 11:48:00,Deposit,44192.32,17,Google Pay,Debit Card,Success
507933,102861,2028-02-25 23:47:00,UPI,123.33,30,Amazon,Credit Card,Success
507934,102878,2028-03-02 11:46:00,Card Payment,5954.34,43,Flipkart,Net Banking,Success
507935,102895,2028-03-07 23:45:00,ATM Withdrawal,11785.35,6,Swiggy,ATM,Success
507936,102912,2028-03-13 11:44:00,Online Transfer,17616.36,19,Zomato,UPI,Success
507937,102929,2028-03-18 23:43:00,Cash Withdrawal,23447.37,32,Myntra,Debit Card,Success
507938,102946,2028-03-24 11:42:00,Deposit,29278.38,45,Uber,Credit Card,Success
507939,102963,2028-03-29 23:41:00,UPI,35109.39,8,IRCTC,Net Banking,Success
507940,102980,2028-04-04 11:40:00,Card Payment,40940.4,21,Reliance,ATM,Success
507941,102997,2028-04-09 23:39:00,ATM Withdrawal,46771.41,34,DMart,UPI,Success
507942,100014,2028-04-15 11:38:00,Online Transfer,2702.42,47,Netflix,Debit Card,Success
507943,100031,2028-04-20 23:37:00,Cash Withdrawal,8533.43,10,PhonePe,Credit Card,Success
507944,100048,2028-04-26 11:36:00,Deposit,14364.44,23,Google Pay,Net Banking,Success
507945,100065,2028-05-01 23:35:00,UPI,20195.45,36,Amazon,ATM,Success
507946,100082,2028-05-07 11:34:00,Card Payment,26026.46,49,Flipkart,UPI,Success
507947,100099,2028-05-12 23:33:00,ATM Withdrawal,31857.47,12,Swiggy,Debit Card,Success
507948,100116,2028-05-18 11:32:00,Online Transfer,37688.48,25,Zomato,Credit Card,Success
507949,100133,2028-05-23 23:31:00,Cash Withdrawal,43519.49,38,Myntra,Net Banking,Success
507950,100150,2028-05-29 11:30:00,Deposit,49350.5,1,Uber,ATM,Success
507951,100167,2028-06-03 23:29:00,UPI,5281.51,14,IRCTC,UPI,Success
507952,100184,2028-06-09 11:28:00,Card Payment,11112.52,27,Reliance,Debit Card,Success
507953,100201,2028-06-14 23:27:00,ATM Withdrawal,16943.53,40,DMart,Credit Card,Success
507954,100218,2028-06-20 11:26:00,Online Transfer,22774.54,3,Netflix,Net Banking,Success
507955,100235,2028-06-25 23:25:00,Cash Withdrawal,28605.55,16,PhonePe,ATM,Success
507956,100252,2028-07-01 11:24:00,Deposit,34436.56,29,Google Pay,UPI,Success
507957,100269,2028-07-06 23:23:00,UPI,40267.57,42,Amazon,Debit Card,Success
507958,100286,2028-07-12 11:22:00,Card Payment,46098.58,5,Flipkart,Credit Card,Success
507959,100303,2028-07-17 23:21:00,ATM Withdrawal,2029.59,18,Swiggy,Net Banking,Success
507960,100320,2028-07-23 11:20:00,Online Transfer,7860.6,31,Zomato,ATM,Success
507961,100337,2028-07-28 23:19:00,Cash Withdrawal,13691.61,44,Myntra,UPI,Success
507962,100354,2028-08-03 11:18:00,Deposit,19522.62,7,Uber,Debit Card,Success
507963,100371,2028-08-08 23:17:00,UPI,25353.63,20,IRCTC,Credit Card,Success
507964,100388,2028-08-14 11:16:00,Card Payment,31184.64,33,Reliance,Net Banking,Success
507965,100405,2028-08-19 23:15:00,ATM Withdrawal,37015.65,46,DMart,ATM,Success
507966,100422,2028-08-25 11:14:00,Online Transfer,42846.66,9,Netflix,UPI,Success
507967,100439,2028-08-30 23:13:00,Cash Withdrawal,48677.67,22,PhonePe,Debit Card,Success
507968,100456,2028-09-05 11:12:00,Deposit,4608.68,35,Google Pay,Credit Card,Success
507969,100473,2028-09-10 23:11:00,UPI,10439.69,48,Amazon,Net Banking,Success
507970,100490,2028-09-16 11:10:00,Card Payment,16270.7,11,Flipkart,ATM,Success
507971,100507,2028-09-21 23:09:00,ATM Withdrawal,22101.71,24,Swiggy,UPI,Success
507972,100524,2028-09-27 11:08:00,Online Transfer,27932.72,37,Zomato,Debit Card,Success
507973,100541,2028-10-02 23:07:00,Cash Withdrawal,33763.73,50,Myntra,Credit Card,Pending
507974,100558,2028-10-08 11:06:00,Deposit,39594.74,13,Uber,Net Banking,Success
507975,100575,2028-10-13 23:05:00,UPI,45425.75,26,IRCTC,ATM,Success
507976,100592,2028-10-19 11:04:00,Card Payment,1356.76,39,Reliance,UPI,Success
507977,100609,2028-10-24 23:03:00,ATM Withdrawal,7187.77,2,DMart,Debit Card,Success
507978,100626,2028-10-30 11:02:00,Online Transfer,13018.78,15,Netflix,Credit Card,Success
507979,100643,2028-11-04 23:01:00,Cash Withdrawal,18849.79,28,PhonePe,Net Banking,Success
507980,100660,2028-11-10 11:00:00,Deposit,24680.8,41,Google Pay,ATM,Success
507981,100677,2028-11-15 22:59:00,UPI,30511.81,4,Amazon,UPI,Success
507982,100694,2028-11-21 10:58:00,Card Payment,36342.82,17,Flipkart,Debit Card,Success
507983,100711,2028-11-26 22:57:00,ATM Withdrawal,42173.83,30,Swiggy,Credit Card,Success
507984,100728,2028-12-02 10:56:00,Online Transfer,48004.84,43,Zomato,Net Banking,Success
507985,100745,2028-12-07 22:55:00,Cash Withdrawal,3935.85,6,Myntra,ATM,Success
507986,100762,2028-12-13 10:54:00,Deposit,9766.86,19,Uber,UPI,Success
507987,100779,2028-12-18 22:53:00,UPI,15597.87,32,IRCTC,Debit Card,Success
507988,100796,2028-12-24 10:52:00,Card Payment,21428.88,45,Reliance,Credit Card,Success
507989,100813,2028-12-29 22:51:00,ATM Withdrawal,27259.89,8,DMart,Net Banking,Success
507990,100830,2029-01-04 10:50:00,Online Transfer,33090.9,21,Netflix,ATM,Success
507991,100847,2029-01-09 22:49:00,Cash Withdrawal,38921.91,34,PhonePe,UPI,Success
507992,100864,2029-01-15 10:48:00,Deposit,44752.92,47,Google Pay,Debit Card,Success
507993,100881,2029-01-20 22:47:00,UPI,683.93,10,Amazon,Credit Card,Success
507994,100898,2029-01-26 10:46:00,Card Payment,6514.94,23,Flipkart,Net Banking,Success
507995,100915,2029-01-31 22:45:00,ATM Withdrawal,12345.95,36,Swiggy,ATM,Success
507996,100932,2029-02-06 10:44:00,Online Transfer,18176.96,49,Zomato,UPI,Success
507997,100949,2029-02-11 22:43:00,Cash Withdrawal,24007.97,12,Myntra,Debit Card,Success
507998,100966,2029-02-17 10:42:00,Deposit,29838.98,25,Uber,Credit Card,Success
507999,100983,2029-02-22 22:41:00,UPI,35669.99,38,IRCTC,Net Banking,Success
508000,101000,2029-02-28 10:40:00,Card Payment,41500.0,1,Reliance,ATM,Success
508001,101017,2029-03-05 22:39:00,ATM Withdrawal,848731.0,14,DMart,UPI,Success
508002,101034,2029-03-11 10:38:00,Online Transfer,3262.02,27,Netflix,Debit Card,Success
508003,101051,2029-03-16 22:37:00,Cash Withdrawal,9093.03,40,PhonePe,Credit Card,Success
508004,101068,2029-03-22 10:36:00,Deposit,14924.04,3,Google Pay,Net Banking,Success
508005,101085,2029-03-27 22:35:00,UPI,20755.05,16,Amazon,ATM,Success
508006,101102,2029-04-02 10:34:00,Card Payment,26586.06,29,Flipkart,UPI,Success
508007,101119,2029-04-07 22:33:00,ATM Withdrawal,32417.07,42,Swiggy,Debit Card,Success
508008,101136,2029-04-13 10:32:00,Online Transfer,38248.08,5,Zomato,Credit Card,Success
508009,101153,2029-04-18 22:31:00,Cash Withdrawal,44079.09,18,Myntra,Net Banking,Success
508010,101170,2029-04-24 10:30:00,Deposit,206190.0,31,Uber,ATM,Success
508011,101187,2029-04-29 22:29:00,UPI,5841.11,44,IRCTC,UPI,Success
508012,101204,2029-05-05 10:28:00,Card Payment,11672.12,7,Reliance,Debit Card,Success
508013,101221,2029-05-10 22:27:00,ATM Withdrawal,17503.13,20,DMart,Credit Card,Success
508014,101238,2029-05-16 10:26:00,Online Transfer,23334.14,33,Netflix,Net Banking,Success
508015,101255,2029-05-21 22:25:00,Cash Withdrawal,29165.15,46,PhonePe,ATM,Success
508016,101272,2029-05-27 10:24:00,Deposit,34996.16,9,Google Pay,UPI,Success
508017,101289,2029-06-01 22:23:00,UPI,40827.17,22,Amazon,Debit Card,Success
508018,101306,2029-06-07 10:22:00,Card Payment,46658.18,35,Flipkart,Credit Card,Success
508019,101323,2029-06-12 22:21:00,ATM Withdrawal,2589.19,48,Swiggy,Net Banking,Success
508020,101340,2029-06-18 10:20:00,Online Transfer,8420.2,11,Zomato,ATM,Success
508021,101357,2029-06-23 22:19:00,Cash Withdrawal,14251.21,24,Myntra,UPI,Success
508022,101374,2029-06-29 10:18:00,Deposit,20082.22,37,Uber,Debit Card,Success
508023,101391,2029-07-04 22:17:00,UPI,25913.23,50,IRCTC,Credit Card,Failed
508024,101408,2029-07-10 10:16:00,Card Payment,31744.24,13,Reliance,Net Banking,Success
508025,101425,2029-07-15 22:15:00,ATM Withdrawal,37575.25,26,DMart,ATM,Success
508026,101442,2029-07-21 10:14:00,Online Transfer,43406.26,39,Netflix,UPI,Success
508027,101459,2029-07-26 22:13:00,Cash Withdrawal,49237.27,2,PhonePe,Debit Card,Success
508028,101476,2029-08-01 10:12:00,Deposit,5168.28,15,Google Pay,Credit Card,Success
508029,101493,2029-08-06 22:11:00,UPI,10999.29,28,Amazon,Net Banking,Success
508030,101510,2029-08-12 10:10:00,Card Payment,16830.3,41,Flipkart,ATM,Success
508031,101527,2029-08-17 22:09:00,ATM Withdrawal,22661.31,4,Swiggy,UPI,Success
508032,101544,2029-08-23 10:08:00,Online Transfer,28492.32,17,Zomato,Debit Card,Success
508033,101561,2029-08-28 22:07:00,Cash Withdrawal,34323.33,30,Myntra,Credit Card,Success
508034,101578,2029-09-03 10:06:00,Deposit,40154.34,43,Uber,Net Banking,Success
508035,101595,2029-09-08 22:05:00,UPI,45985.35,6,IRCTC,ATM,Success
508036,101612,2029-09-14 10:04:00,Card Payment,1916.36,19,Reliance,UPI,Success
508037,101629,2029-09-19 22:03:00,ATM Withdrawal,7747.37,32,DMart,Debit Card,Success
508038,101646,2029-09-25 10:02:00,Online Transfer,13578.38,45,Netflix,Credit Card,Success
508039,101663,2029-09-30 22:01:00,Cash Withdrawal,19409.39,8,PhonePe,Net Banking,Success
508040,101680,2029-10-06 10:00:00,Deposit,25240.4,21,Google Pay,ATM,Pending
508041,101697,2029-10-11 21:59:00,UPI,31071.41,34,Amazon,UPI,Success
508042,101714,2029-10-17 09:58:00,Card Payment,36902.42,47,Flipkart,Debit Card,Success
508043,101731,2029-10-22 21:57:00,ATM Withdrawal,42733.43,10,Swiggy,Credit Card,Success
508044,101748,2029-10-28 09:56:00,Online Transfer,48564.44,23,Zomato,Net Banking,Success
508045,101765,2029-11-02 21:55:00,Cash Withdrawal,4495.45,36,Myntra,ATM,Success
508046,101782,2029-11-08 09:54:00,Deposit,10326.46,49,Uber,UPI,Success
508047,101799,2029-11-13 21:53:00,UPI,16157.47,12,IRCTC,Debit Card,Success
508048,101816,2029-11-19 09:52:00,Card Payment,21988.48,25,Reliance,Credit Card,Success
508049,101833,2029-11-24 21:51:00,ATM Withdrawal,27819.49,38,DMart,Net Banking,Success
508050,101850,2029-11-30 09:50:00,Online Transfer,33650.5,1,Netflix,ATM,Success
508051,101867,2029-12-05 21:49:00,Cash Withdrawal,39481.51,14,PhonePe,UPI,Success
508052,101884,2029-12-11 09:48:00,Deposit,45312.52,27,Google Pay,Debit Card,Success
508053,101901,2029-12-16 21:47:00,UPI,1243.53,40,Amazon,Credit Card,Success
508054,101918,2029-12-22 09:46:00,Card Payment,7074.54,3,Flipkart,Net Banking,Success
508055,101935,2029-12-27 21:45:00,ATM Withdrawal,12905.55,16,Swiggy,ATM,Success
508056,101952,2030-01-02 09:44:00,Online Transfer,18736.56,29,Zomato,UPI,Success
508057,101969,2030-01-07 21:43:00,Cash Withdrawal,24567.57,42,Myntra,Debit Card,Success
508058,101986,2030-01-13 09:42:00,Deposit,30398.58,5,Uber,Credit Card,Success
508059,102003,2030-01-18 21:41:00,UPI,36229.59,18,IRCTC,Net Banking,Success
508060,102020,2030-01-24 09:40:00,Card Payment,42060.6,31,Reliance,ATM,Success
508061,102037,2030-01-29 21:39:00,ATM Withdrawal,47891.61,44,DMart,UPI,Success
508062,102054,2030-02-04 09:38:00,Online Transfer,3822.62,7,Netflix,Debit Card,Success
508063,102071,2030-02-09 21:37:00,Cash Withdrawal,9653.63,20,PhonePe,Credit Card,Success
508064,102088,2030-02-15 09:36:00,Deposit,15484.64,33,Google Pay,Net Banking,Success
508065,102105,2030-02-20 21:35:00,UPI,21315.65,46,Amazon,ATM,Success
508066,102122,2030-02-26 09:34:00,Card Payment,27146.66,9,Flipkart,UPI,Success
508067,102139,2030-03-03 21:33:00,ATM Withdrawal,32977.67,22,Swiggy,Debit Card,Success
508068,102156,2030-03-09 09:32:00,Online Transfer,38808.68,35,Zomato,Credit Card,Success
508069,102173,2026-01-04 21:31:00,Cash Withdrawal,44639.69,48,Myntra,Net Banking,Success
508070,102190,2026-01-10 09:30:00,Deposit,570.7,11,Uber,ATM,Success
508071,102207,2026-01-15 21:29:00,UPI,6401.71,24,IRCTC,UPI,Success
508072,102224,2026-01-21 09:28:00,Card Payment,12232.72,37,Reliance,Debit Card,Success
508073,102241,2026-01-26 21:27:00,ATM Withdrawal,18063.73,50,DMart,Credit Card,Success
508074,102258,2026-02-01 09:26:00,Online Transfer,23894.74,13,Netflix,Net Banking,Success
508075,102275,2026-02-06 21:25:00,Cash Withdrawal,29725.75,26,PhonePe,ATM,Success
508076,102292,2026-02-12 09:24:00,Deposit,35556.76,39,Google Pay,UPI,Success
508077,102309,2026-02-17 21:23:00,UPI,41387.77,2,Amazon,Debit Card,Success
508078,102326,2026-02-23 09:22:00,Card Payment,47218.78,15,Flipkart,Credit Card,Success
508079,102343,2026-02-28 21:21:00,ATM Withdrawal,3149.79,28,Swiggy,Net Banking,Success
508080,102360,2026-03-06 09:20:00,Online Transfer,8980.8,41,Zomato,ATM,Success
508081,102377,2026-03-11 21:19:00,Cash Withdrawal,14811.81,4,Myntra,UPI,Success
508082,102394,2026-03-17 09:18:00,Deposit,20642.82,17,Uber,Debit Card,Success
508083,102411,2026-03-22 21:17:00,UPI,26473.83,30,IRCTC,Credit Card,Success
508084,102428,2026-03-28 09:16:00,Card Payment,32304.84,43,Reliance,Net Banking,Success
508085,102445,2026-04-02 21:15:00,ATM Withdrawal,38135.85,6,DMart,ATM,Success
508086,102462,2026-04-08 09:14:00,Online Transfer,43966.86,19,Netflix,UPI,Success
508087,102479,2026-04-13 21:13:00,Cash Withdrawal,49797.87,32,PhonePe,Debit Card,Success
508088,102496,2026-04-19 09:12:00,Deposit,5728.88,45,Google Pay,Credit Card,Success
508089,102513,2026-04-24 21:11:00,UPI,11559.89,8,Amazon,Net Banking,Success
508090,102530,2026-04-30 09:10:00,Card Payment,17390.9,21,Flipkart,ATM,Success
508091,102547,2026-05-05 21:09:00,ATM Withdrawal,23221.91,34,Swiggy,UPI,Success
508092,102564,2026-05-11 09:08:00,Online Transfer,29052.92,47,Zomato,Debit Card,Success
508093,102581,2026-05-16 21:07:00,Cash Withdrawal,34883.93,10,Myntra,Credit Card,Success
508094,102598,2026-05-22 09:06:00,Deposit,40714.94,23,Uber,Net Banking,Success
508095,102615,2026-05-27 21:05:00,UPI,46545.95,36,IRCTC,ATM,Success
508096,102632,2026-06-02 09:04:00,Card Payment,2476.96,49,Reliance,UPI,Success
508097,102649,2026-06-07 21:03:00,ATM Withdrawal,8307.97,12,DMart,Debit Card,Success
508098,102666,2026-06-13 09:02:00,Online Transfer,14138.98,25,Netflix,Credit Card,Success
508099,102683,2026-06-18 21:01:00,Cash Withdrawal,243481.0,38,PhonePe,Net Banking,Success
508100,102700,2026-06-24 09:00:00,Deposit,25800.0,1,Google Pay,ATM,Success
508101,102717,2026-06-29 20:59:00,UPI,31631.01,14,Amazon,UPI,Success
508102,102734,2026-07-05 08:58:00,Card Payment,37462.02,27,Flipkart,Debit Card,Success
508103,102751,2026-07-10 20:57:00,ATM Withdrawal,43293.03,40,Swiggy,Credit Card,Success
508104,102768,2026-07-16 08:56:00,Online Transfer,49124.04,3,Zomato,Net Banking,Success
508105,102785,2026-07-21 20:55:00,Cash Withdrawal,5055.05,16,Myntra,ATM,Success
508106,102802,2026-07-27 08:54:00,Deposit,10886.06,29,Uber,UPI,Success
508107,102819,2026-08-01 20:53:00,UPI,16717.07,42,IRCTC,Debit Card,Pending
508108,102836,2026-08-07 08:52:00,Card Payment,22548.08,5,Reliance,Credit Card,Success
508109,102853,2026-08-12 20:51:00,ATM Withdrawal,28379.09,18,DMart,Net Banking,Success
508110,102870,2026-08-18 08:50:00,Online Transfer,34210.1,31,Netflix,ATM,Success
508111,102887,2026-08-23 20:49:00,Cash Withdrawal,40041.11,44,PhonePe,UPI,Success
508112,102904,2026-08-29 08:48:00,Deposit,45872.12,7,Google Pay,Debit Card,Success
508113,102921,2026-09-03 20:47:00,UPI,1803.13,20,Amazon,Credit Card,Success
508114,102938,2026-09-09 08:46:00,Card Payment,7634.14,33,Flipkart,Net Banking,Success
508115,102955,2026-09-14 20:45:00,ATM Withdrawal,13465.15,46,Swiggy,ATM,Success
508116,102972,2026-09-20 08:44:00,Online Transfer,19296.16,9,Zomato,UPI,Success
508117,102989,2026-09-25 20:43:00,Cash Withdrawal,25127.17,22,Myntra,Debit Card,Success
508118,100006,2026-10-01 08:42:00,Deposit,30958.18,35,Uber,Credit Card,Success
508119,100023,2026-10-06 20:41:00,UPI,36789.19,48,IRCTC,Net Banking,Success
508120,100040,2026-10-12 08:40:00,Card Payment,42620.2,11,Reliance,ATM,Success
508121,100057,2026-10-17 20:39:00,ATM Withdrawal,48451.21,24,DMart,UPI,Success
508122,100074,2026-10-23 08:38:00,Online Transfer,4382.22,37,Netflix,Debit Card,Success
508123,100091,2026-10-28 20:37:00,Cash Withdrawal,10213.23,50,PhonePe,Credit Card,Success
508124,100108,2026-11-03 08:36:00,Deposit,16044.24,13,Google Pay,Net Banking,Success
508125,100125,2026-11-08 20:35:00,UPI,21875.25,26,Amazon,ATM,Success
508126,100142,2026-11-14 08:34:00,Card Payment,27706.26,39,Flipkart,UPI,Success
508127,100159,2026-11-19 20:33:00,ATM Withdrawal,33537.27,2,Swiggy,Debit Card,Success
508128,100176,2026-11-25 08:32:00,Online Transfer,941568.0,15,Zomato,Credit Card,Success
508129,100193,2026-11-30 20:31:00,Cash Withdrawal,45199.29,28,Myntra,Net Banking,Success
508130,100210,2026-12-06 08:30:00,Deposit,1130.3,41,Uber,ATM,Success
508131,100227,2026-12-11 20:29:00,UPI,6961.31,4,IRCTC,UPI,Success
508132,100244,2026-12-17 08:28:00,Card Payment,12792.32,17,Reliance,Debit Card,Success
508133,100261,2026-12-22 20:27:00,ATM Withdrawal,18623.33,30,DMart,Credit Card,Success
508134,100278,2026-12-28 08:26:00,Online Transfer,24454.34,43,Netflix,Net Banking,Success
508135,100295,2027-01-02 20:25:00,Cash Withdrawal,30285.35,6,PhonePe,ATM,Success
508136,100312,2027-01-08 08:24:00,Deposit,36116.36,19,Google Pay,UPI,Failed
508137,100329,2027-01-13 20:23:00,UPI,41947.37,32,Amazon,Debit Card,Success
508138,100346,2027-01-19 08:22:00,Card Payment,47778.38,45,Flipkart,Credit Card,Success
508139,100363,2027-01-24 20:21:00,ATM Withdrawal,3709.39,8,Swiggy,Net Banking,Success
508140,100380,2027-01-30 08:20:00,Online Transfer,9540.4,21,Zomato,ATM,Success
508141,100397,2027-02-04 20:19:00,Cash Withdrawal,15371.41,34,Myntra,UPI,Success
508142,100414,2027-02-10 08:18:00,Deposit,21202.42,47,Uber,Debit Card,Success
508143,100431,2027-02-15 20:17:00,UPI,27033.43,10,IRCTC,Credit Card,Success
508144,100448,2027-02-21 08:16:00,Card Payment,32864.44,23,Reliance,Net Banking,Success
508145,100465,2027-02-26 20:15:00,ATM Withdrawal,38695.45,36,DMart,ATM,Success
508146,100482,2027-03-04 08:14:00,Online Transfer,44526.46,49,Netflix,UPI,Success
508147,100499,2027-03-09 20:13:00,Cash Withdrawal,457.47,12,PhonePe,Debit Card,Success
508148,100516,2027-03-15 08:12:00,Deposit,6288.48,25,Google Pay,Credit Card,Success
508149,100533,2027-03-20 20:11:00,UPI,12119.49,38,Amazon,Net Banking,Success
508150,100550,2027-03-26 08:10:00,Card Payment,17950.5,1,Flipkart,ATM,Success
508151,100567,2027-03-31 20:09:00,ATM Withdrawal,23781.51,14,Swiggy,UPI,Success
508152,100584,2027-04-06 08:08:00,Online Transfer,29612.52,27,Zomato,Debit Card,Success
508153,100601,2027-04-11 20:07:00,Cash Withdrawal,35443.53,40,Myntra,Credit Card,Success
508154,100618,2027-04-17 08:06:00,Deposit,41274.54,3,Uber,Net Banking,Success
508155,100635,2027-04-22 20:05:00,UPI,47105.55,16,IRCTC,ATM,Success
508156,100652,2027-04-28 08:04:00,Card Payment,3036.56,29,Reliance,UPI,Success
508157,100669,2027-05-03 20:03:00,ATM Withdrawal,8867.57,42,DMart,Debit Card,Success
508158,100686,2027-05-09 08:02:00,Online Transfer,14698.58,5,Netflix,Credit Card,Success
508159,100703,2027-05-14 20:01:00,Cash Withdrawal,20529.59,18,PhonePe,Net Banking,Success
508160,100720,2027-05-20 08:00:00,Deposit,26360.6,31,Google Pay,ATM,Success
508161,100737,2027-05-25 19:59:00,UPI,32191.61,44,Amazon,UPI,Success
508162,100754,2027-05-31 07:58:00,Card Payment,38022.62,7,Flipkart,Debit Card,Success
508163,100771,2027-06-05 19:57:00,ATM Withdrawal,43853.63,20,Swiggy,Credit Card,Success
508164,100788,2027-06-11 07:56:00,Online Transfer,49684.64,33,Zomato,Net Banking,Success
508165,100805,2027-06-16 19:55:00,Cash Withdrawal,5615.65,46,Myntra,ATM,Success
508166,100822,2027-06-22 07:54:00,Deposit,11446.66,9,Uber,UPI,Success
508167,100839,2027-06-27 19:53:00,UPI,17277.67,22,IRCTC,Debit Card,Success
508168,100856,2027-07-03 07:52:00,Card Payment,23108.68,35,Reliance,Credit Card,Success
508169,100873,2027-07-08 19:51:00,ATM Withdrawal,28939.69,48,DMart,Net Banking,Success
508170,100890,2027-07-14 07:50:00,Online Transfer,34770.7,11,Netflix,ATM,Success
508171,100907,2027-07-19 19:49:00,Cash Withdrawal,40601.71,24,PhonePe,UPI,Success
508172,100924,2027-07-25 07:48:00,Deposit,46432.72,37,Google Pay,Debit Card,Success
508173,100941,2027-07-30 19:47:00,UPI,2363.73,50,Amazon,Credit Card,Success
508174,100958,2027-08-05 07:46:00,Card Payment,8194.74,13,Flipkart,Net Banking,Pending
508175,100975,2027-08-10 19:45:00,ATM Withdrawal,14025.75,26,Swiggy,ATM,Success
508176,100992,2027-08-16 07:44:00,Online Transfer,19856.76,39,Zomato,UPI,Success
508177,101009,2027-08-21 19:43:00,Cash Withdrawal,25687.77,2,Myntra,Debit Card,Success
508178,101026,2027-08-27 07:42:00,Deposit,31518.78,15,Uber,Credit Card,Success
508179,101043,2027-09-01 19:41:00,UPI,37349.79,28,IRCTC,Net Banking,Success
508180,101060,2027-09-07 07:40:00,Card Payment,43180.8,41,Reliance,ATM,Success
508181,101077,2027-09-12 19:39:00,ATM Withdrawal,49011.81,4,DMart,UPI,Success
508182,101094,2027-09-18 07:38:00,Online Transfer,4942.82,17,Netflix,Debit Card,Success
508183,101111,2027-09-23 19:37:00,Cash Withdrawal,10773.83,30,PhonePe,Credit Card,Success
508184,101128,2027-09-29 07:36:00,Deposit,16604.84,43,Google Pay,Net Banking,Success
508185,101145,2027-10-04 19:35:00,UPI,22435.85,6,Amazon,ATM,Success
508186,101162,2027-10-10 07:34:00,Card Payment,28266.86,19,Flipkart,UPI,Success
508187,101179,2027-10-15 19:33:00,ATM Withdrawal,34097.87,32,Swiggy,Debit Card,Success
508188,101196,2027-10-21 07:32:00,Online Transfer,280772.0,45,Zomato,Credit Card,Success
508189,101213,2027-10-26 19:31:00,Cash Withdrawal,45759.89,8,Myntra,Net Banking,Success
508190,101230,2027-11-01 07:30:00,Deposit,1690.9,21,Uber,ATM,Success
508191,101247,2027-11-06 19:29:00,UPI,7521.91,34,IRCTC,UPI,Success
508192,101264,2027-11-12 07:28:00,Card Payment,13352.92,47,Reliance,Debit Card,Success
508193,101281,2027-11-17 19:27:00,ATM Withdrawal,19183.93,10,DMart,Credit Card,Success
508194,101298,2027-11-23 07:26:00,Online Transfer,25014.94,23,Netflix,Net Banking,Success
508195,101315,2027-11-28 19:25:00,Cash Withdrawal,30845.95,36,PhonePe,ATM,Success
508196,101332,2027-12-04 07:24:00,Deposit,36676.96,49,Google Pay,UPI,Success
508197,101349,2027-12-09 19:23:00,UPI,42507.97,12,Amazon,Debit Card,Success
508198,101366,2027-12-15 07:22:00,Card Payment,48338.98,25,Flipkart,Credit Card,Success
508199,101383,2027-12-20 19:21:00,ATM Withdrawal,4269.99,38,Swiggy,Net Banking,Success
508200,101400,2027-12-26 07:20:00,Online Transfer,10100.0,1,Zomato,ATM,Success
508201,101417,2027-12-31 19:19:00,Cash Withdrawal,15931.01,14,Myntra,UPI,Success
508202,101434,2028-01-06 07:18:00,Deposit,21762.02,27,Uber,Debit Card,Success
508203,101451,2028-01-11 19:17:00,UPI,27593.03,40,IRCTC,Credit Card,Success
508204,101468,2028-01-17 07:16:00,Card Payment,33424.04,3,Reliance,Net Banking,Success
508205,101485,2028-01-22 19:15:00,ATM Withdrawal,39255.05,16,DMart,ATM,Success
508206,101502,2028-01-28 07:14:00,Online Transfer,45086.06,29,Netflix,UPI,Success
508207,101519,2028-02-02 19:13:00,Cash Withdrawal,1017.07,42,PhonePe,Debit Card,Success
508208,101536,2028-02-08 07:12:00,Deposit,6848.08,5,Google Pay,Credit Card,Success
508209,101553,2028-02-13 19:11:00,UPI,12679.09,18,Amazon,Net Banking,Success
508210,101570,2028-02-19 07:10:00,Card Payment,18510.1,31,Flipkart,ATM,Success
508211,101587,2028-02-24 19:09:00,ATM Withdrawal,24341.11,44,Swiggy,UPI,Success
508212,101604,2028-03-01 07:08:00,Online Transfer,30172.12,7,Zomato,Debit Card,Success
508213,101621,2028-03-06 19:07:00,Cash Withdrawal,36003.13,20,Myntra,Credit Card,Success
508214,101638,2028-03-12 07:06:00,Deposit,41834.14,33,Uber,Net Banking,Success
508215,101655,2028-03-17 19:05:00,UPI,47665.15,46,IRCTC,ATM,Success
508216,101672,2028-03-23 07:04:00,Card Payment,3596.16,9,Reliance,UPI,Success
508217,101689,2028-03-28 19:03:00,ATM Withdrawal,9427.17,22,DMart,Debit Card,Success
508218,101706,2028-04-03 07:02:00,Online Transfer,15258.18,35,Netflix,Credit Card,Success
508219,101723,2028-04-08 19:01:00,Cash Withdrawal,21089.19,48,PhonePe,Net Banking,Success
508220,101740,2028-04-14 07:00:00,Deposit,26920.2,11,Google Pay,ATM,Success
508221,101757,2028-04-19 18:59:00,UPI,32751.21,24,Amazon,UPI,Success
508222,101774,2028-04-25 06:58:00,Card Payment,38582.22,37,Flipkart,Debit Card,Success
508223,101791,2028-04-30 18:57:00,ATM Withdrawal,44413.23,50,Swiggy,Credit Card,Success
508224,101808,2028-05-06 06:56:00,Online Transfer,344.24,13,Zomato,Net Banking,Success
508225,101825,2028-05-11 18:55:00,Cash Withdrawal,6175.25,26,Myntra,ATM,Success
508226,101842,2028-05-17 06:54:00,Deposit,12006.26,39,Uber,UPI,Success
508227,101859,2028-05-22 18:53:00,UPI,17837.27,2,IRCTC,Debit Card,Success
508228,101876,2028-05-28 06:52:00,Card Payment,23668.28,15,Reliance,Credit Card,Success
508229,101893,2028-06-02 18:51:00,ATM Withdrawal,29499.29,28,DMart,Net Banking,Success
508230,101910,2028-06-08 06:50:00,Online Transfer,35330.3,41,Netflix,ATM,Success
508231,101927,2028-06-13 18:49:00,Cash Withdrawal,41161.31,4,PhonePe,UPI,Success
508232,101944,2028-06-19 06:48:00,Deposit,46992.32,17,Google Pay,Debit Card,Success
508233,101961,2028-06-24 18:47:00,UPI,2923.33,30,Amazon,Credit Card,Success
508234,101978,2028-06-30 06:46:00,Card Payment,8754.34,43,Flipkart,Net Banking,Success
508235,101995,2028-07-05 18:45:00,ATM Withdrawal,14585.35,6,Swiggy,ATM,Success
508236,102012,2028-07-11 06:44:00,Online Transfer,20416.36,19,Zomato,UPI,Success
508237,102029,2028-07-16 18:43:00,Cash Withdrawal,26247.37,32,Myntra,Debit Card,Success
508238,102046,2028-07-22 06:42:00,Deposit,32078.38,45,Uber,Credit Card,Success
508239,102063,2028-07-27 18:41:00,UPI,37909.39,8,IRCTC,Net Banking,Success
508240,102080,2028-08-02 06:40:00,Card Payment,43740.4,21,Reliance,ATM,Success
508241,102097,2028-08-07 18:39:00,ATM Withdrawal,49571.41,34,DMart,UPI,Pending
508242,102114,2028-08-13 06:38:00,Online Transfer,5502.42,47,Netflix,Debit Card,Success
508243,102131,2028-08-18 18:37:00,Cash Withdrawal,11333.43,10,PhonePe,Credit Card,Success
508244,102148,2028-08-24 06:36:00,Deposit,17164.44,23,Google Pay,Net Banking,Success
508245,102165,2028-08-29 18:35:00,UPI,22995.45,36,Amazon,ATM,Success
508246,102182,2028-09-04 06:34:00,Card Payment,28826.46,49,Flipkart,UPI,Success
508247,102199,2028-09-09 18:33:00,ATM Withdrawal,34657.47,12,Swiggy,Debit Card,Success
508248,102216,2028-09-15 06:32:00,Online Transfer,40488.48,25,Zomato,Credit Card,Success
508249,102233,2028-09-20 18:31:00,Cash Withdrawal,46319.49,38,Myntra,Net Banking,Failed
508250,102250,2028-09-26 06:30:00,Deposit,2250.5,1,Uber,ATM,Success
508251,102267,2028-10-01 18:29:00,UPI,8081.51,14,IRCTC,UPI,Success
508252,102284,2028-10-07 06:28:00,Card Payment,13912.52,27,Reliance,Debit Card,Success
508253,102301,2028-10-12 18:27:00,ATM Withdrawal,19743.53,40,DMart,Credit Card,Success
508254,102318,2028-10-18 06:26:00,Online Transfer,25574.54,3,Netflix,Net Banking,Success
508255,102335,2028-10-23 18:25:00,Cash Withdrawal,284405.0,16,PhonePe,ATM,Success
508256,102352,2028-10-29 06:24:00,Deposit,37236.56,29,Google Pay,UPI,Success
508257,102369,2028-11-03 18:23:00,UPI,43067.57,42,Amazon,Debit Card,Success
508258,102386,2028-11-09 06:22:00,Card Payment,48898.58,5,Flipkart,Credit Card,Success
508259,102403,2028-11-14 18:21:00,ATM Withdrawal,4829.59,18,Swiggy,Net Banking,Success
508260,102420,2028-11-20 06:20:00,Online Transfer,10660.6,31,Zomato,ATM,Success
508261,102437,2028-11-25 18:19:00,Cash Withdrawal,16491.61,44,Myntra,UPI,Success
508262,102454,2028-12-01 06:18:00,Deposit,22322.62,7,Uber,Debit Card,Success
508263,102471,2028-12-06 18:17:00,UPI,28153.63,20,IRCTC,Credit Card,Success
508264,102488,2028-12-12 06:16:00,Card Payment,33984.64,33,Reliance,Net Banking,Success
508265,102505,2028-12-17 18:15:00,ATM Withdrawal,39815.65,46,DMart,ATM,Success
508266,102522,2028-12-23 06:14:00,Online Transfer,45646.66,9,Netflix,UPI,Success
508267,102539,2028-12-28 18:13:00,Cash Withdrawal,1577.67,22,PhonePe,Debit Card,Success
508268,102556,2029-01-03 06:12:00,Deposit,7408.68,35,Google Pay,Credit Card,Success
508269,102573,2029-01-08 18:11:00,UPI,13239.69,48,Amazon,Net Banking,Success
508270,102590,2029-01-14 06:10:00,Card Payment,19070.7,11,Flipkart,ATM,Success
508271,102607,2029-01-19 18:09:00,ATM Withdrawal,24901.71,24,Swiggy,UPI,Success
508272,102624,2029-01-25 06:08:00,Online Transfer,30732.72,37,Zomato,Debit Card,Success
508273,102641,2029-01-30 18:07:00,Cash Withdrawal,36563.73,50,Myntra,Credit Card,Success
508274,102658,2029-02-05 06:06:00,Deposit,42394.74,13,Uber,Net Banking,Success
508275,102675,2029-02-10 18:05:00,UPI,48225.75,26,IRCTC,ATM,Success
508276,102692,2029-02-16 06:04:00,Card Payment,4156.76,39,Reliance,UPI,Success
508277,102709,2029-02-21 18:03:00,ATM Withdrawal,318063.0,2,DMart,Debit Card,Success
508278,102726,2029-02-27 06:02:00,Online Transfer,15818.78,15,Netflix,Credit Card,Success
508279,102743,2029-03-04 18:01:00,Cash Withdrawal,21649.79,28,PhonePe,Net Banking,Success
508280,102760,2029-03-10 06:00:00,Deposit,27480.8,41,Google Pay,ATM,Success
508281,102777,2029-03-15 17:59:00,UPI,33311.81,4,Amazon,UPI,Success
508282,102794,2029-03-21 05:58:00,Card Payment,39142.82,17,Flipkart,Debit Card,Success
508283,102811,2029-03-26 17:57:00,ATM Withdrawal,44973.83,30,Swiggy,Credit Card,Success
508284,102828,2029-04-01 05:56:00,Online Transfer,904.84,43,Zomato,Net Banking,Success
508285,102845,2029-04-06 17:55:00,Cash Withdrawal,6735.85,6,Myntra,ATM,Success
508286,102862,2029-04-12 05:54:00,Deposit,12566.86,19,Uber,UPI,Success
508287,102879,2029-04-17 17:53:00,UPI,18397.87,32,IRCTC,Debit Card,Success
508288,102896,2029-04-23 05:52:00,Card Payment,24228.88,45,Reliance,Credit Card,Success
508289,102913,2029-04-28 17:51:00,ATM Withdrawal,30059.89,8,DMart,Net Banking,Success
508290,102930,2029-05-04 05:50:00,Online Transfer,35890.9,21,Netflix,ATM,Success
508291,102947,2029-05-09 17:49:00,Cash Withdrawal,41721.91,34,PhonePe,UPI,Success
508292,102964,2029-05-15 05:48:00,Deposit,47552.92,47,Google Pay,Debit Card,Success
508293,102981,2029-05-20 17:47:00,UPI,3483.93,10,Amazon,Credit Card,Success
508294,102998,2029-05-26 05:46:00,Card Payment,9314.94,23,Flipkart,Net Banking,Success
508295,100015,2029-05-31 17:45:00,ATM Withdrawal,15145.95,36,Swiggy,ATM,Success
508296,100032,2029-06-06 05:44:00,Online Transfer,20976.96,49,Zomato,UPI,Success
508297,100049,2029-06-11 17:43:00,Cash Withdrawal,26807.97,12,Myntra,Debit Card,Success
508298,100066,2029-06-17 05:42:00,Deposit,32638.98,25,Uber,Credit Card,Success
508299,100083,2029-06-22 17:41:00,UPI,38469.99,38,IRCTC,Net Banking,Success
508300,100100,2029-06-28 05:40:00,Card Payment,44300.0,1,Reliance,ATM,Success
508301,100117,2029-07-03 17:39:00,ATM Withdrawal,231.01,14,DMart,UPI,Success
508302,100134,2029-07-09 05:38:00,Online Transfer,6062.02,27,Netflix,Debit Card,Success
508303,100151,2029-07-14 17:37:00,Cash Withdrawal,11893.03,40,PhonePe,Credit Card,Success
508304,100168,2029-07-20 05:36:00,Deposit,17724.04,3,Google Pay,Net Banking,Success
508305,100185,2029-07-25 17:35:00,UPI,23555.05,16,Amazon,ATM,Success
508306,100202,2029-07-31 05:34:00,Card Payment,29386.06,29,Flipkart,UPI,Success
508307,100219,2029-08-05 17:33:00,ATM Withdrawal,35217.07,42,Swiggy,Debit Card,Success
508308,100236,2029-08-11 05:32:00,Online Transfer,41048.08,5,Zomato,Credit Card,Pending
508309,100253,2029-08-16 17:31:00,Cash Withdrawal,46879.09,18,Myntra,Net Banking,Success
508310,100270,2029-08-22 05:30:00,Deposit,2810.1,31,Uber,ATM,Success
508311,100287,2029-08-27 17:29:00,UPI,8641.11,44,IRCTC,UPI,Success
508312,100304,2029-09-02 05:28:00,Card Payment,14472.12,7,Reliance,Debit Card,Success
508313,100321,2029-09-07 17:27:00,ATM Withdrawal,20303.13,20,DMart,Credit Card,Success
508314,100338,2029-09-13 05:26:00,Online Transfer,26134.14,33,Netflix,Net Banking,Success
508315,100355,2029-09-18 17:25:00,Cash Withdrawal,31965.15,46,PhonePe,ATM,Success
508316,100372,2029-09-24 05:24:00,Deposit,37796.16,9,Google Pay,UPI,Success
508317,100389,2029-09-29 17:23:00,UPI,43627.17,22,Amazon,Debit Card,Success
508318,100406,2029-10-05 05:22:00,Card Payment,49458.18,35,Flipkart,Credit Card,Success
508319,100423,2029-10-10 17:21:00,ATM Withdrawal,5389.19,48,Swiggy,Net Banking,Success
508320,100440,2029-10-16 05:20:00,Online Transfer,11220.2,11,Zomato,ATM,Success
508321,100457,2029-10-21 17:19:00,Cash Withdrawal,17051.21,24,Myntra,UPI,Success
508322,100474,2029-10-27 05:18:00,Deposit,22882.22,37,Uber,Debit Card,Success
508323,100491,2029-11-01 17:17:00,UPI,28713.23,50,IRCTC,Credit Card,Success
508324,100508,2029-11-07 05:16:00,Card Payment,34544.24,13,Reliance,Net Banking,Success
508325,100525,2029-11-12 17:15:00,ATM Withdrawal,40375.25,26,DMart,ATM,Success
508326,100542,2029-11-18 05:14:00,Online Transfer,46206.26,39,Netflix,UPI,Success
508327,100559,2029-11-23 17:13:00,Cash Withdrawal,2137.27,2,PhonePe,Debit Card,Success
508328,100576,2029-11-29 05:12:00,Deposit,7968.28,15,Google Pay,Credit Card,Success
508329,100593,2029-12-04 17:11:00,UPI,13799.29,28,Amazon,Net Banking,Success
508330,100610,2029-12-10 05:10:00,Card Payment,19630.3,41,Flipkart,ATM,Success
508331,100627,2029-12-15 17:09:00,ATM Withdrawal,25461.31,4,Swiggy,UPI,Success
508332,100644,2029-12-21 05:08:00,Online Transfer,31292.32,17,Zomato,Debit Card,Success
508333,100661,2029-12-26 17:07:00,Cash Withdrawal,37123.33,30,Myntra,Credit Card,Success
508334,100678,2030-01-01 05:06:00,Deposit,42954.34,43,Uber,Net Banking,Success
508335,100695,2030-01-06 17:05:00,UPI,48785.35,6,IRCTC,ATM,Success
508336,100712,2030-01-12 05:04:00,Card Payment,4716.36,19,Reliance,UPI,Success
508337,100729,2030-01-17 17:03:00,ATM Withdrawal,10547.37,32,DMart,Debit Card,Success
508338,100746,2030-01-23 05:02:00,Online Transfer,16378.38,45,Netflix,Credit Card,Success
508339,100763,2030-01-28 17:01:00,Cash Withdrawal,22209.39,8,PhonePe,Net Banking,Success
508340,100780,2030-02-03 05:00:00,Deposit,28040.4,21,Google Pay,ATM,Success
508341,100797,2030-02-08 16:59:00,UPI,33871.41,34,Amazon,UPI,Success
508342,100814,2030-02-14 04:58:00,Card Payment,39702.42,47,Flipkart,Debit Card,Success
508343,100831,2030-02-19 16:57:00,ATM Withdrawal,45533.43,10,Swiggy,Credit Card,Success
508344,100848,2030-02-25 04:56:00,Online Transfer,1464.44,23,Zomato,Net Banking,Success
508345,100865,2030-03-02 16:55:00,Cash Withdrawal,7295.45,36,Myntra,ATM,Success
508346,100882,2030-03-08 04:54:00,Deposit,13126.46,49,Uber,UPI,Success
508347,100899,2026-01-03 16:53:00,UPI,18957.47,12,IRCTC,Debit Card,Success
508348,100916,2026-01-09 04:52:00,Card Payment,24788.48,25,Reliance,Credit Card,Success
508349,100933,2026-01-14 16:51:00,ATM Withdrawal,30619.49,38,DMart,Net Banking,Success
508350,100950,2026-01-20 04:50:00,Online Transfer,36450.5,1,Netflix,ATM,Success
508351,100967,2026-01-25 16:49:00,Cash Withdrawal,42281.51,14,PhonePe,UPI,Success
508352,100984,2026-01-31 04:48:00,Deposit,48112.52,27,Google Pay,Debit Card,Success
508353,101001,2026-02-05 16:47:00,UPI,4043.53,40,Amazon,Credit Card,Success
508354,101018,2026-02-11 04:46:00,Card Payment,9874.54,3,Flipkart,Net Banking,Success
508355,101035,2026-02-16 16:45:00,ATM Withdrawal,15705.55,16,Swiggy,ATM,Success
508356,101052,2026-02-22 04:44:00,Online Transfer,21536.56,29,Zomato,UPI,Success
508357,101069,2026-02-27 16:43:00,Cash Withdrawal,27367.57,42,Myntra,Debit Card,Success
508358,101086,2026-03-05 04:42:00,Deposit,33198.58,5,Uber,Credit Card,Success
508359,101103,2026-03-10 16:41:00,UPI,39029.59,18,IRCTC,Net Banking,Success
508360,101120,2026-03-16 04:40:00,Card Payment,44860.6,31,Reliance,ATM,Success
508361,101137,2026-03-21 16:39:00,ATM Withdrawal,791.61,44,DMart,UPI,Success
508362,101154,2026-03-27 04:38:00,Online Transfer,6622.62,7,Netflix,Debit Card,Failed
508363,101171,2026-04-01 16:37:00,Cash Withdrawal,12453.63,20,PhonePe,Credit Card,Success
508364,101188,2026-04-07 04:36:00,Deposit,18284.64,33,Google Pay,Net Banking,Success
508365,101205,2026-04-12 16:35:00,UPI,24115.65,46,Amazon,ATM,Success
508366,101222,2026-04-18 04:34:00,Card Payment,355354.0,9,Flipkart,UPI,Success
508367,101239,2026-04-23 16:33:00,ATM Withdrawal,35777.67,22,Swiggy,Debit Card,Success
508368,101256,2026-04-29 04:32:00,Online Transfer,41608.68,35,Zomato,Credit Card,Success
508369,101273,2026-05-04 16:31:00,Cash Withdrawal,47439.69,48,Myntra,Net Banking,Success
508370,101290,2026-05-10 04:30:00,Deposit,3370.7,11,Uber,ATM,Success
508371,101307,2026-05-15 16:29:00,UPI,9201.71,24,IRCTC,UPI,Success
508372,101324,2026-05-21 04:28:00,Card Payment,15032.72,37,Reliance,Debit Card,Success
508373,101341,2026-05-26 16:27:00,ATM Withdrawal,20863.73,50,DMart,Credit Card,Success
508374,101358,2026-06-01 04:26:00,Online Transfer,26694.74,13,Netflix,Net Banking,Success
508375,101375,2026-06-06 16:25:00,Cash Withdrawal,32525.75,26,PhonePe,ATM,Pending
508376,101392,2026-06-12 04:24:00,Deposit,38356.76,39,Google Pay,UPI,Success
508377,101409,2026-06-17 16:23:00,UPI,44187.77,2,Amazon,Debit Card,Success
508378,101426,2026-06-23 04:22:00,Card Payment,118.78,15,Flipkart,Credit Card,Success
508379,101443,2026-06-28 16:21:00,ATM Withdrawal,5949.79,28,Swiggy,Net Banking,Success
508380,101460,2026-07-04 04:20:00,Online Transfer,11780.8,41,Zomato,ATM,Success
508381,101477,2026-07-09 16:19:00,Cash Withdrawal,17611.81,4,Myntra,UPI,Success
508382,101494,2026-07-15 04:18:00,Deposit,377242.0,17,Uber,Debit Card,Success
508383,101511,2026-07-20 16:17:00,UPI,29273.83,30,IRCTC,Credit Card,Success
508384,101528,2026-07-26 04:16:00,Card Payment,35104.84,43,Reliance,Net Banking,Success
508385,101545,2026-07-31 16:15:00,ATM Withdrawal,40935.85,6,DMart,ATM,Success
508386,101562,2026-08-06 04:14:00,Online Transfer,46766.86,19,Netflix,UPI,Success
508387,101579,2026-08-11 16:13:00,Cash Withdrawal,2697.87,32,PhonePe,Debit Card,Success
508388,101596,2026-08-17 04:12:00,Deposit,8528.88,45,Google Pay,Credit Card,Success
508389,101613,2026-08-22 16:11:00,UPI,14359.89,8,Amazon,Net Banking,Success
508390,101630,2026-08-28 04:10:00,Card Payment,20190.9,21,Flipkart,ATM,Success
508391,101647,2026-09-02 16:09:00,ATM Withdrawal,26021.91,34,Swiggy,UPI,Success
508392,101664,2026-09-08 04:08:00,Online Transfer,31852.92,47,Zomato,Debit Card,Success
508393,101681,2026-09-13 16:07:00,Cash Withdrawal,37683.93,10,Myntra,Credit Card,Success
508394,101698,2026-09-19 04:06:00,Deposit,43514.94,23,Uber,Net Banking,Success
508395,101715,2026-09-24 16:05:00,UPI,49345.95,36,IRCTC,ATM,Success
508396,101732,2026-09-30 04:04:00,Card Payment,5276.96,49,Reliance,UPI,Success
508397,101749,2026-10-05 16:03:00,ATM Withdrawal,11107.97,12,DMart,Debit Card,Success
508398,101766,2026-10-11 04:02:00,Online Transfer,16938.98,25,Netflix,Credit Card,Success
508399,101783,2026-10-16 16:01:00,Cash Withdrawal,22769.99,38,PhonePe,Net Banking,Success
508400,101800,2026-10-22 04:00:00,Deposit,28600.0,1,Google Pay,ATM,Success
508401,101817,2026-10-27 15:59:00,UPI,34431.01,14,Amazon,UPI,Success
508402,101834,2026-11-02 03:58:00,Card Payment,40262.02,27,Flipkart,Debit Card,Success
508403,101851,2026-11-07 15:57:00,ATM Withdrawal,46093.03,40,Swiggy,Credit Card,Success
508404,101868,2026-11-13 03:56:00,Online Transfer,2024.04,3,Zomato,Net Banking,Success
508405,101885,2026-11-18 15:55:00,Cash Withdrawal,7855.05,16,Myntra,ATM,Success
508406,101902,2026-11-24 03:54:00,Deposit,13686.06,29,Uber,UPI,Success
508407,101919,2026-11-29 15:53:00,UPI,19517.07,42,IRCTC,Debit Card,Success
508408,101936,2026-12-05 03:52:00,Card Payment,25348.08,5,Reliance,Credit Card,Success
508409,101953,2026-12-10 15:51:00,ATM Withdrawal,31179.09,18,DMart,Net Banking,Success
508410,101970,2026-12-16 03:50:00,Online Transfer,37010.1,31,Netflix,ATM,Success
508411,101987,2026-12-21 15:49:00,Cash Withdrawal,42841.11,44,PhonePe,UPI,Success
508412,102004,2026-12-27 03:48:00,Deposit,48672.12,7,Google Pay,Debit Card,Success
508413,102021,2027-01-01 15:47:00,UPI,4603.13,20,Amazon,Credit Card,Success
508414,102038,2027-01-07 03:46:00,Card Payment,10434.14,33,Flipkart,Net Banking,Success
508415,102055,2027-01-12 15:45:00,ATM Withdrawal,16265.15,46,Swiggy,ATM,Success
508416,102072,2027-01-18 03:44:00,Online Transfer,22096.16,9,Zomato,UPI,Success
508417,102089,2027-01-23 15:43:00,Cash Withdrawal,27927.17,22,Myntra,Debit Card,Success
508418,102106,2027-01-29 03:42:00,Deposit,33758.18,35,Uber,Credit Card,Success
508419,102123,2027-02-03 15:41:00,UPI,39589.19,48,IRCTC,Net Banking,Success
508420,102140,2027-02-09 03:40:00,Card Payment,45420.2,11,Reliance,ATM,Success
508421,102157,2027-02-14 15:39:00,ATM Withdrawal,1351.21,24,DMart,UPI,Success
508422,102174,2027-02-20 03:38:00,Online Transfer,7182.22,37,Netflix,Debit Card,Success
508423,102191,2027-02-25 15:37:00,Cash Withdrawal,13013.23,50,PhonePe,Credit Card,Success
508424,102208,2027-03-03 03:36:00,Deposit,18844.24,13,Google Pay,Net Banking,Success
508425,102225,2027-03-08 15:35:00,UPI,24675.25,26,Amazon,ATM,Success
508426,102242,2027-03-14 03:34:00,Card Payment,30506.26,39,Flipkart,UPI,Success
508427,102259,2027-03-19 15:33:00,ATM Withdrawal,36337.27,2,Swiggy,Debit Card,Success
508428,102276,2027-03-25 03:32:00,Online Transfer,42168.28,15,Zomato,Credit Card,Success
508429,102293,2027-03-30 15:31:00,Cash Withdrawal,47999.29,28,Myntra,Net Banking,Success
508430,102310,2027-04-05 03:30:00,Deposit,3930.3,41,Uber,ATM,Success
508431,102327,2027-04-10 15:29:00,UPI,9761.31,4,IRCTC,UPI,Success
508432,102344,2027-04-16 03:28:00,Card Payment,15592.32,17,Reliance,Debit Card,Success
508433,102361,2027-04-21 15:27:00,ATM Withdrawal,21423.33,30,DMart,Credit Card,Success
508434,102378,2027-04-27 03:26:00,Online Transfer,27254.34,43,Netflix,Net Banking,Success
508435,102395,2027-05-02 15:25:00,Cash Withdrawal,33085.35,6,PhonePe,ATM,Success
508436,102412,2027-05-08 03:24:00,Deposit,38916.36,19,Google Pay,UPI,Success
508437,102429,2027-05-13 15:23:00,UPI,44747.37,32,Amazon,Debit Card,Success
508438,102446,2027-05-19 03:22:00,Card Payment,678.38,45,Flipkart,Credit Card,Success
508439,102463,2027-05-24 15:21:00,ATM Withdrawal,6509.39,8,Swiggy,Net Banking,Success
508440,102480,2027-05-30 03:20:00,Online Transfer,12340.4,21,Zomato,ATM,Success
508441,102497,2027-06-04 15:19:00,Cash Withdrawal,18171.41,34,Myntra,UPI,Success
508442,102514,2027-06-10 03:18:00,Deposit,24002.42,47,Uber,Debit Card,Pending
508443,102531,2027-06-15 15:17:00,UPI,29833.43,10,IRCTC,Credit Card,Success
508444,102548,2027-06-21 03:16:00,Card Payment,35664.44,23,Reliance,Net Banking,Success
508445,102565,2027-06-26 15:15:00,ATM Withdrawal,41495.45,36,DMart,ATM,Success
508446,102582,2027-07-02 03:14:00,Online Transfer,47326.46,49,Netflix,UPI,Success
508447,102599,2027-07-07 15:13:00,Cash Withdrawal,3257.47,12,PhonePe,Debit Card,Success
508448,102616,2027-07-13 03:12:00,Deposit,9088.48,25,Google Pay,Credit Card,Success
508449,102633,2027-07-18 15:11:00,UPI,14919.49,38,Amazon,Net Banking,Success
508450,102650,2027-07-24 03:10:00,Card Payment,20750.5,1,Flipkart,ATM,Success
508451,102667,2027-07-29 15:09:00,ATM Withdrawal,26581.51,14,Swiggy,UPI,Success
508452,102684,2027-08-04 03:08:00,Online Transfer,32412.52,27,Zomato,Debit Card,Success
508453,102701,2027-08-09 15:07:00,Cash Withdrawal,38243.53,40,Myntra,Credit Card,Success
508454,102718,2027-08-15 03:06:00,Deposit,44074.54,3,Uber,Net Banking,Success
508455,102735,2027-08-20 15:05:00,UPI,392645.0,16,IRCTC,ATM,Success
508456,102752,2027-08-26 03:04:00,Card Payment,5836.56,29,Reliance,UPI,Success
508457,102769,2027-08-31 15:03:00,ATM Withdrawal,11667.57,42,DMart,Debit Card,Success
508458,102786,2027-09-06 03:02:00,Online Transfer,17498.58,5,Netflix,Credit Card,Success
508459,102803,2027-09-11 15:01:00,Cash Withdrawal,23329.59,18,PhonePe,Net Banking,Success
508460,102820,2027-09-17 03:00:00,Deposit,29160.6,31,Google Pay,ATM,Success
508461,102837,2027-09-22 14:59:00,UPI,34991.61,44,Amazon,UPI,Success
508462,102854,2027-09-28 02:58:00,Card Payment,40822.62,7,Flipkart,Debit Card,Success
508463,102871,2027-10-03 14:57:00,ATM Withdrawal,46653.63,20,Swiggy,Credit Card,Success
508464,102888,2027-10-09 02:56:00,Online Transfer,2584.64,33,Zomato,Net Banking,Success
508465,102905,2027-10-14 14:55:00,Cash Withdrawal,8415.65,46,Myntra,ATM,Success
508466,102922,2027-10-20 02:54:00,Deposit,14246.66,9,Uber,UPI,Success
508467,102939,2027-10-25 14:53:00,UPI,20077.67,22,IRCTC,Debit Card,Success
508468,102956,2027-10-31 02:52:00,Card Payment,25908.68,35,Reliance,Credit Card,Success
508469,102973,2027-11-05 14:51:00,ATM Withdrawal,31739.69,48,DMart,Net Banking,Success
508470,102990,2027-11-11 02:50:00,Online Transfer,37570.7,11,Netflix,ATM,Success
508471,100007,2027-11-16 14:49:00,Cash Withdrawal,43401.71,24,PhonePe,UPI,Success
508472,100024,2027-11-22 02:48:00,Deposit,49232.72,37,Google Pay,Debit Card,Success
508473,100041,2027-11-27 14:47:00,UPI,5163.73,50,Amazon,Credit Card,Success
508474,100058,2027-12-03 02:46:00,Card Payment,10994.74,13,Flipkart,Net Banking,Success
508475,100075,2027-12-08 14:45:00,ATM Withdrawal,16825.75,26,Swiggy,ATM,Failed
508476,100092,2027-12-14 02:44:00,Online Transfer,22656.76,39,Zomato,UPI,Success
508477,100109,2027-12-19 14:43:00,Cash Withdrawal,28487.77,2,Myntra,Debit Card,Success
508478,100126,2027-12-25 02:42:00,Deposit,34318.78,15,Uber,Credit Card,Success
508479,100143,2027-12-30 14:41:00,UPI,40149.79,28,IRCTC,Net Banking,Success
508480,100160,2028-01-05 02:40:00,Card Payment,45980.8,41,Reliance,ATM,Success
508481,100177,2028-01-10 14:39:00,ATM Withdrawal,1911.81,4,DMart,UPI,Success
508482,100194,2028-01-16 02:38:00,Online Transfer,7742.82,17,Netflix,Debit Card,Success
508483,100211,2028-01-21 14:37:00,Cash Withdrawal,13573.83,30,PhonePe,Credit Card,Success
508484,100228,2028-01-27 02:36:00,Deposit,19404.84,43,Google Pay,Net Banking,Success
508485,100245,2028-02-01 14:35:00,UPI,25235.85,6,Amazon,ATM,Success
508486,100262,2028-02-07 02:34:00,Card Payment,31066.86,19,Flipkart,UPI,Success
508487,100279,2028-02-12 14:33:00,ATM Withdrawal,36897.87,32,Swiggy,Debit Card,Success
508488,100296,2028-02-18 02:32:00,Online Transfer,42728.88,45,Zomato,Credit Card,Success
508489,100313,2028-02-23 14:31:00,Cash Withdrawal,48559.89,8,Myntra,Net Banking,Success
508490,100330,2028-02-29 02:30:00,Deposit,4490.9,21,Uber,ATM,Success
508491,100347,2028-03-05 14:29:00,UPI,10321.91,34,IRCTC,UPI,Success
508492,100364,2028-03-11 02:28:00,Card Payment,16152.92,47,Reliance,Debit Card,Success
508493,100381,2028-03-16 14:27:00,ATM Withdrawal,21983.93,10,DMart,Credit Card,Success
508494,100398,2028-03-22 02:26:00,Online Transfer,27814.94,23,Netflix,Net Banking,Success
508495,100415,2028-03-27 14:25:00,Cash Withdrawal,33645.95,36,PhonePe,ATM,Success
508496,100432,2028-04-02 02:24:00,Deposit,39476.96,49,Google Pay,UPI,Success
508497,100449,2028-04-07 14:23:00,UPI,45307.97,12,Amazon,Debit Card,Success
508498,100466,2028-04-13 02:22:00,Card Payment,1238.98,25,Flipkart,Credit Card,Success
508499,100483,2028-04-18 14:21:00,ATM Withdrawal,7069.99,38,Swiggy,Net Banking,Success
508500,100500,2028-04-24 02:20:00,Online Transfer,12900.0,1,Zomato,ATM,Success
508501,100517,2028-04-29 14:19:00,Cash Withdrawal,18731.01,14,Myntra,UPI,Success
508502,100534,2028-05-05 02:18:00,Deposit,24562.02,27,Uber,Debit Card,Success
508503,100551,2028-05-10 14:17:00,UPI,30393.03,40,IRCTC,Credit Card,Success
508504,100568,2028-05-16 02:16:00,Card Payment,36224.04,3,Reliance,Net Banking,Success
508505,100585,2028-05-21 14:15:00,ATM Withdrawal,42055.05,16,DMart,ATM,Success
508506,100602,2028-05-27 02:14:00,Online Transfer,47886.06,29,Netflix,UPI,Success
508507,100619,2028-06-01 14:13:00,Cash Withdrawal,3817.07,42,PhonePe,Debit Card,Success
508508,100636,2028-06-07 02:12:00,Deposit,9648.08,5,Google Pay,Credit Card,Success
508509,100653,2028-06-12 14:11:00,UPI,470079.0,18,Amazon,Net Banking,Pending
508510,100670,2028-06-18 02:10:00,Card Payment,21310.1,31,Flipkart,ATM,Success
508511,100687,2028-06-23 14:09:00,ATM Withdrawal,27141.11,44,Swiggy,UPI,Success
508512,100704,2028-06-29 02:08:00,Online Transfer,32972.12,7,Zomato,Debit Card,Success
508513,100721,2028-07-04 14:07:00,Cash Withdrawal,38803.13,20,Myntra,Credit Card,Success
508514,100738,2028-07-10 02:06:00,Deposit,44634.14,33,Uber,Net Banking,Success
508515,100755,2028-07-15 14:05:00,UPI,565.15,46,IRCTC,ATM,Success
508516,100772,2028-07-21 02:04:00,Card Payment,6396.16,9,Reliance,UPI,Success
508517,100789,2028-07-26 14:03:00,ATM Withdrawal,12227.17,22,DMart,Debit Card,Success
508518,100806,2028-08-01 02:02:00,Online Transfer,18058.18,35,Netflix,Credit Card,Success
508519,100823,2028-08-06 14:01:00,Cash Withdrawal,23889.19,48,PhonePe,Net Banking,Success
508520,100840,2028-08-12 02:00:00,Deposit,29720.2,11,Google Pay,ATM,Success
508521,100857,2028-08-17 13:59:00,UPI,35551.21,24,Amazon,UPI,Success
508522,100874,2028-08-23 01:58:00,Card Payment,41382.22,37,Flipkart,Debit Card,Success
508523,100891,2028-08-28 13:57:00,ATM Withdrawal,47213.23,50,Swiggy,Credit Card,Success
508524,100908,2028-09-03 01:56:00,Online Transfer,3144.24,13,Zomato,Net Banking,Success
508525,100925,2028-09-08 13:55:00,Cash Withdrawal,8975.25,26,Myntra,ATM,Success
508526,100942,2028-09-14 01:54:00,Deposit,14806.26,39,Uber,UPI,Success
508527,100959,2028-09-19 13:53:00,UPI,20637.27,2,IRCTC,Debit Card,Success
508528,100976,2028-09-25 01:52:00,Card Payment,26468.28,15,Reliance,Credit Card,Success
508529,100993,2028-09-30 13:51:00,ATM Withdrawal,32299.29,28,DMart,Net Banking,Success
508530,101010,2028-10-06 01:50:00,Online Transfer,38130.3,41,Netflix,ATM,Success
508531,101027,2028-10-11 13:49:00,Cash Withdrawal,43961.31,4,PhonePe,UPI,Success
508532,101044,2028-10-17 01:48:00,Deposit,49792.32,17,Google Pay,Debit Card,Success
508533,101061,2028-10-22 13:47:00,UPI,5723.33,30,Amazon,Credit Card,Success
508534,101078,2028-10-28 01:46:00,Card Payment,11554.34,43,Flipkart,Net Banking,Success
508535,101095,2028-11-02 13:45:00,ATM Withdrawal,17385.35,6,Swiggy,ATM,Success
508536,101112,2028-11-08 01:44:00,Online Transfer,23216.36,19,Zomato,UPI,Success
508537,101129,2028-11-13 13:43:00,Cash Withdrawal,29047.37,32,Myntra,Debit Card,Success
508538,101146,2028-11-19 01:42:00,Deposit,34878.38,45,Uber,Credit Card,Success
508539,101163,2028-11-24 13:41:00,UPI,40709.39,8,IRCTC,Net Banking,Success
508540,101180,2028-11-30 01:40:00,Card Payment,46540.4,21,Reliance,ATM,Success
508541,101197,2028-12-05 13:39:00,ATM Withdrawal,2471.41,34,DMart,UPI,Success
508542,101214,2028-12-11 01:38:00,Online Transfer,8302.42,47,Netflix,Debit Card,Success
508543,101231,2028-12-16 13:37:00,Cash Withdrawal,14133.43,10,PhonePe,Credit Card,Success
508544,101248,2028-12-22 01:36:00,Deposit,429936.0,23,Google Pay,Net Banking,Success
508545,101265,2028-12-27 13:35:00,UPI,25795.45,36,Amazon,ATM,Success
508546,101282,2029-01-02 01:34:00,Card Payment,31626.46,49,Flipkart,UPI,Success
508547,101299,2029-01-07 13:33:00,ATM Withdrawal,37457.47,12,Swiggy,Debit Card,Success
508548,101316,2029-01-13 01:32:00,Online Transfer,43288.48,25,Zomato,Credit Card,Success
508549,101333,2029-01-18 13:31:00,Cash Withdrawal,49119.49,38,Myntra,Net Banking,Success
508550,101350,2029-01-24 01:30:00,Deposit,5050.5,1,Uber,ATM,Success
508551,101367,2029-01-29 13:29:00,UPI,10881.51,14,IRCTC,UPI,Success
508552,101384,2029-02-04 01:28:00,Card Payment,16712.52,27,Reliance,Debit Card,Success
508553,101401,2029-02-09 13:27:00,ATM Withdrawal,22543.53,40,DMart,Credit Card,Success
508554,101418,2029-02-15 01:26:00,Online Transfer,28374.54,3,Netflix,Net Banking,Success
508555,101435,2029-02-20 13:25:00,Cash Withdrawal,34205.55,16,PhonePe,ATM,Success
508556,101452,2029-02-26 01:24:00,Deposit,40036.56,29,Google Pay,UPI,Success
508557,101469,2029-03-03 13:23:00,UPI,45867.57,42,Amazon,Debit Card,Success
508558,101486,2029-03-09 01:22:00,Card Payment,1798.58,5,Flipkart,Credit Card,Success
508559,101503,2029-03-14 13:21:00,ATM Withdrawal,7629.59,18,Swiggy,Net Banking,Success
508560,101520,2029-03-20 01:20:00,Online Transfer,13460.6,31,Zomato,ATM,Success
508561,101537,2029-03-25 13:19:00,Cash Withdrawal,19291.61,44,Myntra,UPI,Success
508562,101554,2029-03-31 01:18:00,Deposit,25122.62,7,Uber,Debit Card,Success
508563,101571,2029-04-05 13:17:00,UPI,30953.63,20,IRCTC,Credit Card,Success
508564,101588,2029-04-11 01:16:00,Card Payment,36784.64,33,Reliance,Net Banking,Success
508565,101605,2029-04-16 13:15:00,ATM Withdrawal,42615.65,46,DMart,ATM,Success
508566,101622,2029-04-22 01:14:00,Online Transfer,48446.66,9,Netflix,UPI,Success
508567,101639,2029-04-27 13:13:00,Cash Withdrawal,4377.67,22,PhonePe,Debit Card,Success
508568,101656,2029-05-03 01:12:00,Deposit,10208.68,35,Google Pay,Credit Card,Success
508569,101673,2029-05-08 13:11:00,UPI,16039.69,48,Amazon,Net Banking,Success
508570,101690,2029-05-14 01:10:00,Card Payment,21870.7,11,Flipkart,ATM,Success
508571,101707,2029-05-19 13:09:00,ATM Withdrawal,27701.71,24,Swiggy,UPI,Success
508572,101724,2029-05-25 01:08:00,Online Transfer,33532.72,37,Zomato,Debit Card,Success
508573,101741,2029-05-30 13:07:00,Cash Withdrawal,39363.73,50,Myntra,Credit Card,Success
508574,101758,2029-06-05 01:06:00,Deposit,45194.74,13,Uber,Net Banking,Success
508575,101775,2029-06-10 13:05:00,UPI,1125.75,26,IRCTC,ATM,Success
508576,101792,2029-06-16 01:04:00,Card Payment,6956.76,39,Reliance,UPI,Pending
508577,101809,2029-06-21 13:03:00,ATM Withdrawal,12787.77,2,DMart,Debit Card,Success
508578,101826,2029-06-27 01:02:00,Online Transfer,18618.78,15,Netflix,Credit Card,Success
508579,101843,2029-07-02 13:01:00,Cash Withdrawal,24449.79,28,PhonePe,Net Banking,Success
508580,101860,2029-07-08 01:00:00,Deposit,30280.8,41,Google Pay,ATM,Success
508581,101877,2029-07-13 12:59:00,UPI,36111.81,4,Amazon,UPI,Success
508582,101894,2029-07-19 00:58:00,Card Payment,41942.82,17,Flipkart,Debit Card,Success
508583,101911,2029-07-24 12:57:00,ATM Withdrawal,47773.83,30,Swiggy,Credit Card,Success
508584,101928,2029-07-30 00:56:00,Online Transfer,3704.84,43,Zomato,Net Banking,Success
508585,101945,2029-08-04 12:55:00,Cash Withdrawal,9535.85,6,Myntra,ATM,Success
508586,101962,2029-08-10 00:54:00,Deposit,15366.86,19,Uber,UPI,Success
508587,101979,2029-08-15 12:53:00,UPI,21197.87,32,IRCTC,Debit Card,Success
508588,101996,2029-08-21 00:52:00,Card Payment,27028.88,45,Reliance,Credit Card,Failed
508589,102013,2029-08-26 12:51:00,ATM Withdrawal,32859.89,8,DMart,Net Banking,Success
508590,102030,2029-09-01 00:50:00,Online Transfer,38690.9,21,Netflix,ATM,Success
508591,102047,2029-09-06 12:49:00,Cash Withdrawal,44521.91,34,PhonePe,UPI,Success
508592,102064,2029-09-12 00:48:00,Deposit,452.92,47,Google Pay,Debit Card,Success
508593,102081,2029-09-17 12:47:00,UPI,6283.93,10,Amazon,Credit Card,Success
508594,102098,2029-09-23 00:46:00,Card Payment,12114.94,23,Flipkart,Net Banking,Success
508595,102115,2029-09-28 12:45:00,ATM Withdrawal,17945.95,36,Swiggy,ATM,Success
508596,102132,2029-10-04 00:44:00,Online Transfer,23776.96,49,Zomato,UPI,Success
508597,102149,2029-10-09 12:43:00,Cash Withdrawal,29607.97,12,Myntra,Debit Card,Success
508598,102166,2029-10-15 00:42:00,Deposit,35438.98,25,Uber,Credit Card,Success
508599,102183,2029-10-20 12:41:00,UPI,41269.99,38,IRCTC,Net Banking,Success
508600,102200,2029-10-26 00:40:00,Card Payment,47100.0,1,Reliance,ATM,Success
508601,102217,2029-10-31 12:39:00,ATM Withdrawal,3031.01,14,DMart,UPI,Success
508602,102234,2029-11-06 00:38:00,Online Transfer,8862.02,27,Netflix,Debit Card,Success
508603,102251,2029-11-11 12:37:00,Cash Withdrawal,14693.03,40,PhonePe,Credit Card,Success
508604,102268,2029-11-17 00:36:00,Deposit,20524.04,3,Google Pay,Net Banking,Success
508605,102285,2029-11-22 12:35:00,UPI,26355.05,16,Amazon,ATM,Success
508606,102302,2029-11-28 00:34:00,Card Payment,32186.06,29,Flipkart,UPI,Success
508607,102319,2029-12-03 12:33:00,ATM Withdrawal,38017.07,42,Swiggy,Debit Card,Success
508608,102336,2029-12-09 00:32:00,Online Transfer,43848.08,5,Zomato,Credit Card,Success
508609,102353,2029-12-14 12:31:00,Cash Withdrawal,49679.09,18,Myntra,Net Banking,Success
508610,102370,2029-12-20 00:30:00,Deposit,5610.1,31,Uber,ATM,Success
508611,102387,2029-12-25 12:29:00,UPI,11441.11,44,IRCTC,UPI,Success
508612,102404,2029-12-31 00:28:00,Card Payment,17272.12,7,Reliance,Debit Card,Success
508613,102421,2030-01-05 12:27:00,ATM Withdrawal,23103.13,20,DMart,Credit Card,Success
508614,102438,2030-01-11 00:26:00,Online Transfer,28934.14,33,Netflix,Net Banking,Success
508615,102455,2030-01-16 12:25:00,Cash Withdrawal,34765.15,46,PhonePe,ATM,Success
508616,102472,2030-01-22 00:24:00,Deposit,40596.16,9,Google Pay,UPI,Success
508617,102489,2030-01-27 12:23:00,UPI,46427.17,22,Amazon,Debit Card,Success
508618,102506,2030-02-02 00:22:00,Card Payment,2358.18,35,Flipkart,Credit Card,Success
508619,102523,2030-02-07 12:21:00,ATM Withdrawal,8189.19,48,Swiggy,Net Banking,Success
508620,102540,2030-02-13 00:20:00,Online Transfer,14020.2,11,Zomato,ATM,Success
508621,102557,2030-02-18 12:19:00,Cash Withdrawal,19851.21,24,Myntra,UPI,Success
508622,102574,2030-02-24 00:18:00,Deposit,25682.22,37,Uber,Debit Card,Success
508623,102591,2030-03-01 12:17:00,UPI,31513.23,50,IRCTC,Credit Card,Success
508624,102608,2030-03-07 00:16:00,Card Payment,37344.24,13,Reliance,Net Banking,Success
508625,102625,2026-01-02 12:15:00,ATM Withdrawal,43175.25,26,DMart,ATM,Success
508626,102642,2026-01-08 00:14:00,Online Transfer,49006.26,39,Netflix,UPI,Success
508627,102659,2026-01-13 12:13:00,Cash Withdrawal,4937.27,2,PhonePe,Debit Card,Success
508628,102676,2026-01-19 00:12:00,Deposit,10768.28,15,Google Pay,Credit Card,Success
508629,102693,2026-01-24 12:11:00,UPI,16599.29,28,Amazon,Net Banking,Success
508630,102710,2026-01-30 00:10:00,Card Payment,22430.3,41,Flipkart,ATM,Success
508631,102727,2026-02-04 12:09:00,ATM Withdrawal,28261.31,4,Swiggy,UPI,Success
508632,102744,2026-02-10 00:08:00,Online Transfer,34092.32,17,Zomato,Debit Card,Success
508633,102761,2026-02-15 12:07:00,Cash Withdrawal,167227.0,30,Myntra,Credit Card,Success
508634,102778,2026-02-21 00:06:00,Deposit,45754.34,43,Uber,Net Banking,Success
508635,102795,2026-02-26 12:05:00,UPI,1685.35,6,IRCTC,ATM,Success
508636,102812,2026-03-04 00:04:00,Card Payment,562916.0,19,Reliance,UPI,Success
508637,102829,2026-03-09 12:03:00,ATM Withdrawal,13347.37,32,DMart,Debit Card,Success
508638,102846,2026-03-15 00:02:00,Online Transfer,19178.38,45,Netflix,Credit Card,Success
508639,102863,2026-03-20 12:01:00,Cash Withdrawal,25009.39,8,PhonePe,Net Banking,Success
508640,102880,2026-03-26 00:00:00,Deposit,30840.4,21,Google Pay,ATM,Success
508641,102897,2026-03-31 11:59:00,UPI,36671.41,34,Amazon,UPI,Success
508642,102914,2026-04-05 23:58:00,Card Payment,42502.42,47,Flipkart,Debit Card,Success
508643,102931,2026-04-11 11:57:00,ATM Withdrawal,48333.43,10,Swiggy,Credit Card,Pending
508644,102948,2026-04-16 23:56:00,Online Transfer,4264.44,23,Zomato,Net Banking,Success
508645,102965,2026-04-22 11:55:00,Cash Withdrawal,10095.45,36,Myntra,ATM,Success
508646,102982,2026-04-27 23:54:00,Deposit,15926.46,49,Uber,UPI,Success
508647,102999,2026-05-03 11:53:00,UPI,21757.47,12,IRCTC,Debit Card,Success
508648,100016,2026-05-08 23:52:00,Card Payment,27588.48,25,Reliance,Credit Card,Success
508649,100033,2026-05-14 11:51:00,ATM Withdrawal,33419.49,38,DMart,Net Banking,Success
508650,100050,2026-05-19 23:50:00,Online Transfer,39250.5,1,Netflix,ATM,Success
508651,100067,2026-05-25 11:49:00,Cash Withdrawal,45081.51,14,PhonePe,UPI,Success
508652,100084,2026-05-30 23:48:00,Deposit,1012.52,27,Google Pay,Debit Card,Success
508653,100101,2026-06-05 11:47:00,UPI,6843.53,40,Amazon,Credit Card,Success
508654,100118,2026-06-10 23:46:00,Card Payment,12674.54,3,Flipkart,Net Banking,Success
508655,100135,2026-06-16 11:45:00,ATM Withdrawal,18505.55,16,Swiggy,ATM,Success
508656,100152,2026-06-21 23:44:00,Online Transfer,24336.56,29,Zomato,UPI,Success
508657,100169,2026-06-27 11:43:00,Cash Withdrawal,30167.57,42,Myntra,Debit Card,Success
508658,100186,2026-07-02 23:42:00,Deposit,35998.58,5,Uber,Credit Card,Success
508659,100203,2026-07-08 11:41:00,UPI,41829.59,18,IRCTC,Net Banking,Success
508660,100220,2026-07-13 23:40:00,Card Payment,47660.6,31,Reliance,ATM,Success
508661,100237,2026-07-19 11:39:00,ATM Withdrawal,3591.61,44,DMart,UPI,Success
508662,100254,2026-07-24 23:38:00,Online Transfer,9422.62,7,Netflix,Debit Card,Success
508663,100271,2026-07-30 11:37:00,Cash Withdrawal,15253.63,20,PhonePe,Credit Card,Success
508664,100288,2026-08-04 23:36:00,Deposit,21084.64,33,Google Pay,Net Banking,Success
508665,100305,2026-08-10 11:35:00,UPI,26915.65,46,Amazon,ATM,Success
508666,100322,2026-08-15 23:34:00,Card Payment,32746.66,9,Flipkart,UPI,Success
508667,100339,2026-08-21 11:33:00,ATM Withdrawal,38577.67,22,Swiggy,Debit Card,Success
508668,100356,2026-08-26 23:32:00,Online Transfer,44408.68,35,Zomato,Credit Card,Success
508669,100373,2026-09-01 11:31:00,Cash Withdrawal,339.69,48,Myntra,Net Banking,Success
508670,100390,2026-09-06 23:30:00,Deposit,6170.7,11,Uber,ATM,Success
508671,100407,2026-09-12 11:29:00,UPI,12001.71,24,IRCTC,UPI,Success
508672,100424,2026-09-17 23:28:00,Card Payment,17832.72,37,Reliance,Debit Card,Success
508673,100441,2026-09-23 11:27:00,ATM Withdrawal,23663.73,50,DMart,Credit Card,Success
508674,100458,2026-09-28 23:26:00,Online Transfer,29494.74,13,Netflix,Net Banking,Success
508675,100475,2026-10-04 11:25:00,Cash Withdrawal,35325.75,26,PhonePe,ATM,Success
508676,100492,2026-10-09 23:24:00,Deposit,41156.76,39,Google Pay,UPI,Success
508677,100509,2026-10-15 11:23:00,UPI,46987.77,2,Amazon,Debit Card,Success
508678,100526,2026-10-20 23:22:00,Card Payment,2918.78,15,Flipkart,Credit Card,Success
508679,100543,2026-10-26 11:21:00,ATM Withdrawal,8749.79,28,Swiggy,Net Banking,Success
508680,100560,2026-10-31 23:20:00,Online Transfer,14580.8,41,Zomato,ATM,Success
508681,100577,2026-11-06 11:19:00,Cash Withdrawal,20411.81,4,Myntra,UPI,Success
508682,100594,2026-11-11 23:18:00,Deposit,26242.82,17,Uber,Debit Card,Success
508683,100611,2026-11-17 11:17:00,UPI,32073.83,30,IRCTC,Credit Card,Success
508684,100628,2026-11-22 23:16:00,Card Payment,37904.84,43,Reliance,Net Banking,Success
508685,100645,2026-11-28 11:15:00,ATM Withdrawal,43735.85,6,DMart,ATM,Success
508686,100662,2026-12-03 23:14:00,Online Transfer,49566.86,19,Netflix,UPI,Success
508687,100679,2026-12-09 11:13:00,Cash Withdrawal,5497.87,32,PhonePe,Debit Card,Success
508688,100696,2026-12-14 23:12:00,Deposit,11328.88,45,Google Pay,Credit Card,Success
508689,100713,2026-12-20 11:11:00,UPI,17159.89,8,Amazon,Net Banking,Success
508690,100730,2026-12-25 23:10:00,Card Payment,22990.9,21,Flipkart,ATM,Success
508691,100747,2026-12-31 11:09:00,ATM Withdrawal,28821.91,34,Swiggy,UPI,Success
508692,100764,2027-01-05 23:08:00,Online Transfer,34652.92,47,Zomato,Debit Card,Success
508693,100781,2027-01-11 11:07:00,Cash Withdrawal,40483.93,10,Myntra,Credit Card,Success
508694,100798,2027-01-16 23:06:00,Deposit,46314.94,23,Uber,Net Banking,Success
508695,100815,2027-01-22 11:05:00,UPI,2245.95,36,IRCTC,ATM,Success
508696,100832,2027-01-27 23:04:00,Card Payment,8076.96,49,Reliance,UPI,Success
508697,100849,2027-02-02 11:03:00,ATM Withdrawal,13907.97,12,DMart,Debit Card,Success
508698,100866,2027-02-07 23:02:00,Online Transfer,19738.98,25,Netflix,Credit Card,Success
508699,100883,2027-02-13 11:01:00,Cash Withdrawal,25569.99,38,PhonePe,Net Banking,Success
508700,100900,2027-02-18 23:00:00,Deposit,31400.0,1,Google Pay,ATM,Success
508701,100917,2027-02-24 10:59:00,UPI,37231.01,14,Amazon,UPI,Failed
508702,100934,2027-03-01 22:58:00,Card Payment,43062.02,27,Flipkart,Debit Card,Success
508703,100951,2027-03-07 10:57:00,ATM Withdrawal,48893.03,40,Swiggy,Credit Card,Success
508704,100968,2027-03-12 22:56:00,Online Transfer,4824.04,3,Zomato,Net Banking,Success
508705,100985,2027-03-18 10:55:00,Cash Withdrawal,10655.05,16,Myntra,ATM,Success
508706,101002,2027-03-23 22:54:00,Deposit,16486.06,29,Uber,UPI,Success
508707,101019,2027-03-29 10:53:00,UPI,22317.07,42,IRCTC,Debit Card,Success
508708,101036,2027-04-03 22:52:00,Card Payment,28148.08,5,Reliance,Credit Card,Success
508709,101053,2027-04-09 10:51:00,ATM Withdrawal,33979.09,18,DMart,Net Banking,Success
508710,101070,2027-04-14 22:50:00,Online Transfer,39810.1,31,Netflix,ATM,Pending
508711,101087,2027-04-20 10:49:00,Cash Withdrawal,45641.11,44,PhonePe,UPI,Success
508712,101104,2027-04-25 22:48:00,Deposit,1572.12,7,Google Pay,Debit Card,Success
508713,101121,2027-05-01 10:47:00,UPI,7403.13,20,Amazon,Credit Card,Success
508714,101138,2027-05-06 22:46:00,Card Payment,13234.14,33,Flipkart,Net Banking,Success
508715,101155,2027-05-12 10:45:00,ATM Withdrawal,19065.15,46,Swiggy,ATM,Success
508716,101172,2027-05-17 22:44:00,Online Transfer,24896.16,9,Zomato,UPI,Success
508717,101189,2027-05-23 10:43:00,Cash Withdrawal,30727.17,22,Myntra,Debit Card,Success
508718,101206,2027-05-28 22:42:00,Deposit,36558.18,35,Uber,Credit Card,Success
508719,101223,2027-06-03 10:41:00,UPI,42389.19,48,IRCTC,Net Banking,Success
508720,101240,2027-06-08 22:40:00,Card Payment,48220.2,11,Reliance,ATM,Success
508721,101257,2027-06-14 10:39:00,ATM Withdrawal,4151.21,24,DMart,UPI,Success
508722,101274,2027-06-19 22:38:00,Online Transfer,204518.0,37,Netflix,Debit Card,Success
508723,101291,2027-06-25 10:37:00,Cash Withdrawal,15813.23,50,PhonePe,Credit Card,Success
508724,101308,2027-06-30 22:36:00,Deposit,21644.24,13,Google Pay,Net Banking,Success
508725,101325,2027-07-06 10:35:00,UPI,27475.25,26,Amazon,ATM,Success
508726,101342,2027-07-11 22:34:00,Card Payment,33306.26,39,Flipkart,UPI,Success
508727,101359,2027-07-17 10:33:00,ATM Withdrawal,39137.27,2,Swiggy,Debit Card,Success
508728,101376,2027-07-22 22:32:00,Online Transfer,44968.28,15,Zomato,Credit Card,Success
508729,101393,2027-07-28 10:31:00,Cash Withdrawal,899.29,28,Myntra,Net Banking,Success
508730,101410,2027-08-02 22:30:00,Deposit,6730.3,41,Uber,ATM,Success
508731,101427,2027-08-08 10:29:00,UPI,12561.31,4,IRCTC,UPI,Success
508732,101444,2027-08-13 22:28:00,Card Payment,18392.32,17,Reliance,Debit Card,Success
508733,101461,2027-08-19 10:27:00,ATM Withdrawal,24223.33,30,DMart,Credit Card,Success
508734,101478,2027-08-24 22:26:00,Online Transfer,30054.34,43,Netflix,Net Banking,Success
508735,101495,2027-08-30 10:25:00,Cash Withdrawal,35885.35,6,PhonePe,ATM,Success
508736,101512,2027-09-04 22:24:00,Deposit,41716.36,19,Google Pay,UPI,Success
508737,101529,2027-09-10 10:23:00,UPI,47547.37,32,Amazon,Debit Card,Success
508738,101546,2027-09-15 22:22:00,Card Payment,3478.38,45,Flipkart,Credit Card,Success
508739,101563,2027-09-21 10:21:00,ATM Withdrawal,9309.39,8,Swiggy,Net Banking,Success
508740,101580,2027-09-26 22:20:00,Online Transfer,15140.4,21,Zomato,ATM,Success
508741,101597,2027-10-02 10:19:00,Cash Withdrawal,20971.41,34,Myntra,UPI,Success
508742,101614,2027-10-07 22:18:00,Deposit,26802.42,47,Uber,Debit Card,Success
508743,101631,2027-10-13 10:17:00,UPI,32633.43,10,IRCTC,Credit Card,Success
508744,101648,2027-10-18 22:16:00,Card Payment,38464.44,23,Reliance,Net Banking,Success
508745,101665,2027-10-24 10:15:00,ATM Withdrawal,44295.45,36,DMart,ATM,Success
508746,101682,2027-10-29 22:14:00,Online Transfer,226.46,49,Netflix,UPI,Success
508747,101699,2027-11-04 10:13:00,Cash Withdrawal,6057.47,12,PhonePe,Debit Card,Success
508748,101716,2027-11-09 22:12:00,Deposit,11888.48,25,Google Pay,Credit Card,Success
508749,101733,2027-11-15 10:11:00,UPI,17719.49,38,Amazon,Net Banking,Success
508750,101750,2027-11-20 22:10:00,Card Payment,23550.5,1,Flipkart,ATM,Success
508751,101767,2027-11-26 10:09:00,ATM Withdrawal,29381.51,14,Swiggy,UPI,Success
508752,101784,2027-12-01 22:08:00,Online Transfer,35212.52,27,Zomato,Debit Card,Success
508753,101801,2027-12-07 10:07:00,Cash Withdrawal,41043.53,40,Myntra,Credit Card,Success
508754,101818,2027-12-12 22:06:00,Deposit,46874.54,3,Uber,Net Banking,Success
508755,101835,2027-12-18 10:05:00,UPI,2805.55,16,IRCTC,ATM,Success
508756,101852,2027-12-23 22:04:00,Card Payment,8636.56,29,Reliance,UPI,Success
508757,101869,2027-12-29 10:03:00,ATM Withdrawal,14467.57,42,DMart,Debit Card,Success
508758,101886,2028-01-03 22:02:00,Online Transfer,20298.58,5,Netflix,Credit Card,Success
508759,101903,2028-01-09 10:01:00,Cash Withdrawal,26129.59,18,PhonePe,Net Banking,Success
508760,101920,2028-01-14 22:00:00,Deposit,31960.6,31,Google Pay,ATM,Success
508761,101937,2028-01-20 09:59:00,UPI,37791.61,44,Amazon,UPI,Success
508762,101954,2028-01-25 21:58:00,Card Payment,43622.62,7,Flipkart,Debit Card,Success
508763,101971,2028-01-31 09:57:00,ATM Withdrawal,655753.0,20,Swiggy,Credit Card,Success
508764,101988,2028-02-05 21:56:00,Online Transfer,5384.64,33,Zomato,Net Banking,Success
508765,102005,2028-02-11 09:55:00,Cash Withdrawal,11215.65,46,Myntra,ATM,Success
508766,102022,2028-02-16 21:54:00,Deposit,17046.66,9,Uber,UPI,Success
508767,102039,2028-02-22 09:53:00,UPI,22877.67,22,IRCTC,Debit Card,Success
508768,102056,2028-02-27 21:52:00,Card Payment,28708.68,35,Reliance,Credit Card,Success
508769,102073,2028-03-04 09:51:00,ATM Withdrawal,34539.69,48,DMart,Net Banking,Success
508770,102090,2028-03-09 21:50:00,Online Transfer,40370.7,11,Netflix,ATM,Success
508771,102107,2028-03-15 09:49:00,Cash Withdrawal,46201.71,24,PhonePe,UPI,Success
508772,102124,2028-03-20 21:48:00,Deposit,2132.72,37,Google Pay,Debit Card,Success
508773,102141,2028-03-26 09:47:00,UPI,7963.73,50,Amazon,Credit Card,Success
508774,102158,2028-03-31 21:46:00,Card Payment,13794.74,13,Flipkart,Net Banking,Success
508775,102175,2028-04-06 09:45:00,ATM Withdrawal,19625.75,26,Swiggy,ATM,Success
508776,102192,2028-04-11 21:44:00,Online Transfer,25456.76,39,Zomato,UPI,Success
508777,102209,2028-04-17 09:43:00,Cash Withdrawal,31287.77,2,Myntra,Debit Card,Pending
508778,102226,2028-04-22 21:42:00,Deposit,37118.78,15,Uber,Credit Card,Success
508779,102243,2028-04-28 09:41:00,UPI,42949.79,28,IRCTC,Net Banking,Success
508780,102260,2028-05-03 21:40:00,Card Payment,48780.8,41,Reliance,ATM,Success
508781,102277,2028-05-09 09:39:00,ATM Withdrawal,4711.81,4,DMart,UPI,Success
508782,102294,2028-05-14 21:38:00,Online Transfer,10542.82,17,Netflix,Debit Card,Success
508783,102311,2028-05-20 09:37:00,Cash Withdrawal,16373.83,30,PhonePe,Credit Card,Success
508784,102328,2028-05-25 21:36:00,Deposit,22204.84,43,Google Pay,Net Banking,Success
508785,102345,2028-05-31 09:35:00,UPI,28035.85,6,Amazon,ATM,Success
508786,102362,2028-06-05 21:34:00,Card Payment,33866.86,19,Flipkart,UPI,Success
508787,102379,2028-06-11 09:33:00,ATM Withdrawal,39697.87,32,Swiggy,Debit Card,Success
508788,102396,2028-06-16 21:32:00,Online Transfer,45528.88,45,Zomato,Credit Card,Success
508789,102413,2028-06-22 09:31:00,Cash Withdrawal,1459.89,8,Myntra,Net Banking,Success
508790,102430,2028-06-27 21:30:00,Deposit,7290.9,21,Uber,ATM,Success
508791,102447,2028-07-03 09:29:00,UPI,13121.91,34,IRCTC,UPI,Success
508792,102464,2028-07-08 21:28:00,Card Payment,18952.92,47,Reliance,Debit Card,Success
508793,102481,2028-07-14 09:27:00,ATM Withdrawal,24783.93,10,DMart,Credit Card,Success
508794,102498,2028-07-19 21:26:00,Online Transfer,30614.94,23,Netflix,Net Banking,Success
508795,102515,2028-07-25 09:25:00,Cash Withdrawal,36445.95,36,PhonePe,ATM,Success
508796,102532,2028-07-30 21:24:00,Deposit,42276.96,49,Google Pay,UPI,Success
508797,102549,2028-08-05 09:23:00,UPI,48107.97,12,Amazon,Debit Card,Success
508798,102566,2028-08-10 21:22:00,Card Payment,4038.98,25,Flipkart,Credit Card,Success
508799,102583,2028-08-16 09:21:00,ATM Withdrawal,9869.99,38,Swiggy,Net Banking,Success
508800,102600,2028-08-21 21:20:00,Online Transfer,15700.0,1,Zomato,ATM,Success
508801,102617,2028-08-27 09:19:00,Cash Withdrawal,21531.01,14,Myntra,UPI,Success
508802,102634,2028-09-01 21:18:00,Deposit,27362.02,27,Uber,Debit Card,Success
508803,102651,2028-09-07 09:17:00,UPI,33193.03,40,IRCTC,Credit Card,Success
508804,102668,2028-09-12 21:16:00,Card Payment,39024.04,3,Reliance,Net Banking,Success
508805,102685,2028-09-18 09:15:00,ATM Withdrawal,44855.05,16,DMart,ATM,Success
508806,102702,2028-09-23 21:14:00,Online Transfer,786.06,29,Netflix,UPI,Success
508807,102719,2028-09-29 09:13:00,Cash Withdrawal,6617.07,42,PhonePe,Debit Card,Success
508808,102736,2028-10-04 21:12:00,Deposit,12448.08,5,Google Pay,Credit Card,Success
508809,102753,2028-10-10 09:11:00,UPI,18279.09,18,Amazon,Net Banking,Success
508810,102770,2028-10-15 21:10:00,Card Payment,24110.1,31,Flipkart,ATM,Success
508811,102787,2028-10-21 09:09:00,ATM Withdrawal,241809.0,44,Swiggy,UPI,Success
508812,102804,2028-10-26 21:08:00,Online Transfer,35772.12,7,Zomato,Debit Card,Success
508813,102821,2028-11-01 09:07:00,Cash Withdrawal,41603.13,20,Myntra,Credit Card,Success
508814,102838,2028-11-06 21:06:00,Deposit,47434.14,33,Uber,Net Banking,Failed
508815,102855,2028-11-12 09:05:00,UPI,3365.15,46,IRCTC,ATM,Success
508816,102872,2028-11-17 21:04:00,Card Payment,9196.16,9,Reliance,UPI,Success
508817,102889,2028-11-23 09:03:00,ATM Withdrawal,15027.17,22,DMart,Debit Card,Success
508818,102906,2028-11-28 21:02:00,Online Transfer,20858.18,35,Netflix,Credit Card,Success
508819,102923,2028-12-04 09:01:00,Cash Withdrawal,26689.19,48,PhonePe,Net Banking,Success
508820,102940,2028-12-09 21:00:00,Deposit,32520.2,11,Google Pay,ATM,Success
508821,102957,2028-12-15 08:59:00,UPI,38351.21,24,Amazon,UPI,Success
508822,102974,2028-12-20 20:58:00,Card Payment,44182.22,37,Flipkart,Debit Card,Success
508823,102991,2028-12-26 08:57:00,ATM Withdrawal,113.23,50,Swiggy,Credit Card,Success
508824,100008,2028-12-31 20:56:00,Online Transfer,5944.24,13,Zomato,Net Banking,Success
508825,100025,2029-01-06 08:55:00,Cash Withdrawal,11775.25,26,Myntra,ATM,Success
508826,100042,2029-01-11 20:54:00,Deposit,17606.26,39,Uber,UPI,Success
508827,100059,2029-01-17 08:53:00,UPI,23437.27,2,IRCTC,Debit Card,Success
508828,100076,2029-01-22 20:52:00,Card Payment,29268.28,15,Reliance,Credit Card,Success
508829,100093,2029-01-28 08:51:00,ATM Withdrawal,35099.29,28,DMart,Net Banking,Success
508830,100110,2029-02-02 20:50:00,Online Transfer,40930.3,41,Netflix,ATM,Success
508831,100127,2029-02-08 08:49:00,Cash Withdrawal,46761.31,4,PhonePe,UPI,Success
508832,100144,2029-02-13 20:48:00,Deposit,2692.32,17,Google Pay,Debit Card,Success
508833,100161,2029-02-19 08:47:00,UPI,8523.33,30,Amazon,Credit Card,Success
508834,100178,2029-02-24 20:46:00,Card Payment,14354.34,43,Flipkart,Net Banking,Success
508835,100195,2029-03-02 08:45:00,ATM Withdrawal,20185.35,6,Swiggy,ATM,Success
508836,100212,2029-03-07 20:44:00,Online Transfer,26016.36,19,Zomato,UPI,Success
508837,100229,2029-03-13 08:43:00,Cash Withdrawal,31847.37,32,Myntra,Debit Card,Success
508838,100246,2029-03-18 20:42:00,Deposit,37678.38,45,Uber,Credit Card,Success
508839,100263,2029-03-24 08:41:00,UPI,43509.39,8,IRCTC,Net Banking,Success
508840,100280,2029-03-29 20:40:00,Card Payment,49340.4,21,Reliance,ATM,Success
508841,100297,2029-04-04 08:39:00,ATM Withdrawal,5271.41,34,DMart,UPI,Success
508842,100314,2029-04-09 20:38:00,Online Transfer,11102.42,47,Netflix,Debit Card,Success
508843,100331,2029-04-15 08:37:00,Cash Withdrawal,16933.43,10,PhonePe,Credit Card,Success
508844,100348,2029-04-20 20:36:00,Deposit,22764.44,23,Google Pay,Net Banking,Pending
508845,100365,2029-04-26 08:35:00,UPI,28595.45,36,Amazon,ATM,Success
508846,100382,2029-05-01 20:34:00,Card Payment,34426.46,49,Flipkart,UPI,Success
508847,100399,2029-05-07 08:33:00,ATM Withdrawal,40257.47,12,Swiggy,Debit Card,Success
508848,100416,2029-05-12 20:32:00,Online Transfer,46088.48,25,Zomato,Credit Card,Success
508849,100433,2029-05-18 08:31:00,Cash Withdrawal,2019.49,38,Myntra,Net Banking,Success
508850,100450,2029-05-23 20:30:00,Deposit,7850.5,1,Uber,ATM,Success
508851,100467,2029-05-29 08:29:00,UPI,13681.51,14,IRCTC,UPI,Success
508852,100484,2029-06-03 20:28:00,Card Payment,19512.52,27,Reliance,Debit Card,Success
508853,100501,2029-06-09 08:27:00,ATM Withdrawal,25343.53,40,DMart,Credit Card,Success
508854,100518,2029-06-14 20:26:00,Online Transfer,31174.54,3,Netflix,Net Banking,Success
508855,100535,2029-06-20 08:25:00,Cash Withdrawal,37005.55,16,PhonePe,ATM,Success
508856,100552,2029-06-25 20:24:00,Deposit,42836.56,29,Google Pay,UPI,Success
508857,100569,2029-07-01 08:23:00,UPI,48667.57,42,Amazon,Debit Card,Success
508858,100586,2029-07-06 20:22:00,Card Payment,4598.58,5,Flipkart,Credit Card,Success
508859,100603,2029-07-12 08:21:00,ATM Withdrawal,10429.59,18,Swiggy,Net Banking,Success
508860,100620,2029-07-17 20:20:00,Online Transfer,16260.6,31,Zomato,ATM,Success
508861,100637,2029-07-23 08:19:00,Cash Withdrawal,22091.61,44,Myntra,UPI,Success
508862,100654,2029-07-28 20:18:00,Deposit,27922.62,7,Uber,Debit Card,Success
508863,100671,2029-08-03 08:17:00,UPI,33753.63,20,IRCTC,Credit Card,Success
508864,100688,2029-08-08 20:16:00,Card Payment,39584.64,33,Reliance,Net Banking,Success
508865,100705,2029-08-14 08:15:00,ATM Withdrawal,45415.65,46,DMart,ATM,Success
508866,100722,2029-08-19 20:14:00,Online Transfer,1346.66,9,Netflix,UPI,Success
508867,100739,2029-08-25 08:13:00,Cash Withdrawal,7177.67,22,PhonePe,Debit Card,Success
508868,100756,2029-08-30 20:12:00,Deposit,13008.68,35,Google Pay,Credit Card,Success
508869,100773,2029-09-05 08:11:00,UPI,18839.69,48,Amazon,Net Banking,Success
508870,100790,2029-09-10 20:10:00,Card Payment,24670.7,11,Flipkart,ATM,Success
508871,100807,2029-09-16 08:09:00,ATM Withdrawal,30501.71,24,Swiggy,UPI,Success
508872,100824,2029-09-21 20:08:00,Online Transfer,36332.72,37,Zomato,Debit Card,Success
508873,100841,2029-09-27 08:07:00,Cash Withdrawal,42163.73,50,Myntra,Credit Card,Success
508874,100858,2029-10-02 20:06:00,Deposit,47994.74,13,Uber,Net Banking,Success
508875,100875,2029-10-08 08:05:00,UPI,3925.75,26,IRCTC,ATM,Success
508876,100892,2029-10-13 20:04:00,Card Payment,9756.76,39,Reliance,UPI,Success
508877,100909,2029-10-19 08:03:00,ATM Withdrawal,15587.77,2,DMart,Debit Card,Success
508878,100926,2029-10-24 20:02:00,Online Transfer,21418.78,15,Netflix,Credit Card,Success
508879,100943,2029-10-30 08:01:00,Cash Withdrawal,27249.79,28,PhonePe,Net Banking,Success
508880,100960,2029-11-04 20:00:00,Deposit,33080.8,41,Google Pay,ATM,Success
508881,100977,2029-11-10 07:59:00,UPI,38911.81,4,Amazon,UPI,Success
508882,100994,2029-11-15 19:58:00,Card Payment,44742.82,17,Flipkart,Debit Card,Success
508883,101011,2029-11-21 07:57:00,ATM Withdrawal,673.83,30,Swiggy,Credit Card,Success
508884,101028,2029-11-26 19:56:00,Online Transfer,6504.84,43,Zomato,Net Banking,Success
508885,101045,2029-12-02 07:55:00,Cash Withdrawal,12335.85,6,Myntra,ATM,Success
508886,101062,2029-12-07 19:54:00,Deposit,18166.86,19,Uber,UPI,Success
508887,101079,2029-12-13 07:53:00,UPI,23997.87,32,IRCTC,Debit Card,Success
508888,101096,2029-12-18 19:52:00,Card Payment,29828.88,45,Reliance,Credit Card,Success
508889,101113,2029-12-24 07:51:00,ATM Withdrawal,35659.89,8,DMart,Net Banking,Success
508890,101130,2029-12-29 19:50:00,Online Transfer,748590.0,21,Netflix,ATM,Success
508891,101147,2030-01-04 07:49:00,Cash Withdrawal,47321.91,34,PhonePe,UPI,Success
508892,101164,2030-01-09 19:48:00,Deposit,3252.92,47,Google Pay,Debit Card,Success
508893,101181,2030-01-15 07:47:00,UPI,9083.93,10,Amazon,Credit Card,Success
508894,101198,2030-01-20 19:46:00,Card Payment,14914.94,23,Flipkart,Net Banking,Success
508895,101215,2030-01-26 07:45:00,ATM Withdrawal,20745.95,36,Swiggy,ATM,Success
508896,101232,2030-01-31 19:44:00,Online Transfer,26576.96,49,Zomato,UPI,Success
508897,101249,2030-02-06 07:43:00,Cash Withdrawal,32407.97,12,Myntra,Debit Card,Success
508898,101266,2030-02-11 19:42:00,Deposit,38238.98,25,Uber,Credit Card,Success
508899,101283,2030-02-17 07:41:00,UPI,44069.99,38,IRCTC,Net Banking,Success
508900,101300,2030-02-22 19:40:00,Card Payment,279100.0,1,Reliance,ATM,Success
508901,101317,2030-02-28 07:39:00,ATM Withdrawal,5831.01,14,DMart,UPI,Success
508902,101334,2030-03-05 19:38:00,Online Transfer,11662.02,27,Netflix,Debit Card,Success
508903,101351,2026-01-01 07:37:00,Cash Withdrawal,17493.03,40,PhonePe,Credit Card,Success
508904,101368,2026-01-06 19:36:00,Deposit,23324.04,3,Google Pay,Net Banking,Success
508905,101385,2026-01-12 07:35:00,UPI,29155.05,16,Amazon,ATM,Success
508906,101402,2026-01-17 19:34:00,Card Payment,34986.06,29,Flipkart,UPI,Success
508907,101419,2026-01-23 07:33:00,ATM Withdrawal,40817.07,42,Swiggy,Debit Card,Success
508908,101436,2026-01-28 19:32:00,Online Transfer,46648.08,5,Zomato,Credit Card,Success
508909,101453,2026-02-03 07:31:00,Cash Withdrawal,2579.09,18,Myntra,Net Banking,Success
508910,101470,2026-02-08 19:30:00,Deposit,8410.1,31,Uber,ATM,Success
508911,101487,2026-02-14 07:29:00,UPI,14241.11,44,IRCTC,UPI,Pending
508912,101504,2026-02-19 19:28:00,Card Payment,20072.12,7,Reliance,Debit Card,Success
508913,101521,2026-02-25 07:27:00,ATM Withdrawal,25903.13,20,DMart,Credit Card,Success
508914,101538,2026-03-02 19:26:00,Online Transfer,31734.14,33,Netflix,Net Banking,Success
508915,101555,2026-03-08 07:25:00,Cash Withdrawal,37565.15,46,PhonePe,ATM,Success
508916,101572,2026-03-13 19:24:00,Deposit,43396.16,9,Google Pay,UPI,Success
508917,101589,2026-03-19 07:23:00,UPI,49227.17,22,Amazon,Debit Card,Success
508918,101606,2026-03-24 19:22:00,Card Payment,5158.18,35,Flipkart,Credit Card,Success
508919,101623,2026-03-30 07:21:00,ATM Withdrawal,10989.19,48,Swiggy,Net Banking,Success
508920,101640,2026-04-04 19:20:00,Online Transfer,16820.2,11,Zomato,ATM,Success
508921,101657,2026-04-10 07:19:00,Cash Withdrawal,22651.21,24,Myntra,UPI,Success
508922,101674,2026-04-15 19:18:00,Deposit,28482.22,37,Uber,Debit Card,Success
508923,101691,2026-04-21 07:17:00,UPI,34313.23,50,IRCTC,Credit Card,Success
508924,101708,2026-04-26 19:16:00,Card Payment,40144.24,13,Reliance,Net Banking,Success
508925,101725,2026-05-02 07:15:00,ATM Withdrawal,45975.25,26,DMart,ATM,Success
508926,101742,2026-05-07 19:14:00,Online Transfer,1906.26,39,Netflix,UPI,Success
508927,101759,2026-05-13 07:13:00,Cash Withdrawal,7737.27,2,PhonePe,Debit Card,Failed
508928,101776,2026-05-18 19:12:00,Deposit,13568.28,15,Google Pay,Credit Card,Success
508929,101793,2026-05-24 07:11:00,UPI,19399.29,28,Amazon,Net Banking,Success
508930,101810,2026-05-29 19:10:00,Card Payment,25230.3,41,Flipkart,ATM,Success
508931,101827,2026-06-04 07:09:00,ATM Withdrawal,31061.31,4,Swiggy,UPI,Success
508932,101844,2026-06-09 19:08:00,Online Transfer,36892.32,17,Zomato,Debit Card,Success
508933,101861,2026-06-15 07:07:00,Cash Withdrawal,42723.33,30,Myntra,Credit Card,Success
508934,101878,2026-06-20 19:06:00,Deposit,48554.34,43,Uber,Net Banking,Success
508935,101895,2026-06-26 07:05:00,UPI,4485.35,6,IRCTC,ATM,Success
508936,101912,2026-07-01 19:04:00,Card Payment,10316.36,19,Reliance,UPI,Success
508937,101929,2026-07-07 07:03:00,ATM Withdrawal,16147.37,32,DMart,Debit Card,Success
508938,101946,2026-07-12 19:02:00,Online Transfer,21978.38,45,Netflix,Credit Card,Success
508939,101963,2026-07-18 07:01:00,Cash Withdrawal,27809.39,8,PhonePe,Net Banking,Success
508940,101980,2026-07-23 19:00:00,Deposit,33640.4,21,Google Pay,ATM,Success
508941,101997,2026-07-29 06:59:00,UPI,39471.41,34,Amazon,UPI,Success
508942,102014,2026-08-03 18:58:00,Card Payment,45302.42,47,Flipkart,Debit Card,Success
508943,102031,2026-08-09 06:57:00,ATM Withdrawal,1233.43,10,Swiggy,Credit Card,Success
508944,102048,2026-08-14 18:56:00,Online Transfer,7064.44,23,Zomato,Net Banking,Success
508945,102065,2026-08-20 06:55:00,Cash Withdrawal,12895.45,36,Myntra,ATM,Success
508946,102082,2026-08-25 18:54:00,Deposit,18726.46,49,Uber,UPI,Success
508947,102099,2026-08-31 06:53:00,UPI,24557.47,12,IRCTC,Debit Card,Success
508948,102116,2026-09-05 18:52:00,Card Payment,30388.48,25,Reliance,Credit Card,Success
508949,102133,2026-09-11 06:51:00,ATM Withdrawal,36219.49,38,DMart,Net Banking,Success
508950,102150,2026-09-16 18:50:00,Online Transfer,42050.5,1,Netflix,ATM,Success
508951,102167,2026-09-22 06:49:00,Cash Withdrawal,47881.51,14,PhonePe,UPI,Success
508952,102184,2026-09-27 18:48:00,Deposit,3812.52,27,Google Pay,Debit Card,Success
508953,102201,2026-10-03 06:47:00,UPI,9643.53,40,Amazon,Credit Card,Success
508954,102218,2026-10-08 18:46:00,Card Payment,15474.54,3,Flipkart,Net Banking,Success
508955,102235,2026-10-14 06:45:00,ATM Withdrawal,21305.55,16,Swiggy,ATM,Success
508956,102252,2026-10-19 18:44:00,Online Transfer,27136.56,29,Zomato,UPI,Success
508957,102269,2026-10-25 06:43:00,Cash Withdrawal,32967.57,42,Myntra,Debit Card,Success
508958,102286,2026-10-30 18:42:00,Deposit,38798.58,5,Uber,Credit Card,Success
508959,102303,2026-11-05 06:41:00,UPI,44629.59,18,IRCTC,Net Banking,Success
508960,102320,2026-11-10 18:40:00,Card Payment,560.6,31,Reliance,ATM,Success
508961,102337,2026-11-16 06:39:00,ATM Withdrawal,6391.61,44,DMart,UPI,Success
508962,102354,2026-11-21 18:38:00,Online Transfer,12222.62,7,Netflix,Debit Card,Success
508963,102371,2026-11-27 06:37:00,Cash Withdrawal,18053.63,20,PhonePe,Credit Card,Success
508964,102388,2026-12-02 18:36:00,Deposit,23884.64,33,Google Pay,Net Banking,Success
508965,102405,2026-12-08 06:35:00,UPI,29715.65,46,Amazon,ATM,Success
508966,102422,2026-12-13 18:34:00,Card Payment,35546.66,9,Flipkart,UPI,Success
508967,102439,2026-12-19 06:33:00,ATM Withdrawal,41377.67,22,Swiggy,Debit Card,Success
508968,102456,2026-12-24 18:32:00,Online Transfer,47208.68,35,Zomato,Credit Card,Success
508969,102473,2026-12-30 06:31:00,Cash Withdrawal,3139.69,48,Myntra,Net Banking,Success
508970,102490,2027-01-04 18:30:00,Deposit,8970.7,11,Uber,ATM,Success
508971,102507,2027-01-10 06:29:00,UPI,14801.71,24,IRCTC,UPI,Success
508972,102524,2027-01-15 18:28:00,Card Payment,20632.72,37,Reliance,Debit Card,Success
508973,102541,2027-01-21 06:27:00,ATM Withdrawal,26463.73,50,DMart,Credit Card,Success
508974,102558,2027-01-26 18:26:00,Online Transfer,32294.74,13,Netflix,Net Banking,Success
508975,102575,2027-02-01 06:25:00,Cash Withdrawal,38125.75,26,PhonePe,ATM,Success
508976,102592,2027-02-06 18:24:00,Deposit,43956.76,39,Google Pay,UPI,Success
508977,102609,2027-02-12 06:23:00,UPI,49787.77,2,Amazon,Debit Card,Success
508978,102626,2027-02-17 18:22:00,Card Payment,5718.78,15,Flipkart,Credit Card,Pending
508979,102643,2027-02-23 06:21:00,ATM Withdrawal,11549.79,28,Swiggy,Net Banking,Success
508980,102660,2027-02-28 18:20:00,Online Transfer,17380.8,41,Zomato,ATM,Success
508981,102677,2027-03-06 06:19:00,Cash Withdrawal,23211.81,4,Myntra,UPI,Success
508982,102694,2027-03-11 18:18:00,Deposit,29042.82,17,Uber,Debit Card,Success
508983,102711,2027-03-17 06:17:00,UPI,34873.83,30,IRCTC,Credit Card,Success
508984,102728,2027-03-22 18:16:00,Card Payment,40704.84,43,Reliance,Net Banking,Success
508985,102745,2027-03-28 06:15:00,ATM Withdrawal,46535.85,6,DMart,ATM,Success
508986,102762,2027-04-02 18:14:00,Online Transfer,2466.86,19,Netflix,UPI,Success
508987,102779,2027-04-08 06:13:00,Cash Withdrawal,8297.87,32,PhonePe,Debit Card,Success
508988,102796,2027-04-13 18:12:00,Deposit,14128.88,45,Google Pay,Credit Card,Success
508989,102813,2027-04-19 06:11:00,UPI,316391.0,8,Amazon,Net Banking,Success
508990,102830,2027-04-24 18:10:00,Card Payment,25790.9,21,Flipkart,ATM,Success
508991,102847,2027-04-30 06:09:00,ATM Withdrawal,31621.91,34,Swiggy,UPI,Success
508992,102864,2027-05-05 18:08:00,Online Transfer,37452.92,47,Zomato,Debit Card,Success
508993,102881,2027-05-11 06:07:00,Cash Withdrawal,43283.93,10,Myntra,Credit Card,Success
508994,102898,2027-05-16 18:06:00,Deposit,49114.94,23,Uber,Net Banking,Success
508995,102915,2027-05-22 06:05:00,UPI,5045.95,36,IRCTC,ATM,Success
508996,102932,2027-05-27 18:04:00,Card Payment,10876.96,49,Reliance,UPI,Success
508997,102949,2027-06-02 06:03:00,ATM Withdrawal,16707.97,12,DMart,Debit Card,Success
508998,102966,2027-06-07 18:02:00,Online Transfer,22538.98,25,Netflix,Credit Card,Success
508999,102983,2027-06-13 06:01:00,Cash Withdrawal,28369.99,38,PhonePe,Net Banking,Success
509000,100000,2027-06-18 18:00:00,Deposit,34200.0,1,Google Pay,ATM,Success
509001,100017,2027-06-24 05:59:00,UPI,40031.01,14,Amazon,UPI,Success
509002,100034,2027-06-29 17:58:00,Card Payment,45862.02,27,Flipkart,Debit Card,Success
509003,100051,2027-07-05 05:57:00,ATM Withdrawal,1793.03,40,Swiggy,Credit Card,Success
509004,100068,2027-07-10 17:56:00,Online Transfer,7624.04,3,Zomato,Net Banking,Success
509005,100085,2027-07-16 05:55:00,Cash Withdrawal,13455.05,16,Myntra,ATM,Success
509006,100102,2027-07-21 17:54:00,Deposit,19286.06,29,Uber,UPI,Success
509007,100119,2027-07-27 05:53:00,UPI,25117.07,42,IRCTC,Debit Card,Success
509008,100136,2027-08-01 17:52:00,Card Payment,30948.08,5,Reliance,Credit Card,Success
509009,100153,2027-08-07 05:51:00,ATM Withdrawal,36779.09,18,DMart,Net Banking,Success
509010,100170,2027-08-12 17:50:00,Online Transfer,42610.1,31,Netflix,ATM,Success
509011,100187,2027-08-18 05:49:00,Cash Withdrawal,48441.11,44,PhonePe,UPI,Success
509012,100204,2027-08-23 17:48:00,Deposit,4372.12,7,Google Pay,Debit Card,Success
509013,100221,2027-08-29 05:47:00,UPI,10203.13,20,Amazon,Credit Card,Success
509014,100238,2027-09-03 17:46:00,Card Payment,16034.14,33,Flipkart,Net Banking,Success
509015,100255,2027-09-09 05:45:00,ATM Withdrawal,21865.15,46,Swiggy,ATM,Success
509016,100272,2027-09-14 17:44:00,Online Transfer,27696.16,9,Zomato,UPI,Success
509017,100289,2027-09-20 05:43:00,Cash Withdrawal,841427.0,22,Myntra,Debit Card,Success
509018,100306,2027-09-25 17:42:00,Deposit,39358.18,35,Uber,Credit Card,Success
509019,100323,2027-10-01 05:41:00,UPI,45189.19,48,IRCTC,Net Banking,Success
509020,100340,2027-10-06 17:40:00,Card Payment,1120.2,11,Reliance,ATM,Success
509021,100357,2027-10-12 05:39:00,ATM Withdrawal,6951.21,24,DMart,UPI,Success
509022,100374,2027-10-17 17:38:00,Online Transfer,12782.22,37,Netflix,Debit Card,Success
509023,100391,2027-10-23 05:37:00,Cash Withdrawal,18613.23,50,PhonePe,Credit Card,Success
509024,100408,2027-10-28 17:36:00,Deposit,24444.24,13,Google Pay,Net Banking,Success
509025,100425,2027-11-03 05:35:00,UPI,30275.25,26,Amazon,ATM,Success
509026,100442,2027-11-08 17:34:00,Card Payment,36106.26,39,Flipkart,UPI,Success
509027,100459,2027-11-14 05:33:00,ATM Withdrawal,41937.27,2,Swiggy,Debit Card,Success
509028,100476,2027-11-19 17:32:00,Online Transfer,47768.28,15,Zomato,Credit Card,Success
509029,100493,2027-11-25 05:31:00,Cash Withdrawal,3699.29,28,Myntra,Net Banking,Success
509030,100510,2027-11-30 17:30:00,Deposit,9530.3,41,Uber,ATM,Success
509031,100527,2027-12-06 05:29:00,UPI,15361.31,4,IRCTC,UPI,Success
509032,100544,2027-12-11 17:28:00,Card Payment,21192.32,17,Reliance,Debit Card,Success
509033,100561,2027-12-17 05:27:00,ATM Withdrawal,27023.33,30,DMart,Credit Card,Success
509034,100578,2027-12-22 17:26:00,Online Transfer,32854.34,43,Netflix,Net Banking,Success
509035,100595,2027-12-28 05:25:00,Cash Withdrawal,38685.35,6,PhonePe,ATM,Success
509036,100612,2028-01-02 17:24:00,Deposit,44516.36,19,Google Pay,UPI,Success
509037,100629,2028-01-08 05:23:00,UPI,447.37,32,Amazon,Debit Card,Success
509038,100646,2028-01-13 17:22:00,Card Payment,6278.38,45,Flipkart,Credit Card,Success
509039,100663,2028-01-19 05:21:00,ATM Withdrawal,12109.39,8,Swiggy,Net Banking,Success
509040,100680,2028-01-24 17:20:00,Online Transfer,17940.4,21,Zomato,ATM,Failed
509041,100697,2028-01-30 05:19:00,Cash Withdrawal,23771.41,34,Myntra,UPI,Success
509042,100714,2028-02-04 17:18:00,Deposit,29602.42,47,Uber,Debit Card,Success
509043,100731,2028-02-10 05:17:00,UPI,35433.43,10,IRCTC,Credit Card,Success
509044,100748,2028-02-15 17:16:00,Card Payment,41264.44,23,Reliance,Net Banking,Success
509045,100765,2028-02-21 05:15:00,ATM Withdrawal,47095.45,36,DMart,ATM,Pending
509046,100782,2028-02-26 17:14:00,Online Transfer,3026.46,49,Netflix,UPI,Success
509047,100799,2028-03-03 05:13:00,Cash Withdrawal,8857.47,12,PhonePe,Debit Card,Success
509048,100816,2028-03-08 17:12:00,Deposit,14688.48,25,Google Pay,Credit Card,Success
509049,100833,2028-03-14 05:11:00,UPI,20519.49,38,Amazon,Net Banking,Success
509050,100850,2028-03-19 17:10:00,Card Payment,26350.5,1,Flipkart,ATM,Success
509051,100867,2028-03-25 05:09:00,ATM Withdrawal,32181.51,14,Swiggy,UPI,Success
509052,100884,2028-03-30 17:08:00,Online Transfer,38012.52,27,Zomato,Debit Card,Success
509053,100901,2028-04-05 05:07:00,Cash Withdrawal,43843.53,40,Myntra,Credit Card,Success
509054,100918,2028-04-10 17:06:00,Deposit,49674.54,3,Uber,Net Banking,Success
509055,100935,2028-04-16 05:05:00,UPI,5605.55,16,IRCTC,ATM,Success
509056,100952,2028-04-21 17:04:00,Card Payment,11436.56,29,Reliance,UPI,Success
509057,100969,2028-04-27 05:03:00,ATM Withdrawal,17267.57,42,DMart,Debit Card,Success
509058,100986,2028-05-02 17:02:00,Online Transfer,23098.58,5,Netflix,Credit Card,Success
509059,101003,2028-05-08 05:01:00,Cash Withdrawal,28929.59,18,PhonePe,Net Banking,Success
509060,101020,2028-05-13 17:00:00,Deposit,34760.6,31,Google Pay,ATM,Success
509061,101037,2028-05-19 04:59:00,UPI,40591.61,44,Amazon,UPI,Success
509062,101054,2028-05-24 16:58:00,Card Payment,46422.62,7,Flipkart,Debit Card,Success
509063,101071,2028-05-30 04:57:00,ATM Withdrawal,2353.63,20,Swiggy,Credit Card,Success
509064,101088,2028-06-04 16:56:00,Online Transfer,8184.64,33,Zomato,Net Banking,Success
509065,101105,2028-06-10 04:55:00,Cash Withdrawal,14015.65,46,Myntra,ATM,Success
509066,101122,2028-06-15 16:54:00,Deposit,19846.66,9,Uber,UPI,Success
509067,101139,2028-06-21 04:53:00,UPI,25677.67,22,IRCTC,Debit Card,Success
509068,101156,2028-06-26 16:52:00,Card Payment,31508.68,35,Reliance,Credit Card,Success
509069,101173,2028-07-02 04:51:00,ATM Withdrawal,37339.69,48,DMart,Net Banking,Success
509070,101190,2028-07-07 16:50:00,Online Transfer,43170.7,11,Netflix,ATM,Success
509071,101207,2028-07-13 04:49:00,Cash Withdrawal,49001.71,24,PhonePe,UPI,Success
509072,101224,2028-07-18 16:48:00,Deposit,4932.72,37,Google Pay,Debit Card,Success
509073,101241,2028-07-24 04:47:00,UPI,10763.73,50,Amazon,Credit Card,Success
509074,101258,2028-07-29 16:46:00,Card Payment,16594.74,13,Flipkart,Net Banking,Success
509075,101275,2028-08-04 04:45:00,ATM Withdrawal,22425.75,26,Swiggy,ATM,Success
509076,101292,2028-08-09 16:44:00,Online Transfer,28256.76,39,Zomato,UPI,Success
509077,101309,2028-08-15 04:43:00,Cash Withdrawal,34087.77,2,Myntra,Debit Card,Success
509078,101326,2028-08-20 16:42:00,Deposit,353682.0,15,Uber,Credit Card,Success
509079,101343,2028-08-26 04:41:00,UPI,45749.79,28,IRCTC,Net Banking,Success
509080,101360,2028-08-31 16:40:00,Card Payment,1680.8,41,Reliance,ATM,Success
509081,101377,2028-09-06 04:39:00,ATM Withdrawal,7511.81,4,DMart,UPI,Success
509082,101394,2028-09-11 16:38:00,Online Transfer,13342.82,17,Netflix,Debit Card,Success
509083,101411,2028-09-17 04:37:00,Cash Withdrawal,19173.83,30,PhonePe,Credit Card,Success
509084,101428,2028-09-22 16:36:00,Deposit,25004.84,43,Google Pay,Net Banking,Success
509085,101445,2028-09-28 04:35:00,UPI,30835.85,6,Amazon,ATM,Success
509086,101462,2028-10-03 16:34:00,Card Payment,36666.86,19,Flipkart,UPI,Success
509087,101479,2028-10-09 04:33:00,ATM Withdrawal,42497.87,32,Swiggy,Debit Card,Success
509088,101496,2028-10-14 16:32:00,Online Transfer,48328.88,45,Zomato,Credit Card,Success
509089,101513,2028-10-20 04:31:00,Cash Withdrawal,4259.89,8,Myntra,Net Banking,Success
509090,101530,2028-10-25 16:30:00,Deposit,10090.9,21,Uber,ATM,Success
509091,101547,2028-10-31 04:29:00,UPI,15921.91,34,IRCTC,UPI,Success
509092,101564,2028-11-05 16:28:00,Card Payment,21752.92,47,Reliance,Debit Card,Success
509093,101581,2028-11-11 04:27:00,ATM Withdrawal,27583.93,10,DMart,Credit Card,Success
509094,101598,2028-11-16 16:26:00,Online Transfer,33414.94,23,Netflix,Net Banking,Success
509095,101615,2028-11-22 04:25:00,Cash Withdrawal,39245.95,36,PhonePe,ATM,Success
509096,101632,2028-11-27 16:24:00,Deposit,45076.96,49,Google Pay,UPI,Success
509097,101649,2028-12-03 04:23:00,UPI,1007.97,12,Amazon,Debit Card,Success
509098,101666,2028-12-08 16:22:00,Card Payment,6838.98,25,Flipkart,Credit Card,Success
509099,101683,2028-12-14 04:21:00,ATM Withdrawal,12669.99,38,Swiggy,Net Banking,Success
509100,101700,2028-12-19 16:20:00,Online Transfer,18500.0,1,Zomato,ATM,Success
509101,101717,2028-12-25 04:19:00,Cash Withdrawal,24331.01,14,Myntra,UPI,Success
509102,101734,2028-12-30 16:18:00,Deposit,30162.02,27,Uber,Debit Card,Success
509103,101751,2029-01-05 04:17:00,UPI,35993.03,40,IRCTC,Credit Card,Success
509104,101768,2029-01-10 16:16:00,Card Payment,41824.04,3,Reliance,Net Banking,Success
509105,101785,2029-01-16 04:15:00,ATM Withdrawal,47655.05,16,DMart,ATM,Success
509106,101802,2029-01-21 16:14:00,Online Transfer,3586.06,29,Netflix,UPI,Success
509107,101819,2029-01-27 04:13:00,Cash Withdrawal,9417.07,42,PhonePe,Debit Card,Success
509108,101836,2029-02-01 16:12:00,Deposit,15248.08,5,Google Pay,Credit Card,Success
509109,101853,2029-02-07 04:11:00,UPI,21079.09,18,Amazon,Net Banking,Success
509110,101870,2029-02-12 16:10:00,Card Payment,26910.1,31,Flipkart,ATM,Success
509111,101887,2029-02-18 04:09:00,ATM Withdrawal,32741.11,44,Swiggy,UPI,Success
509112,101904,2029-02-23 16:08:00,Online Transfer,38572.12,7,Zomato,Debit Card,Pending
509113,101921,2029-03-01 04:07:00,Cash Withdrawal,44403.13,20,Myntra,Credit Card,Success
509114,101938,2029-03-06 16:06:00,Deposit,334.14,33,Uber,Net Banking,Success
509115,101955,2029-03-12 04:05:00,UPI,6165.15,46,IRCTC,ATM,Success
509116,101972,2029-03-17 16:04:00,Card Payment,11996.16,9,Reliance,UPI,Success
509117,101989,2029-03-23 04:03:00,ATM Withdrawal,17827.17,22,DMart,Debit Card,Success
509118,102006,2029-03-28 16:02:00,Online Transfer,23658.18,35,Netflix,Credit Card,Success
509119,102023,2029-04-03 04:01:00,Cash Withdrawal,29489.19,48,PhonePe,Net Banking,Success
509120,102040,2029-04-08 16:00:00,Deposit,35320.2,11,Google Pay,ATM,Success
509121,102057,2029-04-14 03:59:00,UPI,41151.21,24,Amazon,UPI,Success
509122,102074,2029-04-19 15:58:00,Card Payment,46982.22,37,Flipkart,Debit Card,Success
509123,102091,2029-04-25 03:57:00,ATM Withdrawal,2913.23,50,Swiggy,Credit Card,Success
509124,102108,2029-04-30 15:56:00,Online Transfer,8744.24,13,Zomato,Net Banking,Success
509125,102125,2029-05-06 03:55:00,Cash Withdrawal,14575.25,26,Myntra,ATM,Success
509126,102142,2029-05-11 15:54:00,Deposit,20406.26,39,Uber,UPI,Success
509127,102159,2029-05-17 03:53:00,UPI,26237.27,2,IRCTC,Debit Card,Success
509128,102176,2029-05-22 15:52:00,Card Payment,32068.28,15,Reliance,Credit Card,Success
509129,102193,2029-05-28 03:51:00,ATM Withdrawal,37899.29,28,DMart,Net Banking,Success
509130,102210,2029-06-02 15:50:00,Online Transfer,43730.3,41,Netflix,ATM,Success
509131,102227,2029-06-08 03:49:00,Cash Withdrawal,49561.31,4,PhonePe,UPI,Success
509132,102244,2029-06-13 15:48:00,Deposit,5492.32,17,Google Pay,Debit Card,Success
509133,102261,2029-06-19 03:47:00,UPI,11323.33,30,Amazon,Credit Card,Success
509134,102278,2029-06-24 15:46:00,Card Payment,17154.34,43,Flipkart,Net Banking,Success
509135,102295,2029-06-30 03:45:00,ATM Withdrawal,22985.35,6,Swiggy,ATM,Success
509136,102312,2029-07-05 15:44:00,Online Transfer,28816.36,19,Zomato,UPI,Success
509137,102329,2029-07-11 03:43:00,Cash Withdrawal,34647.37,32,Myntra,Debit Card,Success
509138,102346,2029-07-16 15:42:00,Deposit,40478.38,45,Uber,Credit Card,Success
509139,102363,2029-07-22 03:41:00,UPI,46309.39,8,IRCTC,Net Banking,Success
509140,102380,2029-07-27 15:40:00,Card Payment,2240.4,21,Reliance,ATM,Success
509141,102397,2029-08-02 03:39:00,ATM Withdrawal,8071.41,34,DMart,UPI,Success
509142,102414,2029-08-07 15:38:00,Online Transfer,13902.42,47,Netflix,Debit Card,Success
509143,102431,2029-08-13 03:37:00,Cash Withdrawal,19733.43,10,PhonePe,Credit Card,Success
509144,102448,2029-08-18 15:36:00,Deposit,934264.0,23,Google Pay,Net Banking,Success
509145,102465,2029-08-24 03:35:00,UPI,31395.45,36,Amazon,ATM,Success
509146,102482,2029-08-29 15:34:00,Card Payment,37226.46,49,Flipkart,UPI,Success
509147,102499,2029-09-04 03:33:00,ATM Withdrawal,43057.47,12,Swiggy,Debit Card,Success
509148,102516,2029-09-09 15:32:00,Online Transfer,48888.48,25,Zomato,Credit Card,Success
509149,102533,2029-09-15 03:31:00,Cash Withdrawal,4819.49,38,Myntra,Net Banking,Success
509150,102550,2029-09-20 15:30:00,Deposit,10650.5,1,Uber,ATM,Success
509151,102567,2029-09-26 03:29:00,UPI,16481.51,14,IRCTC,UPI,Success
509152,102584,2029-10-01 15:28:00,Card Payment,22312.52,27,Reliance,Debit Card,Success
509153,102601,2029-10-07 03:27:00,ATM Withdrawal,28143.53,40,DMart,Credit Card,Failed
509154,102618,2029-10-12 15:26:00,Online Transfer,33974.54,3,Netflix,Net Banking,Success
509155,102635,2029-10-18 03:25:00,Cash Withdrawal,39805.55,16,PhonePe,ATM,Success
509156,102652,2029-10-23 15:24:00,Deposit,45636.56,29,Google Pay,UPI,Success
509157,102669,2029-10-29 03:23:00,UPI,1567.57,42,Amazon,Debit Card,Success
509158,102686,2029-11-03 15:22:00,Card Payment,7398.58,5,Flipkart,Credit Card,Success
509159,102703,2029-11-09 03:21:00,ATM Withdrawal,13229.59,18,Swiggy,Net Banking,Success
509160,102720,2029-11-14 15:20:00,Online Transfer,19060.6,31,Zomato,ATM,Success
509161,102737,2029-11-20 03:19:00,Cash Withdrawal,24891.61,44,Myntra,UPI,Success
509162,102754,2029-11-25 15:18:00,Deposit,30722.62,7,Uber,Debit Card,Success
509163,102771,2029-12-01 03:17:00,UPI,36553.63,20,IRCTC,Credit Card,Success
509164,102788,2029-12-06 15:16:00,Card Payment,42384.64,33,Reliance,Net Banking,Success
509165,102805,2029-12-12 03:15:00,ATM Withdrawal,48215.65,46,DMart,ATM,Success
509166,102822,2029-12-17 15:14:00,Online Transfer,4146.66,9,Netflix,UPI,Success
509167,102839,2029-12-23 03:13:00,Cash Withdrawal,390973.0,22,PhonePe,Debit Card,Success
509168,102856,2029-12-28 15:12:00,Deposit,15808.68,35,Google Pay,Credit Card,Success
509169,102873,2030-01-03 03:11:00,UPI,21639.69,48,Amazon,Net Banking,Success
509170,102890,2030-01-08 15:10:00,Card Payment,27470.7,11,Flipkart,ATM,Success
509171,102907,2030-01-14 03:09:00,ATM Withdrawal,33301.71,24,Swiggy,UPI,Success
509172,102924,2030-01-19 15:08:00,Online Transfer,39132.72,37,Zomato,Debit Card,Success
509173,102941,2030-01-25 03:07:00,Cash Withdrawal,44963.73,50,Myntra,Credit Card,Success
509174,102958,2030-01-30 15:06:00,Deposit,894.74,13,Uber,Net Banking,Success
509175,102975,2030-02-05 03:05:00,UPI,6725.75,26,IRCTC,ATM,Success
509176,102992,2030-02-10 15:04:00,Card Payment,12556.76,39,Reliance,UPI,Success
509177,100009,2030-02-16 03:03:00,ATM Withdrawal,18387.77,2,DMart,Debit Card,Success
509178,100026,2030-02-21 15:02:00,Online Transfer,24218.78,15,Netflix,Credit Card,Success
509179,100043,2030-02-27 03:01:00,Cash Withdrawal,30049.79,28,PhonePe,Net Banking,Pending
509180,100060,2030-03-04 15:00:00,Deposit,35880.8,41,Google Pay,ATM,Success
509181,100077,2030-03-10 02:59:00,UPI,41711.81,4,Amazon,UPI,Success
509182,100094,2026-01-05 14:58:00,Card Payment,47542.82,17,Flipkart,Debit Card,Success
509183,100111,2026-01-11 02:57:00,ATM Withdrawal,3473.83,30,Swiggy,Credit Card,Success
509184,100128,2026-01-16 14:56:00,Online Transfer,9304.84,43,Zomato,Net Banking,Success
509185,100145,2026-01-22 02:55:00,Cash Withdrawal,15135.85,6,Myntra,ATM,Success
509186,100162,2026-01-27 14:54:00,Deposit,20966.86,19,Uber,UPI,Success
509187,100179,2026-02-02 02:53:00,UPI,26797.87,32,IRCTC,Debit Card,Success
509188,100196,2026-02-07 14:52:00,Card Payment,32628.88,45,Reliance,Credit Card,Success
509189,100213,2026-02-13 02:51:00,ATM Withdrawal,38459.89,8,DMart,Net Banking,Success
509190,100230,2026-02-18 14:50:00,Online Transfer,44290.9,21,Netflix,ATM,Success
509191,100247,2026-02-24 02:49:00,Cash Withdrawal,221.91,34,PhonePe,UPI,Success
509192,100264,2026-03-01 14:48:00,Deposit,6052.92,47,Google Pay,Debit Card,Success
509193,100281,2026-03-07 02:47:00,UPI,11883.93,10,Amazon,Credit Card,Success
509194,100298,2026-03-12 14:46:00,Card Payment,17714.94,23,Flipkart,Net Banking,Success
509195,100315,2026-03-18 02:45:00,ATM Withdrawal,23545.95,36,Swiggy,ATM,Success
509196,100332,2026-03-23 14:44:00,Online Transfer,29376.96,49,Zomato,UPI,Success
509197,100349,2026-03-29 02:43:00,Cash Withdrawal,35207.97,12,Myntra,Debit Card,Success
509198,100366,2026-04-03 14:42:00,Deposit,41038.98,25,Uber,Credit Card,Success
509199,100383,2026-04-09 02:41:00,UPI,46869.99,38,IRCTC,Net Banking,Success
509200,100400,2026-04-14 14:40:00,Card Payment,2800.0,1,Reliance,ATM,Success
509201,100417,2026-04-20 02:39:00,ATM Withdrawal,8631.01,14,DMart,UPI,Success
509202,100434,2026-04-25 14:38:00,Online Transfer,14462.02,27,Netflix,Debit Card,Success
509203,100451,2026-05-01 02:37:00,Cash Withdrawal,20293.03,40,PhonePe,Credit Card,Success
509204,100468,2026-05-06 14:36:00,Deposit,26124.04,3,Google Pay,Net Banking,Success
509205,100485,2026-05-12 02:35:00,UPI,31955.05,16,Amazon,ATM,Success
509206,100502,2026-05-17 14:34:00,Card Payment,37786.06,29,Flipkart,UPI,Success
509207,100519,2026-05-23 02:33:00,ATM Withdrawal,43617.07,42,Swiggy,Debit Card,Success
509208,100536,2026-05-28 14:32:00,Online Transfer,49448.08,5,Zomato,Credit Card,Success
509209,100553,2026-06-03 02:31:00,Cash Withdrawal,5379.09,18,Myntra,Net Banking,Success
509210,100570,2026-06-08 14:30:00,Deposit,11210.1,31,Uber,ATM,Success
509211,100587,2026-06-14 02:29:00,UPI,17041.11,44,IRCTC,UPI,Success
509212,100604,2026-06-19 14:28:00,Card Payment,22872.12,7,Reliance,Debit Card,Success
509213,100621,2026-06-25 02:27:00,ATM Withdrawal,28703.13,20,DMart,Credit Card,Success
509214,100638,2026-06-30 14:26:00,Online Transfer,34534.14,33,Netflix,Net Banking,Success
509215,100655,2026-07-06 02:25:00,Cash Withdrawal,40365.15,46,PhonePe,ATM,Success
509216,100672,2026-07-11 14:24:00,Deposit,46196.16,9,Google Pay,UPI,Success
509217,100689,2026-07-17 02:23:00,UPI,2127.17,22,Amazon,Debit Card,Success
509218,100706,2026-07-22 14:22:00,Card Payment,7958.18,35,Flipkart,Credit Card,Success
509219,100723,2026-07-28 02:21:00,ATM Withdrawal,13789.19,48,Swiggy,Net Banking,Success
509220,100740,2026-08-02 14:20:00,Online Transfer,19620.2,11,Zomato,ATM,Success
509221,100757,2026-08-08 02:19:00,Cash Withdrawal,25451.21,24,Myntra,UPI,Success
509222,100774,2026-08-13 14:18:00,Deposit,31282.22,37,Uber,Debit Card,Success
509223,100791,2026-08-19 02:17:00,UPI,37113.23,50,IRCTC,Credit Card,Success
509224,100808,2026-08-24 14:16:00,Card Payment,42944.24,13,Reliance,Net Banking,Success
509225,100825,2026-08-30 02:15:00,ATM Withdrawal,48775.25,26,DMart,ATM,Success
509226,100842,2026-09-04 14:14:00,Online Transfer,4706.26,39,Netflix,UPI,Success
509227,100859,2026-09-10 02:13:00,Cash Withdrawal,10537.27,2,PhonePe,Debit Card,Success
509228,100876,2026-09-15 14:12:00,Deposit,16368.28,15,Google Pay,Credit Card,Success
509229,100893,2026-09-21 02:11:00,UPI,22199.29,28,Amazon,Net Banking,Success
509230,100910,2026-09-26 14:10:00,Card Payment,28030.3,41,Flipkart,ATM,Success
509231,100927,2026-10-02 02:09:00,ATM Withdrawal,33861.31,4,Swiggy,UPI,Success
509232,100944,2026-10-07 14:08:00,Online Transfer,39692.32,17,Zomato,Debit Card,Success
509233,100961,2026-10-13 02:07:00,Cash Withdrawal,45523.33,30,Myntra,Credit Card,Success
509234,100978,2026-10-18 14:06:00,Deposit,1454.34,43,Uber,Net Banking,Success
509235,100995,2026-10-24 02:05:00,UPI,7285.35,6,IRCTC,ATM,Success
509236,101012,2026-10-29 14:04:00,Card Payment,13116.36,19,Reliance,UPI,Success
509237,101029,2026-11-04 02:03:00,ATM Withdrawal,18947.37,32,DMart,Debit Card,Success
509238,101046,2026-11-09 14:02:00,Online Transfer,24778.38,45,Netflix,Credit Card,Success
509239,101063,2026-11-15 02:01:00,Cash Withdrawal,30609.39,8,PhonePe,Net Banking,Success
509240,101080,2026-11-20 14:00:00,Deposit,36440.4,21,Google Pay,ATM,Success
509241,101097,2026-11-26 01:59:00,UPI,42271.41,34,Amazon,UPI,Success
509242,101114,2026-12-01 13:58:00,Card Payment,48102.42,47,Flipkart,Debit Card,Success
509243,101131,2026-12-07 01:57:00,ATM Withdrawal,4033.43,10,Swiggy,Credit Card,Success
509244,101148,2026-12-12 13:56:00,Online Transfer,9864.44,23,Zomato,Net Banking,Success
509245,101165,2026-12-18 01:55:00,Cash Withdrawal,15695.45,36,Myntra,ATM,Success
509246,101182,2026-12-23 13:54:00,Deposit,21526.46,49,Uber,UPI,Pending
509247,101199,2026-12-29 01:53:00,UPI,27357.47,12,IRCTC,Debit Card,Success
509248,101216,2027-01-03 13:52:00,Card Payment,33188.48,25,Reliance,Credit Card,Success
509249,101233,2027-01-09 01:51:00,ATM Withdrawal,39019.49,38,DMart,Net Banking,Success
509250,101250,2027-01-14 13:50:00,Online Transfer,44850.5,1,Netflix,ATM,Success
509251,101267,2027-01-20 01:49:00,Cash Withdrawal,781.51,14,PhonePe,UPI,Success
509252,101284,2027-01-25 13:48:00,Deposit,6612.52,27,Google Pay,Debit Card,Success
509253,101301,2027-01-31 01:47:00,UPI,12443.53,40,Amazon,Credit Card,Success
509254,101318,2027-02-05 13:46:00,Card Payment,18274.54,3,Flipkart,Net Banking,Success
509255,101335,2027-02-11 01:45:00,ATM Withdrawal,24105.55,16,Swiggy,ATM,Success
509256,101352,2027-02-16 13:44:00,Online Transfer,428264.0,29,Zomato,UPI,Success
509257,101369,2027-02-22 01:43:00,Cash Withdrawal,35767.57,42,Myntra,Debit Card,Success
509258,101386,2027-02-27 13:42:00,Deposit,41598.58,5,Uber,Credit Card,Success
509259,101403,2027-03-05 01:41:00,UPI,47429.59,18,IRCTC,Net Banking,Success
509260,101420,2027-03-10 13:40:00,Card Payment,3360.6,31,Reliance,ATM,Success
509261,101437,2027-03-16 01:39:00,ATM Withdrawal,9191.61,44,DMart,UPI,Success
509262,101454,2027-03-21 13:38:00,Online Transfer,15022.62,7,Netflix,Debit Card,Success
509263,101471,2027-03-27 01:37:00,Cash Withdrawal,20853.63,20,PhonePe,Credit Card,Success
509264,101488,2027-04-01 13:36:00,Deposit,26684.64,33,Google Pay,Net Banking,Success
509265,101505,2027-04-07 01:35:00,UPI,32515.65,46,Amazon,ATM,Success
509266,101522,2027-04-12 13:34:00,Card Payment,38346.66,9,Flipkart,UPI,Failed
509267,101539,2027-04-18 01:33:00,ATM Withdrawal,44177.67,22,Swiggy,Debit Card,Success
509268,101556,2027-04-23 13:32:00,Online Transfer,108.68,35,Zomato,Credit Card,Success
509269,101573,2027-04-29 01:31:00,Cash Withdrawal,5939.69,48,Myntra,Net Banking,Success
509270,101590,2027-05-04 13:30:00,Deposit,11770.7,11,Uber,ATM,Success
509271,101607,2027-05-10 01:29:00,UPI,277101.0,24,IRCTC,UPI,Success
509272,101624,2027-05-15 13:28:00,Card Payment,23432.72,37,Reliance,Debit Card,Success
509273,101641,2027-05-21 01:27:00,ATM Withdrawal,29263.73,50,DMart,Credit Card,Success
509274,101658,2027-05-26 13:26:00,Online Transfer,35094.74,13,Netflix,Net Banking,Success
509275,101675,2027-06-01 01:25:00,Cash Withdrawal,40925.75,26,PhonePe,ATM,Success
509276,101692,2027-06-06 13:24:00,Deposit,46756.76,39,Google Pay,UPI,Success
509277,101709,2027-06-12 01:23:00,UPI,2687.77,2,Amazon,Debit Card,Success
509278,101726,2027-06-17 13:22:00,Card Payment,8518.78,15,Flipkart,Credit Card,Success
509279,101743,2027-06-23 01:21:00,ATM Withdrawal,14349.79,28,Swiggy,Net Banking,Success
509280,101760,2027-06-28 13:20:00,Online Transfer,20180.8,41,Zomato,ATM,Success
509281,101777,2027-07-04 01:19:00,Cash Withdrawal,26011.81,4,Myntra,UPI,Success
509282,101794,2027-07-09 13:18:00,Deposit,31842.82,17,Uber,Debit Card,Success
509283,101811,2027-07-15 01:17:00,UPI,37673.83,30,IRCTC,Credit Card,Success
509284,101828,2027-07-20 13:16:00,Card Payment,43504.84,43,Reliance,Net Banking,Success
509285,101845,2027-07-26 01:15:00,ATM Withdrawal,49335.85,6,DMart,ATM,Success
509286,101862,2027-07-31 13:14:00,Online Transfer,5266.86,19,Netflix,UPI,Success
509287,101879,2027-08-06 01:13:00,Cash Withdrawal,11097.87,32,PhonePe,Debit Card,Success
509288,101896,2027-08-11 13:12:00,Deposit,16928.88,45,Google Pay,Credit Card,Success
509289,101913,2027-08-17 01:11:00,UPI,22759.89,8,Amazon,Net Banking,Success
509290,101930,2027-08-22 13:10:00,Card Payment,28590.9,21,Flipkart,ATM,Success
509291,101947,2027-08-28 01:09:00,ATM Withdrawal,34421.91,34,Swiggy,UPI,Success
509292,101964,2027-09-02 13:08:00,Online Transfer,40252.92,47,Zomato,Debit Card,Success
509293,101981,2027-09-08 01:07:00,Cash Withdrawal,46083.93,10,Myntra,Credit Card,Success
509294,101998,2027-09-13 13:06:00,Deposit,2014.94,23,Uber,Net Banking,Success
509295,102015,2027-09-19 01:05:00,UPI,7845.95,36,IRCTC,ATM,Success
509296,102032,2027-09-24 13:04:00,Card Payment,13676.96,49,Reliance,UPI,Success
509297,102049,2027-09-30 01:03:00,ATM Withdrawal,19507.97,12,DMart,Debit Card,Success
509298,102066,2027-10-05 13:02:00,Online Transfer,25338.98,25,Netflix,Credit Card,Success
509299,102083,2027-10-11 01:01:00,Cash Withdrawal,31169.99,38,PhonePe,Net Banking,Success
509300,102100,2027-10-16 13:00:00,Deposit,37000.0,1,Google Pay,ATM,Success
509301,102117,2027-10-22 00:59:00,UPI,42831.01,14,Amazon,UPI,Success
509302,102134,2027-10-27 12:58:00,Card Payment,48662.02,27,Flipkart,Debit Card,Success
509303,102151,2027-11-02 00:57:00,ATM Withdrawal,4593.03,40,Swiggy,Credit Card,Success
509304,102168,2027-11-07 12:56:00,Online Transfer,10424.04,3,Zomato,Net Banking,Success
509305,102185,2027-11-13 00:55:00,Cash Withdrawal,16255.05,16,Myntra,ATM,Success
509306,102202,2027-11-18 12:54:00,Deposit,22086.06,29,Uber,UPI,Success
509307,102219,2027-11-24 00:53:00,UPI,27917.07,42,IRCTC,Debit Card,Success
509308,102236,2027-11-29 12:52:00,Card Payment,33748.08,5,Reliance,Credit Card,Success
509309,102253,2027-12-05 00:51:00,ATM Withdrawal,39579.09,18,DMart,Net Banking,Success
509310,102270,2027-12-10 12:50:00,Online Transfer,45410.1,31,Netflix,ATM,Success
509311,102287,2027-12-16 00:49:00,Cash Withdrawal,1341.11,44,PhonePe,UPI,Success
509312,102304,2027-12-21 12:48:00,Deposit,7172.12,7,Google Pay,Debit Card,Success
509313,102321,2027-12-27 00:47:00,UPI,13003.13,20,Amazon,Credit Card,Pending
509314,102338,2028-01-01 12:46:00,Card Payment,18834.14,33,Flipkart,Net Banking,Success
509315,102355,2028-01-07 00:45:00,ATM Withdrawal,24665.15,46,Swiggy,ATM,Success
509316,102372,2028-01-12 12:44:00,Online Transfer,30496.16,9,Zomato,UPI,Success
509317,102389,2028-01-18 00:43:00,Cash Withdrawal,36327.17,22,Myntra,Debit Card,Success
509318,102406,2028-01-23 12:42:00,Deposit,42158.18,35,Uber,Credit Card,Success
509319,102423,2028-01-29 00:41:00,UPI,47989.19,48,IRCTC,Net Banking,Success
509320,102440,2028-02-03 12:40:00,Card Payment,3920.2,11,Reliance,ATM,Success
509321,102457,2028-02-09 00:39:00,ATM Withdrawal,9751.21,24,DMart,UPI,Success
509322,102474,2028-02-14 12:38:00,Online Transfer,15582.22,37,Netflix,Debit Card,Success
509323,102491,2028-02-20 00:37:00,Cash Withdrawal,21413.23,50,PhonePe,Credit Card,Success
509324,102508,2028-02-25 12:36:00,Deposit,27244.24,13,Google Pay,Net Banking,Success
509325,102525,2028-03-02 00:35:00,UPI,33075.25,26,Amazon,ATM,Success
509326,102542,2028-03-07 12:34:00,Card Payment,38906.26,39,Flipkart,UPI,Success
509327,102559,2028-03-13 00:33:00,ATM Withdrawal,44737.27,2,Swiggy,Debit Card,Success
509328,102576,2028-03-18 12:32:00,Online Transfer,668.28,15,Zomato,Credit Card,Success
509329,102593,2028-03-24 00:31:00,Cash Withdrawal,6499.29,28,Myntra,Net Banking,Success
509330,102610,2028-03-29 12:30:00,Deposit,12330.3,41,Uber,ATM,Success
509331,102627,2028-04-04 00:29:00,UPI,18161.31,4,IRCTC,UPI,Success
509332,102644,2028-04-09 12:28:00,Card Payment,23992.32,17,Reliance,Debit Card,Success
509333,102661,2028-04-15 00:27:00,ATM Withdrawal,29823.33,30,DMart,Credit Card,Success
509334,102678,2028-04-20 12:26:00,Online Transfer,35654.34,43,Netflix,Net Banking,Success
509335,102695,2028-04-26 00:25:00,Cash Withdrawal,41485.35,6,PhonePe,ATM,Success
509336,102712,2028-05-01 12:24:00,Deposit,47316.36,19,Google Pay,UPI,Success
509337,102729,2028-05-07 00:23:00,UPI,3247.37,32,Amazon,Debit Card,Success
509338,102746,2028-05-12 12:22:00,Card Payment,9078.38,45,Flipkart,Credit Card,Success
509339,102763,2028-05-18 00:21:00,ATM Withdrawal,14909.39,8,Swiggy,Net Banking,Success
509340,102780,2028-05-23 12:20:00,Online Transfer,20740.4,21,Zomato,ATM,Success
509341,102797,2028-05-29 00:19:00,Cash Withdrawal,26571.41,34,Myntra,UPI,Success
509342,102814,2028-06-03 12:18:00,Deposit,32402.42,47,Uber,Debit Card,Success
509343,102831,2028-06-09 00:17:00,UPI,38233.43,10,IRCTC,Credit Card,Success
509344,102848,2028-06-14 12:16:00,Card Payment,44064.44,23,Reliance,Net Banking,Success
509345,102865,2028-06-20 00:15:00,ATM Withdrawal,165555.0,36,DMart,ATM,Success
509346,102882,2028-06-25 12:14:00,Online Transfer,5826.46,49,Netflix,UPI,Success
509347,102899,2028-07-01 00:13:00,Cash Withdrawal,11657.47,12,PhonePe,Debit Card,Success
509348,102916,2028-07-06 12:12:00,Deposit,17488.48,25,Google Pay,Credit Card,Success
509349,102933,2028-07-12 00:11:00,UPI,23319.49,38,Amazon,Net Banking,Success
509350,102950,2028-07-17 12:10:00,Card Payment,29150.5,1,Flipkart,ATM,Success
509351,102967,2028-07-23 00:09:00,ATM Withdrawal,34981.51,14,Swiggy,UPI,Success
509352,102984,2028-07-28 12:08:00,Online Transfer,40812.52,27,Zomato,Debit Card,Success
509353,100001,2028-08-03 00:07:00,Cash Withdrawal,46643.53,40,Myntra,Credit Card,Success
509354,100018,2028-08-08 12:06:00,Deposit,2574.54,3,Uber,Net Banking,Success
509355,100035,2028-08-14 00:05:00,UPI,8405.55,16,IRCTC,ATM,Success
509356,100052,2028-08-19 12:04:00,Card Payment,14236.56,29,Reliance,UPI,Success
509357,100069,2028-08-25 00:03:00,ATM Withdrawal,20067.57,42,DMart,Debit Card,Success
509358,100086,2028-08-30 12:02:00,Online Transfer,25898.58,5,Netflix,Credit Card,Success
509359,100103,2028-09-05 00:01:00,Cash Withdrawal,31729.59,18,PhonePe,Net Banking,Success
509360,100120,2028-09-10 12:00:00,Deposit,37560.6,31,Google Pay,ATM,Success
509361,100137,2028-09-15 23:59:00,UPI,43391.61,44,Amazon,UPI,Success
509362,100154,2028-09-21 11:58:00,Card Payment,49222.62,7,Flipkart,Debit Card,Success
509363,100171,2028-09-26 23:57:00,ATM Withdrawal,5153.63,20,Swiggy,Credit Card,Success
509364,100188,2028-10-02 11:56:00,Online Transfer,10984.64,33,Zomato,Net Banking,Success
509365,100205,2028-10-07 23:55:00,Cash Withdrawal,16815.65,46,Myntra,ATM,Success
509366,100222,2028-10-13 11:54:00,Deposit,22646.66,9,Uber,UPI,Success
509367,100239,2028-10-18 23:53:00,UPI,28477.67,22,IRCTC,Debit Card,Success
509368,100256,2028-10-24 11:52:00,Card Payment,34308.68,35,Reliance,Credit Card,Success
509369,100273,2028-10-29 23:51:00,ATM Withdrawal,40139.69,48,DMart,Net Banking,Success
509370,100290,2028-11-04 11:50:00,Online Transfer,45970.7,11,Netflix,ATM,Success
509371,100307,2028-11-09 23:49:00,Cash Withdrawal,1901.71,24,PhonePe,UPI,Success
509372,100324,2028-11-15 11:48:00,Deposit,7732.72,37,Google Pay,Debit Card,Success
509373,100341,2028-11-20 23:47:00,UPI,13563.73,50,Amazon,Credit Card,Success
509374,100358,2028-11-26 11:46:00,Card Payment,19394.74,13,Flipkart,Net Banking,Success
509375,100375,2028-12-01 23:45:00,ATM Withdrawal,25225.75,26,Swiggy,ATM,Success
509376,100392,2028-12-07 11:44:00,Online Transfer,31056.76,39,Zomato,UPI,Success
509377,100409,2028-12-12 23:43:00,Cash Withdrawal,36887.77,2,Myntra,Debit Card,Success
509378,100426,2028-12-18 11:42:00,Deposit,42718.78,15,Uber,Credit Card,Success
509379,100443,2028-12-23 23:41:00,UPI,48549.79,28,IRCTC,Net Banking,Failed
509380,100460,2028-12-29 11:40:00,Card Payment,4480.8,41,Reliance,ATM,Pending
509381,100477,2029-01-03 23:39:00,ATM Withdrawal,10311.81,4,DMart,UPI,Success
509382,100494,2029-01-09 11:38:00,Online Transfer,16142.82,17,Netflix,Debit Card,Success
509383,100511,2029-01-14 23:37:00,Cash Withdrawal,21973.83,30,PhonePe,Credit Card,Success
509384,100528,2029-01-20 11:36:00,Deposit,27804.84,43,Google Pay,Net Banking,Success
509385,100545,2029-01-25 23:35:00,UPI,33635.85,6,Amazon,ATM,Success
509386,100562,2029-01-31 11:34:00,Card Payment,39466.86,19,Flipkart,UPI,Success
509387,100579,2029-02-05 23:33:00,ATM Withdrawal,45297.87,32,Swiggy,Debit Card,Success
509388,100596,2029-02-11 11:32:00,Online Transfer,1228.88,45,Zomato,Credit Card,Success
509389,100613,2029-02-16 23:31:00,Cash Withdrawal,7059.89,8,Myntra,Net Banking,Success
509390,100630,2029-02-22 11:30:00,Deposit,12890.9,21,Uber,ATM,Success
509391,100647,2029-02-27 23:29:00,UPI,18721.91,34,IRCTC,UPI,Success
509392,100664,2029-03-05 11:28:00,Card Payment,24552.92,47,Reliance,Debit Card,Success
509393,100681,2029-03-10 23:27:00,ATM Withdrawal,30383.93,10,DMart,Credit Card,Success
509394,100698,2029-03-16 11:26:00,Online Transfer,36214.94,23,Netflix,Net Banking,Success
509395,100715,2029-03-21 23:25:00,Cash Withdrawal,42045.95,36,PhonePe,ATM,Success
509396,100732,2029-03-27 11:24:00,Deposit,47876.96,49,Google Pay,UPI,Success
509397,100749,2029-04-01 23:23:00,UPI,3807.97,12,Amazon,Debit Card,Success
509398,100766,2029-04-07 11:22:00,Card Payment,369938.0,25,Flipkart,Credit Card,Success
509399,100783,2029-04-12 23:21:00,ATM Withdrawal,15469.99,38,Swiggy,Net Banking,Success
509400,100800,2029-04-18 11:20:00,Online Transfer,21300.0,1,Zomato,ATM,Success
509401,100817,2029-04-23 23:19:00,Cash Withdrawal,27131.01,14,Myntra,UPI,Success
509402,100834,2029-04-29 11:18:00,Deposit,32962.02,27,Uber,Debit Card,Success
509403,100851,2029-05-04 23:17:00,UPI,38793.03,40,IRCTC,Credit Card,Success
509404,100868,2029-05-10 11:16:00,Card Payment,44624.04,3,Reliance,Net Banking,Success
509405,100885,2029-05-15 23:15:00,ATM Withdrawal,555.05,16,DMart,ATM,Success
509406,100902,2029-05-21 11:14:00,Online Transfer,6386.06,29,Netflix,UPI,Success
509407,100919,2029-05-26 23:13:00,Cash Withdrawal,12217.07,42,PhonePe,Debit Card,Success
509408,100936,2029-06-01 11:12:00,Deposit,18048.08,5,Google Pay,Credit Card,Success
509409,100953,2029-06-06 23:11:00,UPI,23879.09,18,Amazon,Net Banking,Success
509410,100970,2029-06-12 11:10:00,Card Payment,29710.1,31,Flipkart,ATM,Success
509411,100987,2029-06-17 23:09:00,ATM Withdrawal,35541.11,44,Swiggy,UPI,Success
509412,101004,2029-06-23 11:08:00,Online Transfer,41372.12,7,Zomato,Debit Card,Success
509413,101021,2029-06-28 23:07:00,Cash Withdrawal,47203.13,20,Myntra,Credit Card,Success
509414,101038,2029-07-04 11:06:00,Deposit,3134.14,33,Uber,Net Banking,Success
509415,101055,2029-07-09 23:05:00,UPI,8965.15,46,IRCTC,ATM,Success
509416,101072,2029-07-15 11:04:00,Card Payment,14796.16,9,Reliance,UPI,Success
509417,101089,2029-07-20 23:03:00,ATM Withdrawal,20627.17,22,DMart,Debit Card,Success
509418,101106,2029-07-26 11:02:00,Online Transfer,26458.18,35,Netflix,Credit Card,Success
509419,101123,2029-07-31 23:01:00,Cash Withdrawal,32289.19,48,PhonePe,Net Banking,Success
509420,101140,2029-08-06 11:00:00,Deposit,38120.2,11,Google Pay,ATM,Success
509421,101157,2029-08-11 22:59:00,UPI,43951.21,24,Amazon,UPI,Success
509422,101174,2029-08-17 10:58:00,Card Payment,49782.22,37,Flipkart,Debit Card,Success
509423,101191,2029-08-22 22:57:00,ATM Withdrawal,5713.23,50,Swiggy,Credit Card,Success
509424,101208,2029-08-28 10:56:00,Online Transfer,11544.24,13,Zomato,Net Banking,Success
509425,101225,2029-09-02 22:55:00,Cash Withdrawal,17375.25,26,Myntra,ATM,Success
509426,101242,2029-09-08 10:54:00,Deposit,23206.26,39,Uber,UPI,Success
509427,101259,2029-09-13 22:53:00,UPI,29037.27,2,IRCTC,Debit Card,Success
509428,101276,2029-09-19 10:52:00,Card Payment,34868.28,15,Reliance,Credit Card,Success
509429,101293,2029-09-24 22:51:00,ATM Withdrawal,40699.29,28,DMart,Net Banking,Success
509430,101310,2029-09-30 10:50:00,Online Transfer,46530.3,41,Netflix,ATM,Success
509431,101327,2029-10-05 22:49:00,Cash Withdrawal,2461.31,4,PhonePe,UPI,Success
509432,101344,2029-10-11 10:48:00,Deposit,8292.32,17,Google Pay,Debit Card,Success
509433,101361,2029-10-16 22:47:00,UPI,14123.33,30,Amazon,Credit Card,Success
509434,101378,2029-10-22 10:46:00,Card Payment,202846.0,43,Flipkart,Net Banking,Success
509435,101395,2029-10-27 22:45:00,ATM Withdrawal,25785.35,6,Swiggy,ATM,Success
509436,101412,2029-11-02 10:44:00,Online Transfer,31616.36,19,Zomato,UPI,Success
509437,101429,2029-11-07 22:43:00,Cash Withdrawal,37447.37,32,Myntra,Debit Card,Success
509438,101446,2029-11-13 10:42:00,Deposit,43278.38,45,Uber,Credit Card,Success
509439,101463,2029-11-18 22:41:00,UPI,49109.39,8,IRCTC,Net Banking,Success
509440,101480,2029-11-24 10:40:00,Card Payment,5040.4,21,Reliance,ATM,Success
509441,101497,2029-11-29 22:39:00,ATM Withdrawal,10871.41,34,DMart,UPI,Success
509442,101514,2029-12-05 10:38:00,Online Transfer,16702.42,47,Netflix,Debit Card,Success
509443,101531,2029-12-10 22:37:00,Cash Withdrawal,22533.43,10,PhonePe,Credit Card,Success
509444,101548,2029-12-16 10:36:00,Deposit,28364.44,23,Google Pay,Net Banking,Success
509445,101565,2029-12-21 22:35:00,UPI,34195.45,36,Amazon,ATM,Success
509446,101582,2029-12-27 10:34:00,Card Payment,40026.46,49,Flipkart,UPI,Success
509447,101599,2030-01-01 22:33:00,ATM Withdrawal,45857.47,12,Swiggy,Debit Card,Pending
509448,101616,2030-01-07 10:32:00,Online Transfer,1788.48,25,Zomato,Credit Card,Success
509449,101633,2030-01-12 22:31:00,Cash Withdrawal,7619.49,38,Myntra,Net Banking,Success
509450,101650,2030-01-18 10:30:00,Deposit,13450.5,1,Uber,ATM,Success
509451,101667,2030-01-23 22:29:00,UPI,19281.51,14,IRCTC,UPI,Success
509452,101684,2030-01-29 10:28:00,Card Payment,25112.52,27,Reliance,Debit Card,Success
509453,101701,2030-02-03 22:27:00,ATM Withdrawal,30943.53,40,DMart,Credit Card,Success
509454,101718,2030-02-09 10:26:00,Online Transfer,36774.54,3,Netflix,Net Banking,Success
509455,101735,2030-02-14 22:25:00,Cash Withdrawal,42605.55,16,PhonePe,ATM,Success
509456,101752,2030-02-20 10:24:00,Deposit,48436.56,29,Google Pay,UPI,Success
509457,101769,2030-02-25 22:23:00,UPI,4367.57,42,Amazon,Debit Card,Success
509458,101786,2030-03-03 10:22:00,Card Payment,10198.58,5,Flipkart,Credit Card,Success
509459,101803,2030-03-08 22:21:00,ATM Withdrawal,16029.59,18,Swiggy,Net Banking,Success
509460,101820,2026-01-04 10:20:00,Online Transfer,21860.6,31,Zomato,ATM,Success
509461,101837,2026-01-09 22:19:00,Cash Withdrawal,27691.61,44,Myntra,UPI,Success
509462,101854,2026-01-15 10:18:00,Deposit,33522.62,7,Uber,Debit Card,Success
509463,101871,2026-01-20 22:17:00,UPI,39353.63,20,IRCTC,Credit Card,Success
509464,101888,2026-01-26 10:16:00,Card Payment,45184.64,33,Reliance,Net Banking,Success
509465,101905,2026-01-31 22:15:00,ATM Withdrawal,1115.65,46,DMart,ATM,Success
509466,101922,2026-02-06 10:14:00,Online Transfer,6946.66,9,Netflix,UPI,Success
509467,101939,2026-02-11 22:13:00,Cash Withdrawal,12777.67,22,PhonePe,Debit Card,Success
509468,101956,2026-02-17 10:12:00,Deposit,18608.68,35,Google Pay,Credit Card,Success
509469,101973,2026-02-22 22:11:00,UPI,24439.69,48,Amazon,Net Banking,Success
509470,101990,2026-02-28 10:10:00,Card Payment,30270.7,11,Flipkart,ATM,Success
509471,102007,2026-03-05 22:09:00,ATM Withdrawal,36101.71,24,Swiggy,UPI,Success
509472,102024,2026-03-11 10:08:00,Online Transfer,41932.72,37,Zomato,Debit Card,Success
509473,102041,2026-03-16 22:07:00,Cash Withdrawal,47763.73,50,Myntra,Credit Card,Success
509474,102058,2026-03-22 10:06:00,Deposit,3694.74,13,Uber,Net Banking,Success
509475,102075,2026-03-27 22:05:00,UPI,9525.75,26,IRCTC,ATM,Success
509476,102092,2026-04-02 10:04:00,Card Payment,15356.76,39,Reliance,UPI,Success
509477,102109,2026-04-07 22:03:00,ATM Withdrawal,21187.77,2,DMart,Debit Card,Success
509478,102126,2026-04-13 10:02:00,Online Transfer,27018.78,15,Netflix,Credit Card,Success
509479,102143,2026-04-18 22:01:00,Cash Withdrawal,32849.79,28,PhonePe,Net Banking,Success
509480,102160,2026-04-24 10:00:00,Deposit,38680.8,41,Google Pay,ATM,Success
509481,102177,2026-04-29 21:59:00,UPI,44511.81,4,Amazon,UPI,Success
509482,102194,2026-05-05 09:58:00,Card Payment,442.82,17,Flipkart,Debit Card,Success
509483,102211,2026-05-10 21:57:00,ATM Withdrawal,6273.83,30,Swiggy,Credit Card,Success
509484,102228,2026-05-16 09:56:00,Online Transfer,12104.84,43,Zomato,Net Banking,Success
509485,102245,2026-05-21 21:55:00,Cash Withdrawal,17935.85,6,Myntra,ATM,Success
509486,102262,2026-05-27 09:54:00,Deposit,23766.86,19,Uber,UPI,Success
509487,102279,2026-06-01 21:53:00,UPI,29597.87,32,IRCTC,Debit Card,Success
509488,102296,2026-06-07 09:52:00,Card Payment,35428.88,45,Reliance,Credit Card,Success
509489,102313,2026-06-12 21:51:00,ATM Withdrawal,41259.89,8,DMart,Net Banking,Success
509490,102330,2026-06-18 09:50:00,Online Transfer,47090.9,21,Netflix,ATM,Success
509491,102347,2026-06-23 21:49:00,Cash Withdrawal,3021.91,34,PhonePe,UPI,Success
509492,102364,2026-06-29 09:48:00,Deposit,8852.92,47,Google Pay,Debit Card,Failed
509493,102381,2026-07-04 21:47:00,UPI,14683.93,10,Amazon,Credit Card,Success
509494,102398,2026-07-10 09:46:00,Card Payment,20514.94,23,Flipkart,Net Banking,Success
509495,102415,2026-07-15 21:45:00,ATM Withdrawal,26345.95,36,Swiggy,ATM,Success
509496,102432,2026-07-21 09:44:00,Online Transfer,32176.96,49,Zomato,UPI,Success
509497,102449,2026-07-26 21:43:00,Cash Withdrawal,38007.97,12,Myntra,Debit Card,Success
509498,102466,2026-08-01 09:42:00,Deposit,43838.98,25,Uber,Credit Card,Success
509499,102483,2026-08-06 21:41:00,UPI,49669.99,38,IRCTC,Net Banking,Success
509500,102500,2026-08-12 09:40:00,Card Payment,5600.0,1,Reliance,ATM,Success
509501,102517,2026-08-17 21:39:00,ATM Withdrawal,11431.01,14,DMart,UPI,Success
509502,102534,2026-08-23 09:38:00,Online Transfer,17262.02,27,Netflix,Debit Card,Success
509503,102551,2026-08-28 21:37:00,Cash Withdrawal,23093.03,40,PhonePe,Credit Card,Success
509504,102568,2026-09-03 09:36:00,Deposit,28924.04,3,Google Pay,Net Banking,Success
509505,102585,2026-09-08 21:35:00,UPI,34755.05,16,Amazon,ATM,Success
509506,102602,2026-09-14 09:34:00,Card Payment,40586.06,29,Flipkart,UPI,Success
509507,102619,2026-09-19 21:33:00,ATM Withdrawal,46417.07,42,Swiggy,Debit Card,Success
509508,102636,2026-09-25 09:32:00,Online Transfer,2348.08,5,Zomato,Credit Card,Success
509509,102653,2026-09-30 21:31:00,Cash Withdrawal,8179.09,18,Myntra,Net Banking,Success
509510,102670,2026-10-06 09:30:00,Deposit,14010.1,31,Uber,ATM,Success
509511,102687,2026-10-11 21:29:00,UPI,19841.11,44,IRCTC,UPI,Success
509512,102704,2026-10-17 09:28:00,Card Payment,25672.12,7,Reliance,Debit Card,Success
509513,102721,2026-10-22 21:27:00,ATM Withdrawal,31503.13,20,DMart,Credit Card,Success
509514,102738,2026-10-28 09:26:00,Online Transfer,37334.14,33,Netflix,Net Banking,Pending
509515,102755,2026-11-02 21:25:00,Cash Withdrawal,43165.15,46,PhonePe,ATM,Success
509516,102772,2026-11-08 09:24:00,Deposit,48996.16,9,Google Pay,UPI,Success
509517,102789,2026-11-13 21:23:00,UPI,4927.17,22,Amazon,Debit Card,Success
509518,102806,2026-11-19 09:22:00,Card Payment,10758.18,35,Flipkart,Credit Card,Success
509519,102823,2026-11-24 21:21:00,ATM Withdrawal,16589.19,48,Swiggy,Net Banking,Success
509520,102840,2026-11-30 09:20:00,Online Transfer,22420.2,11,Zomato,ATM,Success
509521,102857,2026-12-05 21:19:00,Cash Withdrawal,28251.21,24,Myntra,UPI,Success
509522,102874,2026-12-11 09:18:00,Deposit,34082.22,37,Uber,Debit Card,Success
509523,102891,2026-12-16 21:17:00,UPI,240137.0,50,IRCTC,Credit Card,Success
509524,102908,2026-12-22 09:16:00,Card Payment,45744.24,13,Reliance,Net Banking,Success
509525,102925,2026-12-27 21:15:00,ATM Withdrawal,462775.0,26,DMart,ATM,Success
509526,102942,2027-01-02 09:14:00,Online Transfer,7506.26,39,Netflix,UPI,Success
509527,102959,2027-01-07 21:13:00,Cash Withdrawal,13337.27,2,PhonePe,Debit Card,Success
509528,102976,2027-01-13 09:12:00,Deposit,19168.28,15,Google Pay,Credit Card,Success
509529,102993,2027-01-18 21:11:00,UPI,24999.29,28,Amazon,Net Banking,Success
509530,100010,2027-01-24 09:10:00,Card Payment,30830.3,41,Flipkart,ATM,Success
509531,100027,2027-01-29 21:09:00,ATM Withdrawal,36661.31,4,Swiggy,UPI,Success
509532,100044,2027-02-04 09:08:00,Online Transfer,42492.32,17,Zomato,Debit Card,Success
509533,100061,2027-02-09 21:07:00,Cash Withdrawal,48323.33,30,Myntra,Credit Card,Success
509534,100078,2027-02-15 09:06:00,Deposit,4254.34,43,Uber,Net Banking,Success
509535,100095,2027-02-20 21:05:00,UPI,10085.35,6,IRCTC,ATM,Success
509536,100112,2027-02-26 09:04:00,Card Payment,15916.36,19,Reliance,UPI,Success
509537,100129,2027-03-03 21:03:00,ATM Withdrawal,21747.37,32,DMart,Debit Card,Success
509538,100146,2027-03-09 09:02:00,Online Transfer,27578.38,45,Netflix,Credit Card,Success
509539,100163,2027-03-14 21:01:00,Cash Withdrawal,33409.39,8,PhonePe,Net Banking,Success
509540,100180,2027-03-20 09:00:00,Deposit,39240.4,21,Google Pay,ATM,Success
509541,100197,2027-03-25 20:59:00,UPI,45071.41,34,Amazon,UPI,Success
509542,100214,2027-03-31 08:58:00,Card Payment,1002.42,47,Flipkart,Debit Card,Success
509543,100231,2027-04-05 20:57:00,ATM Withdrawal,6833.43,10,Swiggy,Credit Card,Success
509544,100248,2027-04-11 08:56:00,Online Transfer,12664.44,23,Zomato,Net Banking,Success
509545,100265,2027-04-16 20:55:00,Cash Withdrawal,18495.45,36,Myntra,ATM,Success
509546,100282,2027-04-22 08:54:00,Deposit,24326.46,49,Uber,UPI,Success
509547,100299,2027-04-27 20:53:00,UPI,30157.47,12,IRCTC,Debit Card,Success
509548,100316,2027-05-03 08:52:00,Card Payment,35988.48,25,Reliance,Credit Card,Success
509549,100333,2027-05-08 20:51:00,ATM Withdrawal,41819.49,38,DMart,Net Banking,Success
509550,100350,2027-05-14 08:50:00,Online Transfer,47650.5,1,Netflix,ATM,Success
509551,100367,2027-05-19 20:49:00,Cash Withdrawal,3581.51,14,PhonePe,UPI,Success
509552,100384,2027-05-25 08:48:00,Deposit,9412.52,27,Google Pay,Debit Card,Success
509553,100401,2027-05-30 20:47:00,UPI,15243.53,40,Amazon,Credit Card,Success
509554,100418,2027-06-05 08:46:00,Card Payment,21074.54,3,Flipkart,Net Banking,Success
509555,100435,2027-06-10 20:45:00,ATM Withdrawal,26905.55,16,Swiggy,ATM,Success
509556,100452,2027-06-16 08:44:00,Online Transfer,32736.56,29,Zomato,UPI,Success
509557,100469,2027-06-21 20:43:00,Cash Withdrawal,38567.57,42,Myntra,Debit Card,Success
509558,100486,2027-06-27 08:42:00,Deposit,44398.58,5,Uber,Credit Card,Success
509559,100503,2027-07-02 20:41:00,UPI,329.59,18,IRCTC,Net Banking,Success
509560,100520,2027-07-08 08:40:00,Card Payment,6160.6,31,Reliance,ATM,Success
509561,100537,2027-07-13 20:39:00,ATM Withdrawal,11991.61,44,DMart,UPI,Success
509562,100554,2027-07-19 08:38:00,Online Transfer,17822.62,7,Netflix,Debit Card,Success
509563,100571,2027-07-24 20:37:00,Cash Withdrawal,23653.63,20,PhonePe,Credit Card,Success
509564,100588,2027-07-30 08:36:00,Deposit,29484.64,33,Google Pay,Net Banking,Success
509565,100605,2027-08-04 20:35:00,UPI,35315.65,46,Amazon,ATM,Success
509566,100622,2027-08-10 08:34:00,Card Payment,41146.66,9,Flipkart,UPI,Success
509567,100639,2027-08-15 20:33:00,ATM Withdrawal,46977.67,22,Swiggy,Debit Card,Success
509568,100656,2027-08-21 08:32:00,Online Transfer,2908.68,35,Zomato,Credit Card,Success
509569,100673,2027-08-26 20:31:00,Cash Withdrawal,8739.69,48,Myntra,Net Banking,Success
509570,100690,2027-09-01 08:30:00,Deposit,14570.7,11,Uber,ATM,Success
509571,100707,2027-09-06 20:29:00,UPI,20401.71,24,IRCTC,UPI,Success
509572,100724,2027-09-12 08:28:00,Card Payment,26232.72,37,Reliance,Debit Card,Success
509573,100741,2027-09-17 20:27:00,ATM Withdrawal,32063.73,50,DMart,Credit Card,Success
509574,100758,2027-09-23 08:26:00,Online Transfer,37894.74,13,Netflix,Net Banking,Success
509575,100775,2027-09-28 20:25:00,Cash Withdrawal,43725.75,26,PhonePe,ATM,Success
509576,100792,2027-10-04 08:24:00,Deposit,49556.76,39,Google Pay,UPI,Success
509577,100809,2027-10-09 20:23:00,UPI,5487.77,2,Amazon,Debit Card,Success
509578,100826,2027-10-15 08:22:00,Card Payment,11318.78,15,Flipkart,Credit Card,Success
509579,100843,2027-10-20 20:21:00,ATM Withdrawal,17149.79,28,Swiggy,Net Banking,Success
509580,100860,2027-10-26 08:20:00,Online Transfer,22980.8,41,Zomato,ATM,Success
509581,100877,2027-10-31 20:19:00,Cash Withdrawal,28811.81,4,Myntra,UPI,Pending
509582,100894,2027-11-06 08:18:00,Deposit,34642.82,17,Uber,Debit Card,Success
509583,100911,2027-11-11 20:17:00,UPI,40473.83,30,IRCTC,Credit Card,Success
509584,100928,2027-11-17 08:16:00,Card Payment,46304.84,43,Reliance,Net Banking,Success
509585,100945,2027-11-22 20:15:00,ATM Withdrawal,2235.85,6,DMart,ATM,Success
509586,100962,2027-11-28 08:14:00,Online Transfer,8066.86,19,Netflix,UPI,Success
509587,100979,2027-12-03 20:13:00,Cash Withdrawal,13897.87,32,PhonePe,Debit Card,Success
509588,100996,2027-12-09 08:12:00,Deposit,19728.88,45,Google Pay,Credit Card,Success
509589,101013,2027-12-14 20:11:00,UPI,25559.89,8,Amazon,Net Banking,Success
509590,101030,2027-12-20 08:10:00,Card Payment,31390.9,21,Flipkart,ATM,Success
509591,101047,2027-12-25 20:09:00,ATM Withdrawal,37221.91,34,Swiggy,UPI,Success
509592,101064,2027-12-31 08:08:00,Online Transfer,43052.92,47,Zomato,Debit Card,Success
509593,101081,2028-01-05 20:07:00,Cash Withdrawal,48883.93,10,Myntra,Credit Card,Success
509594,101098,2028-01-11 08:06:00,Deposit,4814.94,23,Uber,Net Banking,Success
509595,101115,2028-01-16 20:05:00,UPI,10645.95,36,IRCTC,ATM,Success
509596,101132,2028-01-22 08:04:00,Card Payment,16476.96,49,Reliance,UPI,Success
509597,101149,2028-01-27 20:03:00,ATM Withdrawal,22307.97,12,DMart,Debit Card,Success
509598,101166,2028-02-02 08:02:00,Online Transfer,28138.98,25,Netflix,Credit Card,Success
509599,101183,2028-02-07 20:01:00,Cash Withdrawal,33969.99,38,PhonePe,Net Banking,Success
509600,101200,2028-02-13 08:00:00,Deposit,39800.0,1,Google Pay,ATM,Success
509601,101217,2028-02-18 19:59:00,UPI,45631.01,14,Amazon,UPI,Success
509602,101234,2028-02-24 07:58:00,Card Payment,1562.02,27,Flipkart,Debit Card,Success
509603,101251,2028-02-29 19:57:00,ATM Withdrawal,7393.03,40,Swiggy,Credit Card,Success
509604,101268,2028-03-06 07:56:00,Online Transfer,13224.04,3,Zomato,Net Banking,Success
509605,101285,2028-03-11 19:55:00,Cash Withdrawal,19055.05,16,Myntra,ATM,Failed
509606,101302,2028-03-17 07:54:00,Deposit,24886.06,29,Uber,UPI,Success
509607,101319,2028-03-22 19:53:00,UPI,30717.07,42,IRCTC,Debit Card,Success
509608,101336,2028-03-28 07:52:00,Card Payment,36548.08,5,Reliance,Credit Card,Success
509609,101353,2028-04-02 19:51:00,ATM Withdrawal,42379.09,18,DMart,Net Banking,Success
509610,101370,2028-04-08 07:50:00,Online Transfer,48210.1,31,Netflix,ATM,Success
509611,101387,2028-04-13 19:49:00,Cash Withdrawal,4141.11,44,PhonePe,UPI,Success
509612,101404,2028-04-19 07:48:00,Deposit,277428.0,7,Google Pay,Debit Card,Success
509613,101421,2028-04-24 19:47:00,UPI,15803.13,20,Amazon,Credit Card,Success
509614,101438,2028-04-30 07:46:00,Card Payment,21634.14,33,Flipkart,Net Banking,Success
509615,101455,2028-05-05 19:45:00,ATM Withdrawal,27465.15,46,Swiggy,ATM,Success
509616,101472,2028-05-11 07:44:00,Online Transfer,33296.16,9,Zomato,UPI,Success
509617,101489,2028-05-16 19:43:00,Cash Withdrawal,39127.17,22,Myntra,Debit Card,Success
509618,101506,2028-05-22 07:42:00,Deposit,44958.18,35,Uber,Credit Card,Success
509619,101523,2028-05-27 19:41:00,UPI,889.19,48,IRCTC,Net Banking,Success
509620,101540,2028-06-02 07:40:00,Card Payment,6720.2,11,Reliance,ATM,Success
509621,101557,2028-06-07 19:39:00,ATM Withdrawal,12551.21,24,DMart,UPI,Success
509622,101574,2028-06-13 07:38:00,Online Transfer,18382.22,37,Netflix,Debit Card,Success
509623,101591,2028-06-18 19:37:00,Cash Withdrawal,24213.23,50,PhonePe,Credit Card,Success
509624,101608,2028-06-24 07:36:00,Deposit,30044.24,13,Google Pay,Net Banking,Success
509625,101625,2028-06-29 19:35:00,UPI,35875.25,26,Amazon,ATM,Success
509626,101642,2028-07-05 07:34:00,Card Payment,41706.26,39,Flipkart,UPI,Success
509627,101659,2028-07-10 19:33:00,ATM Withdrawal,47537.27,2,Swiggy,Debit Card,Success
509628,101676,2028-07-16 07:32:00,Online Transfer,3468.28,15,Zomato,Credit Card,Success
509629,101693,2028-07-21 19:31:00,Cash Withdrawal,9299.29,28,Myntra,Net Banking,Success
509630,101710,2028-07-27 07:30:00,Deposit,15130.3,41,Uber,ATM,Success
509631,101727,2028-08-01 19:29:00,UPI,20961.31,4,IRCTC,UPI,Success
509632,101744,2028-08-07 07:28:00,Card Payment,26792.32,17,Reliance,Debit Card,Success
509633,101761,2028-08-12 19:27:00,ATM Withdrawal,32623.33,30,DMart,Credit Card,Success
509634,101778,2028-08-18 07:26:00,Online Transfer,38454.34,43,Netflix,Net Banking,Success
509635,101795,2028-08-23 19:25:00,Cash Withdrawal,44285.35,6,PhonePe,ATM,Success
509636,101812,2028-08-29 07:24:00,Deposit,216.36,19,Google Pay,UPI,Success
509637,101829,2028-09-03 19:23:00,UPI,6047.37,32,Amazon,Debit Card,Success
509638,101846,2028-09-09 07:22:00,Card Payment,11878.38,45,Flipkart,Credit Card,Success
509639,101863,2028-09-14 19:21:00,ATM Withdrawal,17709.39,8,Swiggy,Net Banking,Success
509640,101880,2028-09-20 07:20:00,Online Transfer,23540.4,21,Zomato,ATM,Success
509641,101897,2028-09-25 19:19:00,Cash Withdrawal,29371.41,34,Myntra,UPI,Success
509642,101914,2028-10-01 07:18:00,Deposit,35202.42,47,Uber,Debit Card,Success
509643,101931,2028-10-06 19:17:00,UPI,41033.43,10,IRCTC,Credit Card,Success
509644,101948,2028-10-12 07:16:00,Card Payment,46864.44,23,Reliance,Net Banking,Success
509645,101965,2028-10-17 19:15:00,ATM Withdrawal,2795.45,36,DMart,ATM,Success
509646,101982,2028-10-23 07:14:00,Online Transfer,8626.46,49,Netflix,UPI,Success
509647,101999,2028-10-28 19:13:00,Cash Withdrawal,14457.47,12,PhonePe,Debit Card,Success
509648,102016,2028-11-03 07:12:00,Deposit,20288.48,25,Google Pay,Credit Card,Pending
509649,102033,2028-11-08 19:11:00,UPI,26119.49,38,Amazon,Net Banking,Success
509650,102050,2028-11-14 07:10:00,Card Payment,31950.5,1,Flipkart,ATM,Success
509651,102067,2028-11-19 19:09:00,ATM Withdrawal,37781.51,14,Swiggy,UPI,Success
509652,102084,2028-11-25 07:08:00,Online Transfer,555612.0,27,Zomato,Debit Card,Success
509653,102101,2028-11-30 19:07:00,Cash Withdrawal,49443.53,40,Myntra,Credit Card,Success
509654,102118,2028-12-06 07:06:00,Deposit,5374.54,3,Uber,Net Banking,Success
509655,102135,2028-12-11 19:05:00,UPI,11205.55,16,IRCTC,ATM,Success
509656,102152,2028-12-17 07:04:00,Card Payment,17036.56,29,Reliance,UPI,Success
509657,102169,2028-12-22 19:03:00,ATM Withdrawal,22867.57,42,DMart,Debit Card,Success
509658,102186,2028-12-28 07:02:00,Online Transfer,28698.58,5,Netflix,Credit Card,Success
509659,102203,2029-01-02 19:01:00,Cash Withdrawal,34529.59,18,PhonePe,Net Banking,Success
509660,102220,2029-01-08 07:00:00,Deposit,40360.6,31,Google Pay,ATM,Success
509661,102237,2029-01-13 18:59:00,UPI,46191.61,44,Amazon,UPI,Success
509662,102254,2029-01-19 06:58:00,Card Payment,2122.62,7,Flipkart,Debit Card,Success
509663,102271,2029-01-24 18:57:00,ATM Withdrawal,7953.63,20,Swiggy,Credit Card,Success
509664,102288,2029-01-30 06:56:00,Online Transfer,13784.64,33,Zomato,Net Banking,Success
509665,102305,2029-02-04 18:55:00,Cash Withdrawal,19615.65,46,Myntra,ATM,Success
509666,102322,2029-02-10 06:54:00,Deposit,25446.66,9,Uber,UPI,Success
509667,102339,2029-02-15 18:53:00,UPI,31277.67,22,IRCTC,Debit Card,Success
509668,102356,2029-02-21 06:52:00,Card Payment,37108.68,35,Reliance,Credit Card,Success
509669,102373,2029-02-26 18:51:00,ATM Withdrawal,42939.69,48,DMart,Net Banking,Success
509670,102390,2029-03-04 06:50:00,Online Transfer,48770.7,11,Netflix,ATM,Success
509671,102407,2029-03-09 18:49:00,Cash Withdrawal,4701.71,24,PhonePe,UPI,Success
509672,102424,2029-03-15 06:48:00,Deposit,10532.72,37,Google Pay,Debit Card,Success
509673,102441,2029-03-20 18:47:00,UPI,16363.73,50,Amazon,Credit Card,Success
509674,102458,2029-03-26 06:46:00,Card Payment,22194.74,13,Flipkart,Net Banking,Success
509675,102475,2029-03-31 18:45:00,ATM Withdrawal,28025.75,26,Swiggy,ATM,Success
509676,102492,2029-04-06 06:44:00,Online Transfer,33856.76,39,Zomato,UPI,Success
509677,102509,2029-04-11 18:43:00,Cash Withdrawal,39687.77,2,Myntra,Debit Card,Success
509678,102526,2029-04-17 06:42:00,Deposit,45518.78,15,Uber,Credit Card,Success
509679,102543,2029-04-22 18:41:00,UPI,1449.79,28,IRCTC,Net Banking,Success
509680,102560,2029-04-28 06:40:00,Card Payment,7280.8,41,Reliance,ATM,Success
509681,102577,2029-05-03 18:39:00,ATM Withdrawal,13111.81,4,DMart,UPI,Success
509682,102594,2029-05-09 06:38:00,Online Transfer,18942.82,17,Netflix,Debit Card,Success
509683,102611,2029-05-14 18:37:00,Cash Withdrawal,24773.83,30,PhonePe,Credit Card,Success
509684,102628,2029-05-20 06:36:00,Deposit,30604.84,43,Google Pay,Net Banking,Success
509685,102645,2029-05-25 18:35:00,UPI,36435.85,6,Amazon,ATM,Success
509686,102662,2029-05-31 06:34:00,Card Payment,42266.86,19,Flipkart,UPI,Success
509687,102679,2029-06-05 18:33:00,ATM Withdrawal,48097.87,32,Swiggy,Debit Card,Success
509688,102696,2029-06-11 06:32:00,Online Transfer,4028.88,45,Zomato,Credit Card,Success
509689,102713,2029-06-16 18:31:00,Cash Withdrawal,9859.89,8,Myntra,Net Banking,Success
509690,102730,2029-06-22 06:30:00,Deposit,15690.9,21,Uber,ATM,Success
509691,102747,2029-06-27 18:29:00,UPI,21521.91,34,IRCTC,UPI,Success
509692,102764,2029-07-03 06:28:00,Card Payment,27352.92,47,Reliance,Debit Card,Success
509693,102781,2029-07-08 18:27:00,ATM Withdrawal,33183.93,10,DMart,Credit Card,Success
509694,102798,2029-07-14 06:26:00,Online Transfer,39014.94,23,Netflix,Net Banking,Success
509695,102815,2029-07-19 18:25:00,Cash Withdrawal,44845.95,36,PhonePe,ATM,Success
509696,102832,2029-07-25 06:24:00,Deposit,776.96,49,Google Pay,UPI,Success
509697,102849,2029-07-30 18:23:00,UPI,6607.97,12,Amazon,Debit Card,Success
509698,102866,2029-08-05 06:22:00,Card Payment,12438.98,25,Flipkart,Credit Card,Success
509699,102883,2029-08-10 18:21:00,ATM Withdrawal,18269.99,38,Swiggy,Net Banking,Success
509700,102900,2029-08-16 06:20:00,Online Transfer,24100.0,1,Zomato,ATM,Success
509701,102917,2029-08-21 18:19:00,Cash Withdrawal,314719.0,14,Myntra,UPI,Success
509702,102934,2029-08-27 06:18:00,Deposit,35762.02,27,Uber,Debit Card,Success
509703,102951,2029-09-01 18:17:00,UPI,41593.03,40,IRCTC,Credit Card,Success
509704,102968,2029-09-07 06:16:00,Card Payment,47424.04,3,Reliance,Net Banking,Success
509705,102985,2029-09-12 18:15:00,ATM Withdrawal,3355.05,16,DMart,ATM,Success
509706,100002,2029-09-18 06:14:00,Online Transfer,9186.06,29,Netflix,UPI,Success
509707,100019,2029-09-23 18:13:00,Cash Withdrawal,15017.07,42,PhonePe,Debit Card,Success
509708,100036,2029-09-29 06:12:00,Deposit,20848.08,5,Google Pay,Credit Card,Success
509709,100053,2029-10-04 18:11:00,UPI,26679.09,18,Amazon,Net Banking,Success
509710,100070,2029-10-10 06:10:00,Card Payment,32510.1,31,Flipkart,ATM,Success
509711,100087,2029-10-15 18:09:00,ATM Withdrawal,38341.11,44,Swiggy,UPI,Success
509712,100104,2029-10-21 06:08:00,Online Transfer,44172.12,7,Zomato,Debit Card,Success
509713,100121,2029-10-26 18:07:00,Cash Withdrawal,103.13,20,Myntra,Credit Card,Success
509714,100138,2029-11-01 06:06:00,Deposit,5934.14,33,Uber,Net Banking,Success
509715,100155,2029-11-06 18:05:00,UPI,11765.15,46,IRCTC,ATM,Pending
509716,100172,2029-11-12 06:04:00,Card Payment,17596.16,9,Reliance,UPI,Success
509717,100189,2029-11-17 18:03:00,ATM Withdrawal,23427.17,22,DMart,Debit Card,Success
509718,100206,2029-11-23 06:02:00,Online Transfer,29258.18,35,Netflix,Credit Card,Failed
509719,100223,2029-11-28 18:01:00,Cash Withdrawal,35089.19,48,PhonePe,Net Banking,Success
509720,100240,2029-12-04 06:00:00,Deposit,40920.2,11,Google Pay,ATM,Success
509721,100257,2029-12-09 17:59:00,UPI,46751.21,24,Amazon,UPI,Success
509722,100274,2029-12-15 05:58:00,Card Payment,2682.22,37,Flipkart,Debit Card,Success
509723,100291,2029-12-20 17:57:00,ATM Withdrawal,8513.23,50,Swiggy,Credit Card,Success
509724,100308,2029-12-26 05:56:00,Online Transfer,14344.24,13,Zomato,Net Banking,Success
509725,100325,2029-12-31 17:55:00,Cash Withdrawal,20175.25,26,Myntra,ATM,Success
509726,100342,2030-01-06 05:54:00,Deposit,26006.26,39,Uber,UPI,Success
509727,100359,2030-01-11 17:53:00,UPI,31837.27,2,IRCTC,Debit Card,Success
509728,100376,2030-01-17 05:52:00,Card Payment,37668.28,15,Reliance,Credit Card,Success
509729,100393,2030-01-22 17:51:00,ATM Withdrawal,43499.29,28,DMart,Net Banking,Success
509730,100410,2030-01-28 05:50:00,Online Transfer,49330.3,41,Netflix,ATM,Success
509731,100427,2030-02-02 17:49:00,Cash Withdrawal,5261.31,4,PhonePe,UPI,Success
509732,100444,2030-02-08 05:48:00,Deposit,11092.32,17,Google Pay,Debit Card,Success
509733,100461,2030-02-13 17:47:00,UPI,16923.33,30,Amazon,Credit Card,Success
509734,100478,2030-02-19 05:46:00,Card Payment,22754.34,43,Flipkart,Net Banking,Success
509735,100495,2030-02-24 17:45:00,ATM Withdrawal,28585.35,6,Swiggy,ATM,Success
509736,100512,2030-03-02 05:44:00,Online Transfer,34416.36,19,Zomato,UPI,Success
509737,100529,2030-03-07 17:43:00,Cash Withdrawal,40247.37,32,Myntra,Debit Card,Success
509738,100546,2026-01-03 05:42:00,Deposit,46078.38,45,Uber,Credit Card,Success
509739,100563,2026-01-08 17:41:00,UPI,2009.39,8,IRCTC,Net Banking,Success
509740,100580,2026-01-14 05:40:00,Card Payment,7840.4,21,Reliance,ATM,Success
509741,100597,2026-01-19 17:39:00,ATM Withdrawal,13671.41,34,DMart,UPI,Success
509742,100614,2026-01-25 05:38:00,Online Transfer,19502.42,47,Netflix,Debit Card,Success
509743,100631,2026-01-30 17:37:00,Cash Withdrawal,25333.43,10,PhonePe,Credit Card,Success
509744,100648,2026-02-05 05:36:00,Deposit,31164.44,23,Google Pay,Net Banking,Success
509745,100665,2026-02-10 17:35:00,UPI,36995.45,36,Amazon,ATM,Success
509746,100682,2026-02-16 05:34:00,Card Payment,42826.46,49,Flipkart,UPI,Success
509747,100699,2026-02-21 17:33:00,ATM Withdrawal,48657.47,12,Swiggy,Debit Card,Success
509748,100716,2026-02-27 05:32:00,Online Transfer,4588.48,25,Zomato,Credit Card,Success
509749,100733,2026-03-04 17:31:00,Cash Withdrawal,10419.49,38,Myntra,Net Banking,Success
509750,100750,2026-03-10 05:30:00,Deposit,16250.5,1,Uber,ATM,Success
509751,100767,2026-03-15 17:29:00,UPI,22081.51,14,IRCTC,UPI,Success
509752,100784,2026-03-21 05:28:00,Card Payment,27912.52,27,Reliance,Debit Card,Success
509753,100801,2026-03-26 17:27:00,ATM Withdrawal,33743.53,40,DMart,Credit Card,Success
509754,100818,2026-04-01 05:26:00,Online Transfer,39574.54,3,Netflix,Net Banking,Success
509755,100835,2026-04-06 17:25:00,Cash Withdrawal,45405.55,16,PhonePe,ATM,Success
509756,100852,2026-04-12 05:24:00,Deposit,1336.56,29,Google Pay,UPI,Success
509757,100869,2026-04-17 17:23:00,UPI,7167.57,42,Amazon,Debit Card,Success
509758,100886,2026-04-23 05:22:00,Card Payment,12998.58,5,Flipkart,Credit Card,Success
509759,100903,2026-04-28 17:21:00,ATM Withdrawal,18829.59,18,Swiggy,Net Banking,Success
509760,100920,2026-05-04 05:20:00,Online Transfer,24660.6,31,Zomato,ATM,Success
509761,100937,2026-05-09 17:19:00,Cash Withdrawal,30491.61,44,Myntra,UPI,Success
509762,100954,2026-05-15 05:18:00,Deposit,36322.62,7,Uber,Debit Card,Success
509763,100971,2026-05-20 17:17:00,UPI,42153.63,20,IRCTC,Credit Card,Success
509764,100988,2026-05-26 05:16:00,Card Payment,47984.64,33,Reliance,Net Banking,Success
509765,101005,2026-05-31 17:15:00,ATM Withdrawal,3915.65,46,DMart,ATM,Success
509766,101022,2026-06-06 05:14:00,Online Transfer,9746.66,9,Netflix,UPI,Success
509767,101039,2026-06-11 17:13:00,Cash Withdrawal,15577.67,22,PhonePe,Debit Card,Success
509768,101056,2026-06-17 05:12:00,Deposit,21408.68,35,Google Pay,Credit Card,Success
509769,101073,2026-06-22 17:11:00,UPI,27239.69,48,Amazon,Net Banking,Success
509770,101090,2026-06-28 05:10:00,Card Payment,33070.7,11,Flipkart,ATM,Success
509771,101107,2026-07-03 17:09:00,ATM Withdrawal,38901.71,24,Swiggy,UPI,Success
509772,101124,2026-07-09 05:08:00,Online Transfer,44732.72,37,Zomato,Debit Card,Success
509773,101141,2026-07-14 17:07:00,Cash Withdrawal,663.73,50,Myntra,Credit Card,Success
509774,101158,2026-07-20 05:06:00,Deposit,6494.74,13,Uber,Net Banking,Success
509775,101175,2026-07-25 17:05:00,UPI,12325.75,26,IRCTC,ATM,Success
509776,101192,2026-07-31 05:04:00,Card Payment,18156.76,39,Reliance,UPI,Success
509777,101209,2026-08-05 17:03:00,ATM Withdrawal,23987.77,2,DMart,Debit Card,Success
509778,101226,2026-08-11 05:02:00,Online Transfer,29818.78,15,Netflix,Credit Card,Success
509779,101243,2026-08-16 17:01:00,Cash Withdrawal,648449.0,28,PhonePe,Net Banking,Success
509780,101260,2026-08-22 05:00:00,Deposit,41480.8,41,Google Pay,ATM,Success
509781,101277,2026-08-27 16:59:00,UPI,47311.81,4,Amazon,UPI,Success
509782,101294,2026-09-02 04:58:00,Card Payment,3242.82,17,Flipkart,Debit Card,Pending
509783,101311,2026-09-07 16:57:00,ATM Withdrawal,9073.83,30,Swiggy,Credit Card,Success
509784,101328,2026-09-13 04:56:00,Online Transfer,14904.84,43,Zomato,Net Banking,Success
509785,101345,2026-09-18 16:55:00,Cash Withdrawal,20735.85,6,Myntra,ATM,Success
509786,101362,2026-09-24 04:54:00,Deposit,26566.86,19,Uber,UPI,Success
509787,101379,2026-09-29 16:53:00,UPI,32397.87,32,IRCTC,Debit Card,Success
509788,101396,2026-10-05 04:52:00,Card Payment,38228.88,45,Reliance,Credit Card,Success
509789,101413,2026-10-10 16:51:00,ATM Withdrawal,44059.89,8,DMart,Net Banking,Success
509790,101430,2026-10-16 04:50:00,Online Transfer,352010.0,21,Netflix,ATM,Success
509791,101447,2026-10-21 16:49:00,Cash Withdrawal,5821.91,34,PhonePe,UPI,Success
509792,101464,2026-10-27 04:48:00,Deposit,11652.92,47,Google Pay,Debit Card,Success
509793,101481,2026-11-01 16:47:00,UPI,17483.93,10,Amazon,Credit Card,Success
509794,101498,2026-11-07 04:46:00,Card Payment,23314.94,23,Flipkart,Net Banking,Success
509795,101515,2026-11-12 16:45:00,ATM Withdrawal,29145.95,36,Swiggy,ATM,Success
509796,101532,2026-11-18 04:44:00,Online Transfer,34976.96,49,Zomato,UPI,Success
509797,101549,2026-11-23 16:43:00,Cash Withdrawal,40807.97,12,Myntra,Debit Card,Success
509798,101566,2026-11-29 04:42:00,Deposit,46638.98,25,Uber,Credit Card,Success
509799,101583,2026-12-04 16:41:00,UPI,2569.99,38,IRCTC,Net Banking,Success
509800,101600,2026-12-10 04:40:00,Card Payment,8400.0,1,Reliance,ATM,Success
509801,101617,2026-12-15 16:39:00,ATM Withdrawal,14231.01,14,DMart,UPI,Success
509802,101634,2026-12-21 04:38:00,Online Transfer,20062.02,27,Netflix,Debit Card,Success
509803,101651,2026-12-26 16:37:00,Cash Withdrawal,25893.03,40,PhonePe,Credit Card,Success
509804,101668,2027-01-01 04:36:00,Deposit,31724.04,3,Google Pay,Net Banking,Success
509805,101685,2027-01-06 16:35:00,UPI,37555.05,16,Amazon,ATM,Success
509806,101702,2027-01-12 04:34:00,Card Payment,43386.06,29,Flipkart,UPI,Success
509807,101719,2027-01-17 16:33:00,ATM Withdrawal,49217.07,42,Swiggy,Debit Card,Success
509808,101736,2027-01-23 04:32:00,Online Transfer,5148.08,5,Zomato,Credit Card,Success
509809,101753,2027-01-28 16:31:00,Cash Withdrawal,10979.09,18,Myntra,Net Banking,Success
509810,101770,2027-02-03 04:30:00,Deposit,16810.1,31,Uber,ATM,Success
509811,101787,2027-02-08 16:29:00,UPI,22641.11,44,IRCTC,UPI,Success
509812,101804,2027-02-14 04:28:00,Card Payment,28472.12,7,Reliance,Debit Card,Success
509813,101821,2027-02-19 16:27:00,ATM Withdrawal,34303.13,20,DMart,Credit Card,Success
509814,101838,2027-02-25 04:26:00,Online Transfer,40134.14,33,Netflix,Net Banking,Success
509815,101855,2027-03-02 16:25:00,Cash Withdrawal,45965.15,46,PhonePe,ATM,Success
509816,101872,2027-03-08 04:24:00,Deposit,1896.16,9,Google Pay,UPI,Success
509817,101889,2027-03-13 16:23:00,UPI,7727.17,22,Amazon,Debit Card,Success
509818,101906,2027-03-19 04:22:00,Card Payment,13558.18,35,Flipkart,Credit Card,Success
509819,101923,2027-03-24 16:21:00,ATM Withdrawal,19389.19,48,Swiggy,Net Banking,Success
509820,101940,2027-03-30 04:20:00,Online Transfer,25220.2,11,Zomato,ATM,Success
509821,101957,2027-04-04 16:19:00,Cash Withdrawal,31051.21,24,Myntra,UPI,Success
509822,101974,2027-04-10 04:18:00,Deposit,36882.22,37,Uber,Debit Card,Success
509823,101991,2027-04-15 16:17:00,UPI,42713.23,50,IRCTC,Credit Card,Success
509824,102008,2027-04-21 04:16:00,Card Payment,48544.24,13,Reliance,Net Banking,Success
509825,102025,2027-04-26 16:15:00,ATM Withdrawal,4475.25,26,DMart,ATM,Success
509826,102042,2027-05-02 04:14:00,Online Transfer,10306.26,39,Netflix,UPI,Success
509827,102059,2027-05-07 16:13:00,Cash Withdrawal,16137.27,2,PhonePe,Debit Card,Success
509828,102076,2027-05-13 04:12:00,Deposit,21968.28,15,Google Pay,Credit Card,Success
509829,102093,2027-05-18 16:11:00,UPI,27799.29,28,Amazon,Net Banking,Success
509830,102110,2027-05-24 04:10:00,Card Payment,33630.3,41,Flipkart,ATM,Success
509831,102127,2027-05-29 16:09:00,ATM Withdrawal,39461.31,4,Swiggy,UPI,Failed
509832,102144,2027-06-04 04:08:00,Online Transfer,45292.32,17,Zomato,Debit Card,Success
509833,102161,2027-06-09 16:07:00,Cash Withdrawal,1223.33,30,Myntra,Credit Card,Success
509834,102178,2027-06-15 04:06:00,Deposit,7054.34,43,Uber,Net Banking,Success
509835,102195,2027-06-20 16:05:00,UPI,12885.35,6,IRCTC,ATM,Success
509836,102212,2027-06-26 04:04:00,Card Payment,18716.36,19,Reliance,UPI,Success
509837,102229,2027-07-01 16:03:00,ATM Withdrawal,24547.37,32,DMart,Debit Card,Success
509838,102246,2027-07-07 04:02:00,Online Transfer,30378.38,45,Netflix,Credit Card,Success
509839,102263,2027-07-12 16:01:00,Cash Withdrawal,36209.39,8,PhonePe,Net Banking,Success
509840,102280,2027-07-18 04:00:00,Deposit,42040.4,21,Google Pay,ATM,Success
509841,102297,2027-07-23 15:59:00,UPI,47871.41,34,Amazon,UPI,Success
509842,102314,2027-07-29 03:58:00,Card Payment,3802.42,47,Flipkart,Debit Card,Success
509843,102331,2027-08-03 15:57:00,ATM Withdrawal,9633.43,10,Swiggy,Credit Card,Success
509844,102348,2027-08-09 03:56:00,Online Transfer,15464.44,23,Zomato,Net Banking,Success
509845,102365,2027-08-14 15:55:00,Cash Withdrawal,21295.45,36,Myntra,ATM,Success
509846,102382,2027-08-20 03:54:00,Deposit,27126.46,49,Uber,UPI,Success
509847,102399,2027-08-25 15:53:00,UPI,32957.47,12,IRCTC,Debit Card,Success
509848,102416,2027-08-31 03:52:00,Card Payment,38788.48,25,Reliance,Credit Card,Success
509849,102433,2027-09-05 15:51:00,ATM Withdrawal,44619.49,38,DMart,Net Banking,Pending
509850,102450,2027-09-11 03:50:00,Online Transfer,550.5,1,Netflix,ATM,Success
509851,102467,2027-09-16 15:49:00,Cash Withdrawal,6381.51,14,PhonePe,UPI,Success
509852,102484,2027-09-22 03:48:00,Deposit,12212.52,27,Google Pay,Debit Card,Success
509853,102501,2027-09-27 15:47:00,UPI,18043.53,40,Amazon,Credit Card,Success
509854,102518,2027-10-03 03:46:00,Card Payment,23874.54,3,Flipkart,Net Banking,Success
509855,102535,2027-10-08 15:45:00,ATM Withdrawal,29705.55,16,Swiggy,ATM,Success
509856,102552,2027-10-14 03:44:00,Online Transfer,35536.56,29,Zomato,UPI,Success
509857,102569,2027-10-19 15:43:00,Cash Withdrawal,41367.57,42,Myntra,Debit Card,Success
509858,102586,2027-10-25 03:42:00,Deposit,47198.58,5,Uber,Credit Card,Success
509859,102603,2027-10-30 15:41:00,UPI,3129.59,18,IRCTC,Net Banking,Success
509860,102620,2027-11-05 03:40:00,Card Payment,8960.6,31,Reliance,ATM,Success
509861,102637,2027-11-10 15:39:00,ATM Withdrawal,14791.61,44,DMart,UPI,Success
509862,102654,2027-11-16 03:38:00,Online Transfer,20622.62,7,Netflix,Debit Card,Success
509863,102671,2027-11-21 15:37:00,Cash Withdrawal,26453.63,20,PhonePe,Credit Card,Success
509864,102688,2027-11-27 03:36:00,Deposit,32284.64,33,Google Pay,Net Banking,Success
509865,102705,2027-12-02 15:35:00,UPI,38115.65,46,Amazon,ATM,Success
509866,102722,2027-12-08 03:34:00,Card Payment,43946.66,9,Flipkart,UPI,Success
509867,102739,2027-12-13 15:33:00,ATM Withdrawal,49777.67,22,Swiggy,Debit Card,Success
509868,102756,2027-12-19 03:32:00,Online Transfer,5708.68,35,Zomato,Credit Card,Success
509869,102773,2027-12-24 15:31:00,Cash Withdrawal,11539.69,48,Myntra,Net Banking,Success
509870,102790,2027-12-30 03:30:00,Deposit,17370.7,11,Uber,ATM,Success
509871,102807,2028-01-04 15:29:00,UPI,23201.71,24,IRCTC,UPI,Success
509872,102824,2028-01-10 03:28:00,Card Payment,29032.72,37,Reliance,Debit Card,Success
509873,102841,2028-01-15 15:27:00,ATM Withdrawal,34863.73,50,DMart,Credit Card,Success
509874,102858,2028-01-21 03:26:00,Online Transfer,40694.74,13,Netflix,Net Banking,Success
509875,102875,2028-01-26 15:25:00,Cash Withdrawal,46525.75,26,PhonePe,ATM,Success
509876,102892,2028-02-01 03:24:00,Deposit,2456.76,39,Google Pay,UPI,Success
509877,102909,2028-02-06 15:23:00,UPI,8287.77,2,Amazon,Debit Card,Success
509878,102926,2028-02-12 03:22:00,Card Payment,14118.78,15,Flipkart,Credit Card,Success
509879,102943,2028-02-17 15:21:00,ATM Withdrawal,389301.0,28,Swiggy,Net Banking,Success
509880,102960,2028-02-23 03:20:00,Online Transfer,25780.8,41,Zomato,ATM,Success
509881,102977,2028-02-28 15:19:00,Cash Withdrawal,31611.81,4,Myntra,UPI,Success
509882,102994,2028-03-05 03:18:00,Deposit,37442.82,17,Uber,Debit Card,Success
509883,100011,2028-03-10 15:17:00,UPI,43273.83,30,IRCTC,Credit Card,Success
509884,100028,2028-03-16 03:16:00,Card Payment,49104.84,43,Reliance,Net Banking,Success
509885,100045,2028-03-21 15:15:00,ATM Withdrawal,5035.85,6,DMart,ATM,Success
509886,100062,2028-03-27 03:14:00,Online Transfer,10866.86,19,Netflix,UPI,Success
509887,100079,2028-04-01 15:13:00,Cash Withdrawal,16697.87,32,PhonePe,Debit Card,Success
509888,100096,2028-04-07 03:12:00,Deposit,22528.88,45,Google Pay,Credit Card,Success
509889,100113,2028-04-12 15:11:00,UPI,28359.89,8,Amazon,Net Banking,Success
509890,100130,2028-04-18 03:10:00,Card Payment,34190.9,21,Flipkart,ATM,Success
509891,100147,2028-04-23 15:09:00,ATM Withdrawal,40021.91,34,Swiggy,UPI,Success
509892,100164,2028-04-29 03:08:00,Online Transfer,45852.92,47,Zomato,Debit Card,Success
509893,100181,2028-05-04 15:07:00,Cash Withdrawal,1783.93,10,Myntra,Credit Card,Success
509894,100198,2028-05-10 03:06:00,Deposit,7614.94,23,Uber,Net Banking,Success
509895,100215,2028-05-15 15:05:00,UPI,13445.95,36,IRCTC,ATM,Success
509896,100232,2028-05-21 03:04:00,Card Payment,19276.96,49,Reliance,UPI,Success
509897,100249,2028-05-26 15:03:00,ATM Withdrawal,25107.97,12,DMart,Debit Card,Success
509898,100266,2028-06-01 03:02:00,Online Transfer,30938.98,25,Netflix,Credit Card,Success
509899,100283,2028-06-06 15:01:00,Cash Withdrawal,36769.99,38,PhonePe,Net Banking,Success
509900,100300,2028-06-12 03:00:00,Deposit,42600.0,1,Google Pay,ATM,Success
509901,100317,2028-06-17 14:59:00,UPI,48431.01,14,Amazon,UPI,Success
509902,100334,2028-06-23 02:58:00,Card Payment,4362.02,27,Flipkart,Debit Card,Success
509903,100351,2028-06-28 14:57:00,ATM Withdrawal,10193.03,40,Swiggy,Credit Card,Success
509904,100368,2028-07-04 02:56:00,Online Transfer,16024.04,3,Zomato,Net Banking,Success
509905,100385,2028-07-09 14:55:00,Cash Withdrawal,21855.05,16,Myntra,ATM,Success
509906,100402,2028-07-15 02:54:00,Deposit,741286.0,29,Uber,UPI,Success
509907,100419,2028-07-20 14:53:00,UPI,33517.07,42,IRCTC,Debit Card,Success
509908,100436,2028-07-26 02:52:00,Card Payment,39348.08,5,Reliance,Credit Card,Success
509909,100453,2028-07-31 14:51:00,ATM Withdrawal,45179.09,18,DMart,Net Banking,Success
509910,100470,2028-08-06 02:50:00,Online Transfer,1110.1,31,Netflix,ATM,Success
509911,100487,2028-08-11 14:49:00,Cash Withdrawal,6941.11,44,PhonePe,UPI,Success
509912,100504,2028-08-17 02:48:00,Deposit,12772.12,7,Google Pay,Debit Card,Success
509913,100521,2028-08-22 14:47:00,UPI,18603.13,20,Amazon,Credit Card,Success
509914,100538,2028-08-28 02:46:00,Card Payment,24434.14,33,Flipkart,Net Banking,Success
509915,100555,2028-09-02 14:45:00,ATM Withdrawal,30265.15,46,Swiggy,ATM,Success
509916,100572,2028-09-08 02:44:00,Online Transfer,36096.16,9,Zomato,UPI,Pending
509917,100589,2028-09-13 14:43:00,Cash Withdrawal,41927.17,22,Myntra,Debit Card,Success
509918,100606,2028-09-19 02:42:00,Deposit,47758.18,35,Uber,Credit Card,Success
509919,100623,2028-09-24 14:41:00,UPI,3689.19,48,IRCTC,Net Banking,Success
509920,100640,2028-09-30 02:40:00,Card Payment,9520.2,11,Reliance,ATM,Success
509921,100657,2028-10-05 14:39:00,ATM Withdrawal,15351.21,24,DMart,UPI,Success
509922,100674,2028-10-11 02:38:00,Online Transfer,21182.22,37,Netflix,Debit Card,Success
509923,100691,2028-10-16 14:37:00,Cash Withdrawal,27013.23,50,PhonePe,Credit Card,Success
509924,100708,2028-10-22 02:36:00,Deposit,32844.24,13,Google Pay,Net Banking,Success
509925,100725,2028-10-27 14:35:00,UPI,38675.25,26,Amazon,ATM,Success
509926,100742,2028-11-02 02:34:00,Card Payment,44506.26,39,Flipkart,UPI,Success
509927,100759,2028-11-07 14:33:00,ATM Withdrawal,437.27,2,Swiggy,Debit Card,Success
509928,100776,2028-11-13 02:32:00,Online Transfer,6268.28,15,Zomato,Credit Card,Success
509929,100793,2028-11-18 14:31:00,Cash Withdrawal,12099.29,28,Myntra,Net Banking,Success
509930,100810,2028-11-24 02:30:00,Deposit,17930.3,41,Uber,ATM,Success
509931,100827,2028-11-29 14:29:00,UPI,23761.31,4,IRCTC,UPI,Success
509932,100844,2028-12-05 02:28:00,Card Payment,29592.32,17,Reliance,Debit Card,Success
509933,100861,2028-12-10 14:27:00,ATM Withdrawal,35423.33,30,DMart,Credit Card,Success
509934,100878,2028-12-16 02:26:00,Online Transfer,41254.34,43,Netflix,Net Banking,Success
509935,100895,2028-12-21 14:25:00,Cash Withdrawal,47085.35,6,PhonePe,ATM,Success
509936,100912,2028-12-27 02:24:00,Deposit,3016.36,19,Google Pay,UPI,Success
509937,100929,2029-01-01 14:23:00,UPI,8847.37,32,Amazon,Debit Card,Success
509938,100946,2029-01-07 02:22:00,Card Payment,14678.38,45,Flipkart,Credit Card,Success
509939,100963,2029-01-12 14:21:00,ATM Withdrawal,20509.39,8,Swiggy,Net Banking,Success
509940,100980,2029-01-18 02:20:00,Online Transfer,26340.4,21,Zomato,ATM,Success
509941,100997,2029-01-23 14:19:00,Cash Withdrawal,32171.41,34,Myntra,UPI,Success
509942,101014,2029-01-29 02:18:00,Deposit,38002.42,47,Uber,Debit Card,Success
509943,101031,2029-02-03 14:17:00,UPI,43833.43,10,IRCTC,Credit Card,Success
509944,101048,2029-02-09 02:16:00,Card Payment,49664.44,23,Reliance,Net Banking,Failed
509945,101065,2029-02-14 14:15:00,ATM Withdrawal,5595.45,36,DMart,ATM,Success
509946,101082,2029-02-20 02:14:00,Online Transfer,11426.46,49,Netflix,UPI,Success
509947,101099,2029-02-25 14:13:00,Cash Withdrawal,17257.47,12,PhonePe,Debit Card,Success
509948,101116,2029-03-03 02:12:00,Deposit,23088.48,25,Google Pay,Credit Card,Success
509949,101133,2029-03-08 14:11:00,UPI,28919.49,38,Amazon,Net Banking,Success
509950,101150,2029-03-14 02:10:00,Card Payment,34750.5,1,Flipkart,ATM,Success
509951,101167,2029-03-19 14:09:00,ATM Withdrawal,40581.51,14,Swiggy,UPI,Success
509952,101184,2029-03-25 02:08:00,Online Transfer,46412.52,27,Zomato,Debit Card,Success
509953,101201,2029-03-30 14:07:00,Cash Withdrawal,2343.53,40,Myntra,Credit Card,Success
509954,101218,2029-04-05 02:06:00,Deposit,8174.54,3,Uber,Net Banking,Success
509955,101235,2029-04-10 14:05:00,UPI,14005.55,16,IRCTC,ATM,Success
509956,101252,2029-04-16 02:04:00,Card Payment,19836.56,29,Reliance,UPI,Success
509957,101269,2029-04-21 14:03:00,ATM Withdrawal,25667.57,42,DMart,Debit Card,Success
509958,101286,2029-04-27 02:02:00,Online Transfer,31498.58,5,Netflix,Credit Card,Success
509959,101303,2029-05-02 14:01:00,Cash Withdrawal,37329.59,18,PhonePe,Net Banking,Success
509960,101320,2029-05-08 02:00:00,Deposit,43160.6,31,Google Pay,ATM,Success
509961,101337,2029-05-13 13:59:00,UPI,48991.61,44,Amazon,UPI,Success
509962,101354,2029-05-19 01:58:00,Card Payment,4922.62,7,Flipkart,Debit Card,Success
509963,101371,2029-05-24 13:57:00,ATM Withdrawal,10753.63,20,Swiggy,Credit Card,Success
509964,101388,2029-05-30 01:56:00,Online Transfer,16584.64,33,Zomato,Net Banking,Success
509965,101405,2029-06-04 13:55:00,Cash Withdrawal,22415.65,46,Myntra,ATM,Success
509966,101422,2029-06-10 01:54:00,Deposit,28246.66,9,Uber,UPI,Success
509967,101439,2029-06-15 13:53:00,UPI,34077.67,22,IRCTC,Debit Card,Success
509968,101456,2029-06-21 01:52:00,Card Payment,426592.0,35,Reliance,Credit Card,Success
509969,101473,2029-06-26 13:51:00,ATM Withdrawal,45739.69,48,DMart,Net Banking,Success
509970,101490,2029-07-02 01:50:00,Online Transfer,1670.7,11,Netflix,ATM,Success
509971,101507,2029-07-07 13:49:00,Cash Withdrawal,7501.71,24,PhonePe,UPI,Success
509972,101524,2029-07-13 01:48:00,Deposit,13332.72,37,Google Pay,Debit Card,Success
509973,101541,2029-07-18 13:47:00,UPI,19163.73,50,Amazon,Credit Card,Success
509974,101558,2029-07-24 01:46:00,Card Payment,24994.74,13,Flipkart,Net Banking,Success
509975,101575,2029-07-29 13:45:00,ATM Withdrawal,30825.75,26,Swiggy,ATM,Success
509976,101592,2029-08-04 01:44:00,Online Transfer,36656.76,39,Zomato,UPI,Success
509977,101609,2029-08-09 13:43:00,Cash Withdrawal,42487.77,2,Myntra,Debit Card,Success
509978,101626,2029-08-15 01:42:00,Deposit,48318.78,15,Uber,Credit Card,Success
509979,101643,2029-08-20 13:41:00,UPI,4249.79,28,IRCTC,Net Banking,Success
509980,101660,2029-08-26 01:40:00,Card Payment,10080.8,41,Reliance,ATM,Success
509981,101677,2029-08-31 13:39:00,ATM Withdrawal,15911.81,4,DMart,UPI,Success
509982,101694,2029-09-06 01:38:00,Online Transfer,21742.82,17,Netflix,Debit Card,Success
509983,101711,2029-09-11 13:37:00,Cash Withdrawal,27573.83,30,PhonePe,Credit Card,Pending
509984,101728,2029-09-17 01:36:00,Deposit,33404.84,43,Google Pay,Net Banking,Success
509985,101745,2029-09-22 13:35:00,UPI,39235.85,6,Amazon,ATM,Success
509986,101762,2029-09-28 01:34:00,Card Payment,45066.86,19,Flipkart,UPI,Success
509987,101779,2029-10-03 13:33:00,ATM Withdrawal,997.87,32,Swiggy,Debit Card,Success
509988,101796,2029-10-09 01:32:00,Online Transfer,6828.88,45,Zomato,Credit Card,Success
509989,101813,2029-10-14 13:31:00,Cash Withdrawal,12659.89,8,Myntra,Net Banking,Success
509990,101830,2029-10-20 01:30:00,Deposit,18490.9,21,Uber,ATM,Success
509991,101847,2029-10-25 13:29:00,UPI,24321.91,34,IRCTC,UPI,Success
509992,101864,2029-10-31 01:28:00,Card Payment,30152.92,47,Reliance,Debit Card,Success
509993,101881,2029-11-05 13:27:00,ATM Withdrawal,35983.93,10,DMart,Credit Card,Success
509994,101898,2029-11-11 01:26:00,Online Transfer,41814.94,23,Netflix,Net Banking,Success
509995,101915,2029-11-16 13:25:00,Cash Withdrawal,47645.95,36,PhonePe,ATM,Success
509996,101932,2029-11-22 01:24:00,Deposit,3576.96,49,Google Pay,UPI,Success
509997,101949,2029-11-27 13:23:00,UPI,9407.97,12,Amazon,Debit Card,Success
509998,101966,2029-12-03 01:22:00,Card Payment,15238.98,25,Flipkart,Credit Card,Success
509999,101983,2029-12-08 13:21:00,ATM Withdrawal,21069.99,38,Swiggy,Net Banking,Success
510000,102000,2029-12-14 01:20:00,Online Transfer,26900.0,1,Zomato,ATM,Success
